"","ID","Date","Home","Away","Winner","Draw-1","Draw-2"
"1",947742,1992-08-15,"Chelsea","Oldham",NA,"Chelsea","Oldham"
"2",947760,1992-08-15,"Coventry","Middlesbrough","Coventry",NA,NA
"3",947772,1992-08-15,"Crystal Palace","Blackburn",NA,"Crystal Palace","Blackburn"
"4",948033,1992-08-15,"Sheffield United","Manchester United","Sheffield United",NA,NA
"5",947808,1992-08-15,"Everton","Sheffield Weds",NA,"Everton","Sheffield Weds"
"6",947813,1992-08-15,"Ipswich","Aston Villa",NA,"Ipswich","Aston Villa"
"7",948083,1992-08-15,"Southampton","Tottenham",NA,"Southampton","Tottenham"
"8",947853,1992-08-15,"Leeds","Wimbledon FC","Leeds",NA,NA
"9",947677,1992-08-15,"Arsenal","Norwich","Norwich",NA,NA
"10",947968,1992-08-16,"Nottingham Forest","Liverpool","Nottingham Forest",NA,NA
"11",947890,1992-08-17,"Manchester City","QPR",NA,"Manchester City","QPR"
"12",948113,1992-08-18,"Wimbledon FC","Ipswich","Ipswich",NA,NA
"13",947707,1992-08-18,"Blackburn","Arsenal","Blackburn",NA,NA
"14",947985,1992-08-19,"Oldham","Crystal Palace",NA,"Oldham","Crystal Palace"
"15",948019,1992-08-19,"QPR","Southampton","QPR",NA,NA
"16",948057,1992-08-19,"Sheffield Weds","Nottingham Forest","Sheffield Weds",NA,NA
"17",948089,1992-08-19,"Tottenham","Coventry","Coventry",NA,NA
"18",947870,1992-08-19,"Liverpool","Sheffield United","Liverpool",NA,NA
"19",947902,1992-08-19,"Manchester United","Everton","Everton",NA,NA
"20",947927,1992-08-19,"Middlesbrough","Manchester City","Middlesbrough",NA,NA
"21",947941,1992-08-19,"Norwich","Chelsea","Norwich",NA,NA
"22",947693,1992-08-19,"Aston Villa","Leeds",NA,"Aston Villa","Leeds"
"23",947716,1992-08-22,"Blackburn","Manchester City","Blackburn",NA,NA
"24",947994,1992-08-22,"Oldham","Nottingham Forest","Oldham",NA,NA
"25",948017,1992-08-22,"QPR","Sheffield United","QPR",NA,NA
"26",948046,1992-08-22,"Sheffield Weds","Chelsea",NA,"Sheffield Weds","Chelsea"
"27",948090,1992-08-22,"Tottenham","Crystal Palace",NA,"Tottenham","Crystal Palace"
"28",948110,1992-08-22,"Wimbledon FC","Coventry","Coventry",NA,NA
"29",947903,1992-08-22,"Manchester United","Ipswich",NA,"Manchester United","Ipswich"
"30",947925,1992-08-22,"Middlesbrough","Leeds","Middlesbrough",NA,NA
"31",947944,1992-08-22,"Norwich","Everton",NA,"Norwich","Everton"
"32",947704,1992-08-22,"Aston Villa","Southampton",NA,"Aston Villa","Southampton"
"33",947854,1992-08-23,"Liverpool","Arsenal","Arsenal",NA,NA
"34",948075,1992-08-24,"Southampton","Manchester United","Manchester United",NA,NA
"35",948042,1992-08-25,"Sheffield United","Wimbledon FC",NA,"Sheffield United","Wimbledon FC"
"36",947787,1992-08-25,"Crystal Palace","Sheffield Weds",NA,"Crystal Palace","Sheffield Weds"
"37",947792,1992-08-25,"Everton","Aston Villa","Everton",NA,NA
"38",947820,1992-08-25,"Ipswich","Liverpool",NA,"Ipswich","Liverpool"
"39",947852,1992-08-25,"Leeds","Tottenham","Leeds",NA,NA
"40",947730,1992-08-26,"Chelsea","Blackburn",NA,"Chelsea","Blackburn"
"41",947764,1992-08-26,"Coventry","QPR","QPR",NA,NA
"42",947887,1992-08-26,"Manchester City","Norwich","Manchester City",NA,NA
"43",947679,1992-08-26,"Arsenal","Oldham","Arsenal",NA,NA
"44",947970,1992-08-29,"Nottingham Forest","Manchester United","Manchester United",NA,NA
"45",947743,1992-08-29,"Chelsea","QPR","Chelsea",NA,NA
"46",947751,1992-08-29,"Coventry","Blackburn","Blackburn",NA,NA
"47",948023,1992-08-29,"Sheffield United","Aston Villa","Aston Villa",NA,NA
"48",947782,1992-08-29,"Crystal Palace","Norwich","Norwich",NA,NA
"49",947811,1992-08-29,"Everton","Wimbledon FC",NA,"Everton","Wimbledon FC"
"50",948076,1992-08-29,"Southampton","Middlesbrough","Southampton",NA,NA
"51",947841,1992-08-29,"Leeds","Liverpool",NA,"Leeds","Liverpool"
"52",947889,1992-08-29,"Manchester City","Oldham",NA,"Manchester City","Oldham"
"53",947682,1992-08-29,"Arsenal","Sheffield Weds","Arsenal",NA,NA
"54",947831,1992-08-30,"Ipswich","Tottenham",NA,"Ipswich","Tottenham"
"55",947951,1992-08-31,"Norwich","Nottingham Forest","Norwich",NA,NA
"56",947988,1992-09-01,"Oldham","Leeds",NA,"Oldham","Leeds"
"57",948116,1992-09-01,"Wimbledon FC","Manchester City","Manchester City",NA,NA
"58",947872,1992-09-01,"Liverpool","Southampton",NA,"Liverpool","Southampton"
"59",947924,1992-09-01,"Middlesbrough","Ipswich",NA,"Middlesbrough","Ipswich"
"60",948001,1992-09-02,"QPR","Arsenal",NA,"QPR","Arsenal"
"61",948047,1992-09-02,"Sheffield Weds","Coventry","Coventry",NA,NA
"62",948102,1992-09-02,"Tottenham","Sheffield United","Tottenham",NA,NA
"63",947901,1992-09-02,"Manchester United","Crystal Palace","Manchester United",NA,NA
"64",947688,1992-09-02,"Aston Villa","Chelsea","Chelsea",NA,NA
"65",947720,1992-09-05,"Blackburn","Nottingham Forest","Blackburn",NA,NA
"66",947984,1992-09-05,"Oldham","Coventry","Coventry",NA,NA
"67",948008,1992-09-05,"QPR","Ipswich",NA,"QPR","Ipswich"
"68",948053,1992-09-05,"Sheffield Weds","Manchester City","Manchester City",NA,NA
"69",948091,1992-09-05,"Tottenham","Everton","Tottenham",NA,NA
"70",948106,1992-09-05,"Wimbledon FC","Arsenal","Wimbledon FC",NA,NA
"71",947857,1992-09-05,"Liverpool","Chelsea","Liverpool",NA,NA
"72",947933,1992-09-05,"Middlesbrough","Sheffield United","Middlesbrough",NA,NA
"73",947690,1992-09-05,"Aston Villa","Crystal Palace","Aston Villa",NA,NA
"74",947956,1992-09-05,"Norwich","Southampton","Norwich",NA,NA
"75",947904,1992-09-06,"Manchester United","Leeds","Manchester United",NA,NA
"76",947976,1992-09-12,"Nottingham Forest","Sheffield Weds","Sheffield Weds",NA,NA
"77",947740,1992-09-12,"Chelsea","Norwich","Norwich",NA,NA
"78",948031,1992-09-12,"Sheffield United","Liverpool","Sheffield United",NA,NA
"79",947784,1992-09-12,"Crystal Palace","Oldham",NA,"Crystal Palace","Oldham"
"80",947801,1992-09-12,"Everton","Manchester United","Manchester United",NA,NA
"81",948080,1992-09-12,"Southampton","QPR","QPR",NA,NA
"82",947832,1992-09-12,"Ipswich","Wimbledon FC","Ipswich",NA,NA
"83",947886,1992-09-12,"Manchester City","Middlesbrough","Middlesbrough",NA,NA
"84",947666,1992-09-12,"Arsenal","Blackburn","Blackburn",NA,NA
"85",947834,1992-09-13,"Leeds","Aston Villa",NA,"Leeds","Aston Villa"
"86",947768,1992-09-14,"Coventry","Tottenham","Coventry",NA,NA
"87",947712,1992-09-15,"Blackburn","Everton","Everton",NA,NA
"88",947987,1992-09-19,"Oldham","Ipswich","Oldham",NA,NA
"89",948013,1992-09-19,"QPR","Middlesbrough",NA,"QPR","Middlesbrough"
"90",948022,1992-09-19,"Sheffield United","Arsenal",NA,"Sheffield United","Arsenal"
"91",947796,1992-09-19,"Everton","Crystal Palace","Crystal Palace",NA,NA
"92",948072,1992-09-19,"Southampton","Leeds",NA,"Southampton","Leeds"
"93",948096,1992-09-19,"Tottenham","Manchester United",NA,"Tottenham","Manchester United"
"94",948108,1992-09-19,"Wimbledon FC","Blackburn",NA,"Wimbledon FC","Blackburn"
"95",947694,1992-09-19,"Aston Villa","Liverpool","Aston Villa",NA,NA
"96",947955,1992-09-19,"Norwich","Sheffield Weds","Norwich",NA,NA
"97",947878,1992-09-20,"Manchester City","Chelsea","Chelsea",NA,NA
"98",947963,1992-09-21,"Nottingham Forest","Coventry",NA,"Nottingham Forest","Coventry"
"99",947721,1992-09-26,"Blackburn","Oldham","Blackburn",NA,NA
"100",947741,1992-09-26,"Chelsea","Nottingham Forest",NA,"Chelsea","Nottingham Forest"
"101",947761,1992-09-26,"Coventry","Norwich",NA,"Coventry","Norwich"
"102",947788,1992-09-26,"Crystal Palace","Southampton","Southampton",NA,NA
"103",947828,1992-09-26,"Ipswich","Sheffield United",NA,"Ipswich","Sheffield United"
"104",947839,1992-09-26,"Leeds","Everton","Leeds",NA,NA
"105",947874,1992-09-26,"Liverpool","Wimbledon FC","Wimbledon FC",NA,NA
"106",947911,1992-09-26,"Manchester United","QPR",NA,"Manchester United","QPR"
"107",947918,1992-09-26,"Middlesbrough","Aston Villa","Aston Villa",NA,NA
"108",948062,1992-09-27,"Sheffield Weds","Tottenham","Sheffield Weds",NA,NA
"109",947674,1992-09-28,"Arsenal","Manchester City","Arsenal",NA,NA
"110",947719,1992-10-03,"Blackburn","Norwich","Blackburn",NA,NA
"111",947753,1992-10-03,"Coventry","Crystal Palace",NA,"Coventry","Crystal Palace"
"112",948020,1992-10-03,"QPR","Tottenham","QPR",NA,NA
"113",948040,1992-10-03,"Sheffield United","Southampton","Sheffield United",NA,NA
"114",947819,1992-10-03,"Ipswich","Leeds","Ipswich",NA,NA
"115",948107,1992-10-03,"Wimbledon FC","Aston Villa","Aston Villa",NA,NA
"116",947871,1992-10-03,"Liverpool","Sheffield Weds","Liverpool",NA,NA
"117",947888,1992-10-03,"Manchester City","Nottingham Forest",NA,"Manchester City","Nottingham Forest"
"118",947667,1992-10-03,"Arsenal","Chelsea","Arsenal",NA,NA
"119",947928,1992-10-03,"Middlesbrough","Manchester United",NA,"Middlesbrough","Manchester United"
"120",947986,1992-10-04,"Oldham","Everton","Oldham",NA,NA
"121",947734,1992-10-17,"Chelsea","Ipswich","Chelsea",NA,NA
"122",947779,1992-10-17,"Crystal Palace","Manchester City",NA,"Crystal Palace","Manchester City"
"123",947795,1992-10-17,"Everton","Coventry",NA,"Everton","Coventry"
"124",948058,1992-10-17,"Sheffield Weds","Oldham","Sheffield Weds",NA,NA
"125",948084,1992-10-17,"Southampton","Wimbledon FC",NA,"Southampton","Wimbledon FC"
"126",948097,1992-10-17,"Tottenham","Middlesbrough",NA,"Tottenham","Middlesbrough"
"127",947849,1992-10-17,"Leeds","Sheffield United","Leeds",NA,NA
"128",947953,1992-10-17,"Norwich","QPR","Norwich",NA,NA
"129",947959,1992-10-17,"Nottingham Forest","Arsenal","Arsenal",NA,NA
"130",947905,1992-10-18,"Manchester United","Liverpool",NA,"Manchester United","Liverpool"
"131",947687,1992-10-19,"Aston Villa","Blackburn",NA,"Aston Villa","Blackburn"
"132",947971,1992-10-21,"Nottingham Forest","Middlesbrough","Nottingham Forest",NA,NA
"133",947717,1992-10-24,"Blackburn","Manchester United",NA,"Blackburn","Manchester United"
"134",947981,1992-10-24,"Oldham","Aston Villa",NA,"Oldham","Aston Villa"
"135",947752,1992-10-24,"Coventry","Chelsea","Chelsea",NA,NA
"136",948009,1992-10-24,"QPR","Leeds","QPR",NA,NA
"137",948036,1992-10-24,"Sheffield United","Nottingham Forest",NA,"Sheffield United","Nottingham Forest"
"138",947817,1992-10-24,"Ipswich","Crystal Palace",NA,"Ipswich","Crystal Palace"
"139",947893,1992-10-24,"Manchester City","Southampton","Manchester City",NA,NA
"140",947670,1992-10-24,"Arsenal","Everton","Arsenal",NA,NA
"141",947934,1992-10-24,"Middlesbrough","Sheffield Weds",NA,"Middlesbrough","Sheffield Weds"
"142",947866,1992-10-25,"Liverpool","Norwich","Liverpool",NA,NA
"143",948126,1992-10-25,"Wimbledon FC","Tottenham",NA,"Wimbledon FC","Tottenham"
"144",947744,1992-10-31,"Chelsea","Sheffield United","Sheffield United",NA,NA
"145",948045,1992-10-31,"Sheffield Weds","Blackburn",NA,"Sheffield Weds","Blackburn"
"146",947800,1992-10-31,"Everton","Manchester City","Manchester City",NA,NA
"147",948079,1992-10-31,"Southampton","Oldham","Southampton",NA,NA
"148",947837,1992-10-31,"Leeds","Coventry",NA,"Leeds","Coventry"
"149",948094,1992-10-31,"Tottenham","Liverpool","Tottenham",NA,NA
"150",947916,1992-10-31,"Manchester United","Wimbledon FC","Wimbledon FC",NA,NA
"151",947950,1992-10-31,"Norwich","Middlesbrough",NA,"Norwich","Middlesbrough"
"152",947966,1992-10-31,"Nottingham Forest","Ipswich","Ipswich",NA,NA
"153",947701,1992-11-01,"Aston Villa","QPR","Aston Villa",NA,NA
"154",947770,1992-11-02,"Crystal Palace","Arsenal","Arsenal",NA,NA
"155",947726,1992-11-07,"Blackburn","Tottenham","Tottenham",NA,NA
"156",947732,1992-11-07,"Chelsea","Crystal Palace","Chelsea",NA,NA
"157",947830,1992-11-07,"Ipswich","Southampton",NA,"Ipswich","Southampton"
"158",947865,1992-11-07,"Liverpool","Middlesbrough","Liverpool",NA,NA
"159",948122,1992-11-07,"Wimbledon FC","QPR","QPR",NA,NA
"160",947883,1992-11-07,"Manchester City","Leeds","Manchester City",NA,NA
"161",947668,1992-11-07,"Arsenal","Coventry","Arsenal",NA,NA
"162",947696,1992-11-07,"Aston Villa","Manchester United","Aston Villa",NA,NA
"163",947965,1992-11-07,"Nottingham Forest","Everton","Everton",NA,NA
"164",948039,1992-11-08,"Sheffield United","Sheffield Weds",NA,"Sheffield United","Sheffield Weds"
"165",947993,1992-11-09,"Oldham","Norwich","Norwich",NA,NA
"166",947758,1992-11-21,"Coventry","Manchester City","Manchester City",NA,NA
"167",947783,1992-11-21,"Crystal Palace","Nottingham Forest",NA,"Crystal Palace","Nottingham Forest"
"168",947794,1992-11-21,"Everton","Chelsea","Chelsea",NA,NA
"169",948050,1992-11-21,"Sheffield Weds","Ipswich",NA,"Sheffield Weds","Ipswich"
"170",948086,1992-11-21,"Tottenham","Aston Villa",NA,"Tottenham","Aston Villa"
"171",947833,1992-11-21,"Leeds","Arsenal","Leeds",NA,NA
"172",947910,1992-11-21,"Manchester United","Oldham","Manchester United",NA,NA
"173",947937,1992-11-21,"Middlesbrough","Wimbledon FC","Middlesbrough",NA,NA
"174",947954,1992-11-21,"Norwich","Sheffield United","Norwich",NA,NA
"175",948066,1992-11-22,"Southampton","Blackburn",NA,"Southampton","Blackburn"
"176",948010,1992-11-23,"QPR","Liverpool","Liverpool",NA,NA
"177",947977,1992-11-28,"Nottingham Forest","Southampton","Southampton",NA,NA
"178",947722,1992-11-28,"Blackburn","QPR","Blackburn",NA,NA
"179",947992,1992-11-28,"Oldham","Middlesbrough","Oldham",NA,NA
"180",948026,1992-11-28,"Sheffield United","Coventry",NA,"Sheffield United","Coventry"
"181",947818,1992-11-28,"Ipswich","Everton","Ipswich",NA,NA
"182",947859,1992-11-28,"Liverpool","Crystal Palace","Liverpool",NA,NA
"183",948124,1992-11-28,"Wimbledon FC","Sheffield Weds",NA,"Wimbledon FC","Sheffield Weds"
"184",947894,1992-11-28,"Manchester City","Tottenham","Tottenham",NA,NA
"185",947675,1992-11-28,"Arsenal","Manchester United","Manchester United",NA,NA
"186",947698,1992-11-28,"Aston Villa","Norwich","Norwich",NA,NA
"187",947735,1992-11-29,"Chelsea","Leeds","Chelsea",NA,NA
"188",947755,1992-12-05,"Coventry","Ipswich",NA,"Coventry","Ipswich"
"189",948016,1992-12-05,"QPR","Oldham","QPR",NA,NA
"190",947786,1992-12-05,"Crystal Palace","Sheffield United","Crystal Palace",NA,NA
"191",948044,1992-12-05,"Sheffield Weds","Aston Villa","Aston Villa",NA,NA
"192",948064,1992-12-05,"Southampton","Arsenal","Southampton",NA,NA
"193",948088,1992-12-05,"Tottenham","Chelsea","Chelsea",NA,NA
"194",947846,1992-12-05,"Leeds","Nottingham Forest","Nottingham Forest",NA,NA
"195",947919,1992-12-05,"Middlesbrough","Blackburn","Middlesbrough",NA,NA
"196",947958,1992-12-05,"Norwich","Wimbledon FC","Norwich",NA,NA
"197",947906,1992-12-06,"Manchester United","Manchester City","Manchester United",NA,NA
"198",947799,1992-12-07,"Everton","Liverpool","Everton",NA,NA
"199",947920,1992-12-11,"Middlesbrough","Chelsea",NA,"Middlesbrough","Chelsea"
"200",948006,1992-12-12,"QPR","Crystal Palace","Crystal Palace",NA,NA
"201",948028,1992-12-12,"Sheffield United","Everton","Sheffield United",NA,NA
"202",948068,1992-12-12,"Southampton","Coventry",NA,"Southampton","Coventry"
"203",947821,1992-12-12,"Ipswich","Manchester City","Ipswich",NA,NA
"204",948085,1992-12-12,"Tottenham","Arsenal","Tottenham",NA,NA
"205",947850,1992-12-12,"Leeds","Sheffield Weds","Leeds",NA,NA
"206",948121,1992-12-12,"Wimbledon FC","Oldham","Wimbledon FC",NA,NA
"207",947908,1992-12-12,"Manchester United","Norwich","Manchester United",NA,NA
"208",947699,1992-12-12,"Aston Villa","Nottingham Forest","Aston Villa",NA,NA
"209",947856,1992-12-13,"Liverpool","Blackburn","Liverpool",NA,NA
"210",947723,1992-12-19,"Blackburn","Sheffield United","Blackburn",NA,NA
"211",947738,1992-12-19,"Chelsea","Manchester United",NA,"Chelsea","Manchester United"
"212",947999,1992-12-19,"Oldham","Tottenham","Oldham",NA,NA
"213",947757,1992-12-19,"Coventry","Liverpool","Coventry",NA,NA
"214",948059,1992-12-19,"Sheffield Weds","QPR","Sheffield Weds",NA,NA
"215",947809,1992-12-19,"Everton","Southampton","Everton",NA,NA
"216",947876,1992-12-19,"Manchester City","Aston Villa",NA,"Manchester City","Aston Villa"
"217",947676,1992-12-19,"Arsenal","Middlesbrough",NA,"Arsenal","Middlesbrough"
"218",947979,1992-12-20,"Nottingham Forest","Wimbledon FC",NA,"Nottingham Forest","Wimbledon FC"
"219",947777,1992-12-20,"Crystal Palace","Leeds","Crystal Palace",NA,NA
"220",947945,1992-12-21,"Norwich","Ipswich","Ipswich",NA,NA
"221",947714,1992-12-26,"Blackburn","Leeds","Blackburn",NA,NA
"222",947746,1992-12-26,"Chelsea","Southampton",NA,"Chelsea","Southampton"
"223",947750,1992-12-26,"Coventry","Aston Villa","Coventry",NA,NA
"224",947790,1992-12-26,"Crystal Palace","Wimbledon FC","Crystal Palace",NA,NA
"225",948054,1992-12-26,"Sheffield Weds","Manchester United",NA,"Sheffield Weds","Manchester United"
"226",947802,1992-12-26,"Everton","Middlesbrough",NA,"Everton","Middlesbrough"
"227",947891,1992-12-26,"Manchester City","Sheffield United","Manchester City",NA,NA
"228",947671,1992-12-26,"Arsenal","Ipswich",NA,"Arsenal","Ipswich"
"229",947957,1992-12-26,"Norwich","Tottenham",NA,"Norwich","Tottenham"
"230",948007,1992-12-28,"QPR","Everton","QPR",NA,NA
"231",947814,1992-12-28,"Ipswich","Blackburn","Ipswich",NA,NA
"232",948082,1992-12-28,"Southampton","Sheffield Weds","Sheffield Weds",NA,NA
"233",948099,1992-12-28,"Tottenham","Nottingham Forest","Tottenham",NA,NA
"234",947845,1992-12-28,"Leeds","Norwich",NA,"Leeds","Norwich"
"235",948109,1992-12-28,"Wimbledon FC","Chelsea",NA,"Wimbledon FC","Chelsea"
"236",947863,1992-12-28,"Liverpool","Manchester City",NA,"Liverpool","Manchester City"
"237",947900,1992-12-28,"Manchester United","Coventry","Manchester United",NA,NA
"238",947922,1992-12-28,"Middlesbrough","Crystal Palace","Crystal Palace",NA,NA
"239",947686,1992-12-28,"Aston Villa","Arsenal","Aston Villa",NA,NA
"240",947727,1993-01-09,"Blackburn","Wimbledon FC",NA,"Blackburn","Wimbledon FC"
"241",947737,1993-01-09,"Chelsea","Manchester City","Manchester City",NA,NA
"242",947762,1993-01-09,"Coventry","Nottingham Forest","Nottingham Forest",NA,NA
"243",947775,1993-01-09,"Crystal Palace","Everton","Everton",NA,NA
"244",947826,1993-01-09,"Ipswich","Oldham","Oldham",NA,NA
"245",947851,1993-01-09,"Leeds","Southampton","Leeds",NA,NA
"246",947855,1993-01-09,"Liverpool","Aston Villa","Aston Villa",NA,NA
"247",947915,1993-01-09,"Manchester United","Tottenham","Manchester United",NA,NA
"248",947932,1993-01-09,"Middlesbrough","QPR","QPR",NA,NA
"249",947681,1993-01-09,"Arsenal","Sheffield United",NA,"Arsenal","Sheffield United"
"250",948056,1993-01-10,"Sheffield Weds","Norwich","Sheffield Weds",NA,NA
"251",947982,1993-01-16,"Oldham","Blackburn","Blackburn",NA,NA
"252",948029,1993-01-16,"Sheffield United","Ipswich","Sheffield United",NA,NA
"253",947798,1993-01-16,"Everton","Leeds","Everton",NA,NA
"254",948069,1993-01-16,"Southampton","Crystal Palace","Southampton",NA,NA
"255",948103,1993-01-16,"Tottenham","Sheffield Weds","Sheffield Weds",NA,NA
"256",948115,1993-01-16,"Wimbledon FC","Liverpool","Wimbledon FC",NA,NA
"257",947875,1993-01-16,"Manchester City","Arsenal","Arsenal",NA,NA
"258",947942,1993-01-16,"Norwich","Coventry",NA,"Norwich","Coventry"
"259",947962,1993-01-16,"Nottingham Forest","Chelsea","Nottingham Forest",NA,NA
"260",947697,1993-01-17,"Aston Villa","Middlesbrough","Aston Villa",NA,NA
"261",948012,1993-01-18,"QPR","Manchester United","Manchester United",NA,NA
"262",947763,1993-01-23,"Coventry","Oldham","Coventry",NA,NA
"263",947990,1993-01-26,"Oldham","Manchester City","Manchester City",NA,NA
"264",948112,1993-01-26,"Wimbledon FC","Everton","Everton",NA,NA
"265",947935,1993-01-26,"Middlesbrough","Southampton","Middlesbrough",NA,NA
"266",947710,1993-01-26,"Blackburn","Coventry","Coventry",NA,NA
"267",948004,1993-01-27,"QPR","Chelsea",NA,"QPR","Chelsea"
"268",948092,1993-01-27,"Tottenham","Ipswich","Ipswich",NA,NA
"269",947909,1993-01-27,"Manchester United","Nottingham Forest","Manchester United",NA,NA
"270",947943,1993-01-27,"Norwich","Crystal Palace","Norwich",NA,NA
"271",947702,1993-01-27,"Aston Villa","Sheffield United","Aston Villa",NA,NA
"272",947973,1993-01-30,"Nottingham Forest","Oldham","Nottingham Forest",NA,NA
"273",947745,1993-01-30,"Chelsea","Sheffield Weds","Sheffield Weds",NA,NA
"274",947769,1993-01-30,"Coventry","Wimbledon FC","Wimbledon FC",NA,NA
"275",948038,1993-01-30,"Sheffield United","QPR","QPR",NA,NA
"276",947789,1993-01-30,"Crystal Palace","Tottenham","Tottenham",NA,NA
"277",947803,1993-01-30,"Everton","Norwich","Norwich",NA,NA
"278",948065,1993-01-30,"Southampton","Aston Villa","Southampton",NA,NA
"279",947822,1993-01-30,"Ipswich","Manchester United","Ipswich",NA,NA
"280",947844,1993-01-30,"Leeds","Middlesbrough","Leeds",NA,NA
"281",947877,1993-01-30,"Manchester City","Blackburn","Manchester City",NA,NA
"282",947673,1993-01-31,"Arsenal","Liverpool","Liverpool",NA,NA
"283",947711,1993-02-02,"Blackburn","Crystal Palace","Crystal Palace",NA,NA
"284",947983,1993-02-06,"Oldham","Chelsea","Oldham",NA,NA
"285",948011,1993-02-06,"QPR","Manchester City",NA,"QPR","Manchester City"
"286",948049,1993-02-06,"Sheffield Weds","Everton","Sheffield Weds",NA,NA
"287",948114,1993-02-06,"Wimbledon FC","Leeds","Wimbledon FC",NA,NA
"288",947867,1993-02-06,"Liverpool","Nottingham Forest",NA,"Liverpool","Nottingham Forest"
"289",947912,1993-02-06,"Manchester United","Sheffield United","Manchester United",NA,NA
"290",947921,1993-02-06,"Middlesbrough","Coventry","Coventry",NA,NA
"291",947692,1993-02-06,"Aston Villa","Ipswich","Aston Villa",NA,NA
"292",948104,1993-02-07,"Tottenham","Southampton","Tottenham",NA,NA
"293",947843,1993-02-08,"Leeds","Manchester United",NA,"Leeds","Manchester United"
"294",948034,1993-02-09,"Sheffield United","Middlesbrough","Sheffield United",NA,NA
"295",947827,1993-02-09,"Ipswich","QPR",NA,"Ipswich","QPR"
"296",947736,1993-02-10,"Chelsea","Liverpool",NA,"Chelsea","Liverpool"
"297",947771,1993-02-10,"Crystal Palace","Aston Villa","Crystal Palace",NA,NA
"298",947810,1993-02-10,"Everton","Tottenham","Tottenham",NA,NA
"299",948077,1993-02-10,"Southampton","Norwich","Southampton",NA,NA
"300",947685,1993-02-10,"Arsenal","Wimbledon FC","Wimbledon FC",NA,NA
"301",947729,1993-02-13,"Chelsea","Aston Villa","Aston Villa",NA,NA
"302",948073,1993-02-13,"Southampton","Liverpool","Southampton",NA,NA
"303",947847,1993-02-13,"Leeds","Oldham","Leeds",NA,NA
"304",947980,1993-02-20,"Oldham","Arsenal","Arsenal",NA,NA
"305",948005,1993-02-20,"QPR","Coventry","QPR",NA,NA
"306",948048,1993-02-20,"Sheffield Weds","Crystal Palace","Sheffield Weds",NA,NA
"307",948093,1993-02-20,"Tottenham","Leeds","Tottenham",NA,NA
"308",947861,1993-02-20,"Liverpool","Ipswich",NA,"Liverpool","Ipswich"
"309",948123,1993-02-20,"Wimbledon FC","Sheffield United","Wimbledon FC",NA,NA
"310",947914,1993-02-20,"Manchester United","Southampton","Manchester United",NA,NA
"311",947930,1993-02-20,"Middlesbrough","Nottingham Forest","Nottingham Forest",NA,NA
"312",947691,1993-02-20,"Aston Villa","Everton","Aston Villa",NA,NA
"313",947948,1993-02-20,"Norwich","Manchester City","Norwich",NA,NA
"314",947709,1993-02-21,"Blackburn","Chelsea","Blackburn",NA,NA
"315",948037,1993-02-22,"Sheffield United","Oldham","Sheffield United",NA,NA
"316",947892,1993-02-23,"Manchester City","Sheffield Weds","Sheffield Weds",NA,NA
"317",947974,1993-02-24,"Nottingham Forest","QPR","Nottingham Forest",NA,NA
"318",947672,1993-02-24,"Arsenal","Leeds",NA,"Arsenal","Leeds"
"319",947969,1993-02-27,"Nottingham Forest","Manchester City","Manchester City",NA,NA
"320",947774,1993-02-27,"Crystal Palace","Coventry",NA,"Crystal Palace","Coventry"
"321",948052,1993-02-27,"Sheffield Weds","Liverpool",NA,"Sheffield Weds","Liverpool"
"322",947805,1993-02-27,"Everton","Oldham",NA,"Everton","Oldham"
"323",948081,1993-02-27,"Southampton","Sheffield United","Southampton",NA,NA
"324",947840,1993-02-27,"Leeds","Ipswich","Leeds",NA,NA
"325",948101,1993-02-27,"Tottenham","QPR","Tottenham",NA,NA
"326",947907,1993-02-27,"Manchester United","Middlesbrough","Manchester United",NA,NA
"327",947706,1993-02-27,"Aston Villa","Wimbledon FC","Aston Villa",NA,NA
"328",947940,1993-02-28,"Norwich","Blackburn",NA,"Norwich","Blackburn"
"329",947728,1993-03-01,"Chelsea","Arsenal","Chelsea",NA,NA
"330",948041,1993-03-02,"Sheffield United","Tottenham","Sheffield United",NA,NA
"331",947823,1993-03-02,"Ipswich","Middlesbrough","Middlesbrough",NA,NA
"332",947766,1993-03-03,"Coventry","Sheffield Weds","Coventry",NA,NA
"333",947793,1993-03-03,"Everton","Blackburn","Everton",NA,NA
"334",947938,1993-03-03,"Norwich","Arsenal",NA,"Norwich","Arsenal"
"335",947964,1993-03-03,"Nottingham Forest","Crystal Palace",NA,"Nottingham Forest","Crystal Palace"
"336",948014,1993-03-06,"QPR","Norwich","QPR",NA,NA
"337",947864,1993-03-06,"Liverpool","Manchester United","Manchester United",NA,NA
"338",948125,1993-03-06,"Wimbledon FC","Southampton","Southampton",NA,NA
"339",947754,1993-03-07,"Coventry","Everton","Everton",NA,NA
"340",947725,1993-03-09,"Blackburn","Southampton",NA,"Blackburn","Southampton"
"341",947991,1993-03-09,"Oldham","Manchester United","Oldham",NA,NA
"342",948118,1993-03-09,"Wimbledon FC","Middlesbrough","Wimbledon FC",NA,NA
"343",947733,1993-03-10,"Chelsea","Everton","Chelsea",NA,NA
"344",948035,1993-03-10,"Sheffield United","Norwich","Norwich",NA,NA
"345",947829,1993-03-10,"Ipswich","Sheffield Weds","Sheffield Weds",NA,NA
"346",947869,1993-03-10,"Liverpool","QPR","Liverpool",NA,NA
"347",947879,1993-03-10,"Manchester City","Coventry","Manchester City",NA,NA
"348",947705,1993-03-10,"Aston Villa","Tottenham",NA,"Aston Villa","Tottenham"
"349",947749,1993-03-13,"Coventry","Arsenal","Arsenal",NA,NA
"350",948021,1993-03-13,"QPR","Wimbledon FC","Wimbledon FC",NA,NA
"351",947804,1993-03-13,"Everton","Nottingham Forest","Everton",NA,NA
"352",948071,1993-03-13,"Southampton","Ipswich","Southampton",NA,NA
"353",947842,1993-03-13,"Leeds","Manchester City","Leeds",NA,NA
"354",947926,1993-03-13,"Middlesbrough","Liverpool","Liverpool",NA,NA
"355",947952,1993-03-13,"Norwich","Oldham","Norwich",NA,NA
"356",947897,1993-03-14,"Manchester United","Aston Villa",NA,"Manchester United","Aston Villa"
"357",947773,1993-03-15,"Crystal Palace","Chelsea",NA,"Crystal Palace","Chelsea"
"358",947972,1993-03-17,"Nottingham Forest","Norwich","Norwich",NA,NA
"359",947718,1993-03-20,"Blackburn","Middlesbrough",NA,"Blackburn","Middlesbrough"
"360",947995,1993-03-20,"Oldham","QPR",NA,"Oldham","QPR"
"361",947747,1993-03-20,"Chelsea","Tottenham",NA,"Chelsea","Tottenham"
"362",948027,1993-03-20,"Sheffield United","Crystal Palace","Crystal Palace",NA,NA
"363",947816,1993-03-20,"Ipswich","Coventry",NA,"Ipswich","Coventry"
"364",947860,1993-03-20,"Liverpool","Everton","Liverpool",NA,NA
"365",948119,1993-03-20,"Wimbledon FC","Norwich","Wimbledon FC",NA,NA
"366",947885,1993-03-20,"Manchester City","Manchester United",NA,"Manchester City","Manchester United"
"367",947683,1993-03-20,"Arsenal","Southampton","Arsenal",NA,NA
"368",947703,1993-03-20,"Aston Villa","Sheffield Weds","Aston Villa",NA,NA
"369",947967,1993-03-21,"Nottingham Forest","Leeds",NA,"Nottingham Forest","Leeds"
"370",947931,1993-03-22,"Middlesbrough","Oldham","Oldham",NA,NA
"371",947778,1993-03-23,"Crystal Palace","Liverpool",NA,"Crystal Palace","Liverpool"
"372",948003,1993-03-24,"QPR","Blackburn","Blackburn",NA,NA
"373",947765,1993-03-24,"Coventry","Sheffield United","Sheffield United",NA,NA
"374",947797,1993-03-24,"Everton","Ipswich","Everton",NA,NA
"375",948063,1993-03-24,"Sheffield Weds","Wimbledon FC",NA,"Sheffield Weds","Wimbledon FC"
"376",948078,1993-03-24,"Southampton","Nottingham Forest","Nottingham Forest",NA,NA
"377",947836,1993-03-24,"Leeds","Chelsea",NA,"Leeds","Chelsea"
"378",948095,1993-03-24,"Tottenham","Manchester City","Tottenham",NA,NA
"379",947896,1993-03-24,"Manchester United","Arsenal",NA,"Manchester United","Arsenal"
"380",947939,1993-03-24,"Norwich","Aston Villa","Norwich",NA,NA
"381",947715,1993-04-03,"Blackburn","Liverpool","Blackburn",NA,NA
"382",947739,1993-04-03,"Chelsea","Middlesbrough","Chelsea",NA,NA
"383",948000,1993-04-03,"Oldham","Wimbledon FC","Oldham",NA,NA
"384",947767,1993-04-03,"Coventry","Southampton","Coventry",NA,NA
"385",947785,1993-04-03,"Crystal Palace","QPR",NA,"Crystal Palace","QPR"
"386",947882,1993-04-03,"Manchester City","Ipswich","Manchester City",NA,NA
"387",947960,1993-04-04,"Nottingham Forest","Aston Villa","Aston Villa",NA,NA
"388",947949,1993-04-05,"Norwich","Manchester United","Manchester United",NA,NA
"389",948030,1993-04-06,"Sheffield United","Leeds","Sheffield United",NA,NA
"390",947815,1993-04-06,"Ipswich","Chelsea",NA,"Ipswich","Chelsea"
"391",947917,1993-04-06,"Middlesbrough","Arsenal","Middlesbrough",NA,NA
"392",947997,1993-04-07,"Oldham","Sheffield Weds",NA,"Oldham","Sheffield Weds"
"393",947961,1993-04-07,"Nottingham Forest","Blackburn","Blackburn",NA,NA
"394",948032,1993-04-09,"Sheffield United","Manchester City",NA,"Sheffield United","Manchester City"
"395",948098,1993-04-09,"Tottenham","Norwich","Tottenham",NA,NA
"396",948111,1993-04-09,"Wimbledon FC","Crystal Palace","Wimbledon FC",NA,NA
"397",948015,1993-04-10,"QPR","Nottingham Forest","QPR",NA,NA
"398",948067,1993-04-10,"Southampton","Chelsea","Southampton",NA,NA
"399",947812,1993-04-10,"Ipswich","Arsenal","Arsenal",NA,NA
"400",947835,1993-04-10,"Leeds","Blackburn","Leeds",NA,NA
"401",947868,1993-04-10,"Liverpool","Oldham","Liverpool",NA,NA
"402",947913,1993-04-10,"Manchester United","Sheffield Weds","Manchester United",NA,NA
"403",947923,1993-04-10,"Middlesbrough","Everton","Everton",NA,NA
"404",947689,1993-04-10,"Aston Villa","Coventry",NA,"Aston Villa","Coventry"
"405",947713,1993-04-12,"Blackburn","Ipswich","Blackburn",NA,NA
"406",947978,1993-04-12,"Nottingham Forest","Tottenham","Nottingham Forest",NA,NA
"407",947748,1993-04-12,"Chelsea","Wimbledon FC","Chelsea",NA,NA
"408",947759,1993-04-12,"Coventry","Manchester United","Manchester United",NA,NA
"409",947781,1993-04-12,"Crystal Palace","Middlesbrough","Crystal Palace",NA,NA
"410",948061,1993-04-12,"Sheffield Weds","Southampton","Sheffield Weds",NA,NA
"411",947806,1993-04-12,"Everton","QPR","QPR",NA,NA
"412",947884,1993-04-12,"Manchester City","Liverpool",NA,"Manchester City","Liverpool"
"413",947665,1993-04-12,"Arsenal","Aston Villa","Aston Villa",NA,NA
"414",947996,1993-04-13,"Oldham","Sheffield United",NA,"Oldham","Sheffield United"
"415",947946,1993-04-14,"Norwich","Leeds","Norwich",NA,NA
"416",948024,1993-04-17,"Sheffield United","Blackburn","Blackburn",NA,NA
"417",948070,1993-04-17,"Southampton","Everton",NA,"Southampton","Everton"
"418",947838,1993-04-17,"Leeds","Crystal Palace",NA,"Leeds","Crystal Palace"
"419",948100,1993-04-17,"Tottenham","Oldham","Tottenham",NA,NA
"420",947858,1993-04-17,"Liverpool","Coventry","Liverpool",NA,NA
"421",948120,1993-04-17,"Wimbledon FC","Nottingham Forest","Wimbledon FC",NA,NA
"422",947899,1993-04-17,"Manchester United","Chelsea","Manchester United",NA,NA
"423",947695,1993-04-18,"Aston Villa","Manchester City","Aston Villa",NA,NA
"424",947824,1993-04-19,"Ipswich","Norwich","Ipswich",NA,NA
"425",947936,1993-04-20,"Middlesbrough","Tottenham","Middlesbrough",NA,NA
"426",947780,1993-04-21,"Crystal Palace","Manchester United","Manchester United",NA,NA
"427",948060,1993-04-21,"Sheffield Weds","Sheffield United",NA,"Sheffield Weds","Sheffield United"
"428",947862,1993-04-21,"Liverpool","Leeds","Liverpool",NA,NA
"429",947895,1993-04-21,"Manchester City","Wimbledon FC",NA,"Manchester City","Wimbledon FC"
"430",947678,1993-04-21,"Arsenal","Nottingham Forest",NA,"Arsenal","Nottingham Forest"
"431",947708,1993-04-21,"Blackburn","Aston Villa","Blackburn",NA,NA
"432",947975,1993-05-01,"Nottingham Forest","Sheffield United","Sheffield United",NA,NA
"433",947731,1993-05-01,"Chelsea","Coventry","Chelsea",NA,NA
"434",947776,1993-05-01,"Crystal Palace","Ipswich","Crystal Palace",NA,NA
"435",947791,1993-05-01,"Everton","Arsenal",NA,"Everton","Arsenal"
"436",948055,1993-05-01,"Sheffield Weds","Middlesbrough","Middlesbrough",NA,NA
"437",948074,1993-05-01,"Southampton","Manchester City","Manchester City",NA,NA
"438",947848,1993-05-01,"Leeds","QPR",NA,"Leeds","QPR"
"439",948105,1993-05-01,"Tottenham","Wimbledon FC",NA,"Tottenham","Wimbledon FC"
"440",947947,1993-05-01,"Norwich","Liverpool","Norwich",NA,NA
"441",947700,1993-05-02,"Aston Villa","Oldham","Oldham",NA,NA
"442",947898,1993-05-03,"Manchester United","Blackburn","Manchester United",NA,NA
"443",948051,1993-05-04,"Sheffield Weds","Leeds",NA,"Sheffield Weds","Leeds"
"444",947807,1993-05-04,"Everton","Sheffield United","Sheffield United",NA,NA
"445",947680,1993-05-04,"Arsenal","QPR",NA,"Arsenal","QPR"
"446",947989,1993-05-05,"Oldham","Liverpool","Oldham",NA,NA
"447",948087,1993-05-05,"Tottenham","Blackburn","Blackburn",NA,NA
"448",947880,1993-05-05,"Manchester City","Crystal Palace",NA,"Manchester City","Crystal Palace"
"449",948043,1993-05-06,"Sheffield Weds","Arsenal","Sheffield Weds",NA,NA
"450",947724,1993-05-08,"Blackburn","Sheffield Weds","Blackburn",NA,NA
"451",947998,1993-05-08,"Oldham","Southampton","Oldham",NA,NA
"452",947756,1993-05-08,"Coventry","Leeds",NA,"Coventry","Leeds"
"453",948025,1993-05-08,"Sheffield United","Chelsea","Sheffield United",NA,NA
"454",947825,1993-05-08,"Ipswich","Nottingham Forest","Ipswich",NA,NA
"455",947873,1993-05-08,"Liverpool","Tottenham","Liverpool",NA,NA
"456",947881,1993-05-08,"Manchester City","Everton","Everton",NA,NA
"457",947669,1993-05-08,"Arsenal","Crystal Palace","Arsenal",NA,NA
"458",947929,1993-05-08,"Middlesbrough","Norwich",NA,"Middlesbrough","Norwich"
"459",948002,1993-05-09,"QPR","Aston Villa","QPR",NA,NA
"460",948117,1993-05-09,"Wimbledon FC","Manchester United","Manchester United",NA,NA
"461",948018,1993-05-11,"QPR","Sheffield Weds","QPR",NA,NA
"462",947684,1993-05-11,"Arsenal","Tottenham","Tottenham",NA,NA
"463",948489,1993-08-14,"Southampton","Everton","Everton",NA,NA
"464",948310,1993-08-14,"Liverpool","Sheffield Weds","Liverpool",NA,NA
"465",948567,1993-08-14,"West Ham","Wimbledon FC","Wimbledon FC",NA,NA
"466",948323,1993-08-14,"Manchester City","Leeds",NA,"Manchester City","Leeds"
"467",948376,1993-08-14,"Newcastle","Tottenham","Tottenham",NA,NA
"468",948130,1993-08-14,"Arsenal","Coventry","Coventry",NA,NA
"469",948406,1993-08-14,"Oldham","Ipswich","Ipswich",NA,NA
"470",948161,1993-08-14,"Aston Villa","QPR","Aston Villa",NA,NA
"471",948192,1993-08-14,"Chelsea","Blackburn","Blackburn",NA,NA
"472",948459,1993-08-14,"Sheffield United","Swindon","Sheffield United",NA,NA
"473",948389,1993-08-15,"Norwich","Manchester United","Manchester United",NA,NA
"474",948526,1993-08-16,"Tottenham","Arsenal","Arsenal",NA,NA
"475",948240,1993-08-17,"Everton","Manchester City","Everton",NA,NA
"476",948269,1993-08-17,"Ipswich","Southampton","Ipswich",NA,NA
"477",948293,1993-08-17,"Leeds","West Ham","Leeds",NA,NA
"478",948571,1993-08-17,"Wimbledon FC","Chelsea",NA,"Wimbledon FC","Chelsea"
"479",948518,1993-08-18,"Swindon","Oldham","Oldham",NA,NA
"480",948351,1993-08-18,"Manchester United","Sheffield United","Manchester United",NA,NA
"481",948429,1993-08-18,"QPR","Liverpool","Liverpool",NA,NA
"482",948180,1993-08-18,"Blackburn","Norwich","Norwich",NA,NA
"483",948464,1993-08-18,"Sheffield Weds","Aston Villa",NA,"Sheffield Weds","Aston Villa"
"484",948221,1993-08-18,"Coventry","Newcastle","Coventry",NA,NA
"485",948230,1993-08-21,"Coventry","West Ham",NA,"Coventry","West Ham"
"486",948246,1993-08-21,"Everton","Sheffield United","Everton",NA,NA
"487",948256,1993-08-21,"Ipswich","Chelsea","Ipswich",NA,NA
"488",948535,1993-08-21,"Tottenham","Manchester City","Tottenham",NA,NA
"489",948285,1993-08-21,"Leeds","Norwich","Norwich",NA,NA
"490",948569,1993-08-21,"Wimbledon FC","Aston Villa",NA,"Wimbledon FC","Aston Villa"
"491",948347,1993-08-21,"Manchester United","Newcastle",NA,"Manchester United","Newcastle"
"492",948181,1993-08-21,"Blackburn","Oldham","Blackburn",NA,NA
"493",948437,1993-08-21,"QPR","Southampton","QPR",NA,NA
"494",948463,1993-08-21,"Sheffield Weds","Arsenal","Arsenal",NA,NA
"495",948513,1993-08-22,"Swindon","Liverpool","Liverpool",NA,NA
"496",948157,1993-08-23,"Aston Villa","Manchester United","Manchester United",NA,NA
"497",948318,1993-08-24,"Manchester City","Blackburn","Blackburn",NA,NA
"498",948133,1993-08-24,"Arsenal","Leeds","Arsenal",NA,NA
"499",948404,1993-08-24,"Oldham","Coventry",NA,"Oldham","Coventry"
"500",948462,1993-08-24,"Sheffield United","Wimbledon FC","Sheffield United",NA,NA
"501",948501,1993-08-25,"Southampton","Swindon","Southampton",NA,NA
"502",948563,1993-08-25,"West Ham","Sheffield Weds","West Ham",NA,NA
"503",948313,1993-08-25,"Liverpool","Tottenham","Tottenham",NA,NA
"504",948363,1993-08-25,"Newcastle","Everton","Newcastle",NA,NA
"505",948385,1993-08-25,"Norwich","Ipswich","Norwich",NA,NA
"506",948203,1993-08-25,"Chelsea","QPR","Chelsea",NA,NA
"507",948320,1993-08-27,"Manchester City","Coventry",NA,"Manchester City","Coventry"
"508",948494,1993-08-28,"Southampton","Manchester United","Manchester United",NA,NA
"509",948302,1993-08-28,"Liverpool","Leeds","Liverpool",NA,NA
"510",948561,1993-08-28,"West Ham","QPR","QPR",NA,NA
"511",948131,1993-08-28,"Arsenal","Everton","Arsenal",NA,NA
"512",948396,1993-08-28,"Norwich","Swindon",NA,"Norwich","Swindon"
"513",948420,1993-08-28,"Oldham","Wimbledon FC",NA,"Oldham","Wimbledon FC"
"514",948166,1993-08-28,"Aston Villa","Tottenham","Aston Villa",NA,NA
"515",948448,1993-08-28,"Sheffield United","Ipswich",NA,"Sheffield United","Ipswich"
"516",948205,1993-08-28,"Chelsea","Sheffield Weds",NA,"Chelsea","Sheffield Weds"
"517",948360,1993-08-29,"Newcastle","Blackburn",NA,"Newcastle","Blackburn"
"518",948286,1993-08-30,"Leeds","Oldham","Leeds",NA,NA
"519",948233,1993-08-31,"Everton","Aston Villa","Aston Villa",NA,NA
"520",948263,1993-08-31,"Ipswich","Newcastle",NA,"Ipswich","Newcastle"
"521",948585,1993-08-31,"Wimbledon FC","Southampton","Wimbledon FC",NA,NA
"522",948514,1993-09-01,"Swindon","Manchester City","Manchester City",NA,NA
"523",948529,1993-09-01,"Tottenham","Chelsea",NA,"Tottenham","Chelsea"
"524",948356,1993-09-01,"Manchester United","West Ham","Manchester United",NA,NA
"525",948169,1993-09-01,"Blackburn","Arsenal",NA,"Blackburn","Arsenal"
"526",948435,1993-09-01,"QPR","Sheffield United","QPR",NA,NA
"527",948218,1993-09-01,"Coventry","Liverpool","Coventry",NA,NA
"528",948475,1993-09-01,"Sheffield Weds","Norwich",NA,"Sheffield Weds","Norwich"
"529",948491,1993-09-11,"Southampton","Leeds","Leeds",NA,NA
"530",948565,1993-09-11,"West Ham","Swindon",NA,"West Ham","Swindon"
"531",948329,1993-09-11,"Manchester City","QPR","Manchester City",NA,NA
"532",948132,1993-09-11,"Arsenal","Ipswich","Arsenal",NA,NA
"533",948399,1993-09-11,"Norwich","Wimbledon FC","Wimbledon FC",NA,NA
"534",948405,1993-09-11,"Oldham","Everton","Everton",NA,NA
"535",948151,1993-09-11,"Aston Villa","Coventry",NA,"Aston Villa","Coventry"
"536",948199,1993-09-11,"Chelsea","Manchester United","Chelsea",NA,NA
"537",948460,1993-09-11,"Sheffield United","Tottenham",NA,"Sheffield United","Tottenham"
"538",948297,1993-09-12,"Liverpool","Blackburn","Blackburn",NA,NA
"539",948373,1993-09-13,"Newcastle","Sheffield Weds","Newcastle",NA,NA
"540",948239,1993-09-18,"Everton","Liverpool","Everton",NA,NA
"541",948254,1993-09-18,"Ipswich","Aston Villa","Aston Villa",NA,NA
"542",948516,1993-09-18,"Swindon","Newcastle",NA,"Swindon","Newcastle"
"543",948539,1993-09-18,"Tottenham","Oldham","Tottenham",NA,NA
"544",948288,1993-09-18,"Leeds","Sheffield United","Leeds",NA,NA
"545",948433,1993-09-18,"QPR","Norwich",NA,"QPR","Norwich"
"546",948188,1993-09-18,"Blackburn","West Ham","West Ham",NA,NA
"547",948214,1993-09-18,"Coventry","Chelsea",NA,"Coventry","Chelsea"
"548",948479,1993-09-18,"Sheffield Weds","Southampton","Sheffield Weds",NA,NA
"549",948337,1993-09-19,"Manchester United","Arsenal","Manchester United",NA,NA
"550",948577,1993-09-20,"Wimbledon FC","Manchester City","Wimbledon FC",NA,NA
"551",948243,1993-09-25,"Everton","Norwich","Norwich",NA,NA
"552",948354,1993-09-25,"Manchester United","Swindon","Manchester United",NA,NA
"553",948377,1993-09-25,"Newcastle","West Ham","Newcastle",NA,NA
"554",948143,1993-09-25,"Arsenal","Southampton","Arsenal",NA,NA
"555",948401,1993-09-25,"Oldham","Aston Villa",NA,"Oldham","Aston Villa"
"556",948184,1993-09-25,"Blackburn","Sheffield Weds",NA,"Blackburn","Sheffield Weds"
"557",948451,1993-09-25,"Sheffield United","Manchester City","Manchester City",NA,NA
"558",948197,1993-09-25,"Chelsea","Liverpool","Chelsea",NA,NA
"559",948217,1993-09-25,"Coventry","Leeds","Leeds",NA,NA
"560",948271,1993-09-26,"Ipswich","Tottenham",NA,"Ipswich","Tottenham"
"561",948582,1993-09-27,"Wimbledon FC","QPR",NA,"Wimbledon FC","QPR"
"562",948499,1993-10-02,"Southampton","Sheffield United",NA,"Southampton","Sheffield United"
"563",948507,1993-10-02,"Swindon","Blackburn","Blackburn",NA,NA
"564",948294,1993-10-02,"Leeds","Wimbledon FC","Leeds",NA,NA
"565",948550,1993-10-02,"West Ham","Chelsea","West Ham",NA,NA
"566",948295,1993-10-02,"Liverpool","Arsenal",NA,"Liverpool","Arsenal"
"567",948383,1993-10-02,"Norwich","Coventry","Norwich",NA,NA
"568",948158,1993-10-02,"Aston Villa","Newcastle","Newcastle",NA,NA
"569",948427,1993-10-02,"QPR","Ipswich","QPR",NA,NA
"570",948473,1993-10-02,"Sheffield Weds","Manchester United","Manchester United",NA,NA
"571",948531,1993-10-03,"Tottenham","Everton","Tottenham",NA,NA
"572",948328,1993-10-04,"Manchester City","Oldham",NA,"Manchester City","Oldham"
"573",948227,1993-10-16,"Coventry","Southampton",NA,"Coventry","Southampton"
"574",948483,1993-10-16,"Sheffield Weds","Wimbledon FC",NA,"Sheffield Weds","Wimbledon FC"
"575",948510,1993-10-16,"Swindon","Everton",NA,"Swindon","Everton"
"576",948548,1993-10-16,"West Ham","Aston Villa",NA,"West Ham","Aston Villa"
"577",948307,1993-10-16,"Liverpool","Oldham","Liverpool",NA,NA
"578",948355,1993-10-16,"Manchester United","Tottenham","Manchester United",NA,NA
"579",948371,1993-10-16,"Newcastle","QPR","QPR",NA,NA
"580",948135,1993-10-16,"Arsenal","Manchester City",NA,"Arsenal","Manchester City"
"581",948201,1993-10-16,"Chelsea","Norwich","Norwich",NA,NA
"582",948259,1993-10-17,"Ipswich","Leeds",NA,"Ipswich","Leeds"
"583",948183,1993-10-18,"Blackburn","Sheffield United",NA,"Blackburn","Sheffield United"
"584",948241,1993-10-23,"Everton","Manchester United","Manchester United",NA,NA
"585",948276,1993-10-23,"Leeds","Blackburn",NA,"Leeds","Blackburn"
"586",948544,1993-10-23,"Tottenham","Swindon",NA,"Tottenham","Swindon"
"587",948324,1993-10-23,"Manchester City","Liverpool",NA,"Manchester City","Liverpool"
"588",948398,1993-10-23,"Norwich","West Ham",NA,"Norwich","West Ham"
"589",948400,1993-10-23,"Oldham","Arsenal",NA,"Oldham","Arsenal"
"590",948150,1993-10-23,"Aston Villa","Chelsea","Aston Villa",NA,NA
"591",948425,1993-10-23,"QPR","Coventry","QPR",NA,NA
"592",948457,1993-10-23,"Sheffield United","Sheffield Weds",NA,"Sheffield United","Sheffield Weds"
"593",948495,1993-10-24,"Southampton","Newcastle","Southampton",NA,NA
"594",948574,1993-10-25,"Wimbledon FC","Ipswich","Ipswich",NA,NA
"595",948506,1993-10-30,"Swindon","Aston Villa","Aston Villa",NA,NA
"596",948258,1993-10-30,"Ipswich","Everton","Everton",NA,NA
"597",948311,1993-10-30,"Liverpool","Southampton","Liverpool",NA,NA
"598",948350,1993-10-30,"Manchester United","QPR","Manchester United",NA,NA
"599",948378,1993-10-30,"Newcastle","Wimbledon FC","Newcastle",NA,NA
"600",948138,1993-10-30,"Arsenal","Norwich",NA,"Arsenal","Norwich"
"601",948187,1993-10-30,"Blackburn","Tottenham","Blackburn",NA,NA
"602",948202,1993-10-30,"Chelsea","Oldham","Oldham",NA,NA
"603",948470,1993-10-30,"Sheffield Weds","Leeds",NA,"Sheffield Weds","Leeds"
"604",948225,1993-10-31,"Coventry","Sheffield United",NA,"Coventry","Sheffield United"
"605",948556,1993-11-01,"West Ham","Manchester City","West Ham",NA,NA
"606",948502,1993-11-06,"Southampton","Tottenham","Southampton",NA,NA
"607",948268,1993-11-06,"Ipswich","Sheffield Weds","Sheffield Weds",NA,NA
"608",948277,1993-11-06,"Leeds","Chelsea","Leeds",NA,NA
"609",948314,1993-11-06,"Liverpool","West Ham","Liverpool",NA,NA
"610",948586,1993-11-06,"Wimbledon FC","Swindon","Wimbledon FC",NA,NA
"611",948127,1993-11-06,"Arsenal","Aston Villa","Aston Villa",NA,NA
"612",948423,1993-11-06,"QPR","Blackburn","QPR",NA,NA
"613",948454,1993-11-06,"Sheffield United","Norwich","Norwich",NA,NA
"614",948215,1993-11-06,"Coventry","Everton","Coventry",NA,NA
"615",948325,1993-11-07,"Manchester City","Manchester United","Manchester United",NA,NA
"616",948411,1993-11-08,"Oldham","Newcastle","Newcastle",NA,NA
"617",948245,1993-11-20,"Everton","QPR","QPR",NA,NA
"618",948511,1993-11-20,"Swindon","Ipswich",NA,"Swindon","Ipswich"
"619",948533,1993-11-20,"Tottenham","Leeds",NA,"Tottenham","Leeds"
"620",948560,1993-11-20,"West Ham","Oldham","West Ham",NA,NA
"621",948357,1993-11-20,"Manchester United","Wimbledon FC","Manchester United",NA,NA
"622",948388,1993-11-20,"Norwich","Manchester City",NA,"Norwich","Manchester City"
"623",948162,1993-11-20,"Aston Villa","Sheffield United","Aston Villa",NA,NA
"624",948185,1993-11-20,"Blackburn","Southampton","Blackburn",NA,NA
"625",948190,1993-11-20,"Chelsea","Arsenal","Arsenal",NA,NA
"626",948467,1993-11-20,"Sheffield Weds","Coventry",NA,"Sheffield Weds","Coventry"
"627",948366,1993-11-21,"Newcastle","Liverpool","Newcastle",NA,NA
"628",948198,1993-11-22,"Chelsea","Manchester City",NA,"Chelsea","Manchester City"
"629",948238,1993-11-23,"Everton","Leeds",NA,"Everton","Leeds"
"630",948172,1993-11-23,"Blackburn","Coventry","Blackburn",NA,NA
"631",948519,1993-11-24,"Swindon","QPR","Swindon",NA,NA
"632",948546,1993-11-24,"Tottenham","Wimbledon FC",NA,"Tottenham","Wimbledon FC"
"633",948547,1993-11-24,"West Ham","Arsenal",NA,"West Ham","Arsenal"
"634",948343,1993-11-24,"Manchester United","Ipswich",NA,"Manchester United","Ipswich"
"635",948372,1993-11-24,"Newcastle","Sheffield United","Newcastle",NA,NA
"636",948164,1993-11-24,"Aston Villa","Southampton","Southampton",NA,NA
"637",948476,1993-11-24,"Sheffield Weds","Oldham","Sheffield Weds",NA,NA
"638",948255,1993-11-27,"Ipswich","Blackburn","Ipswich",NA,NA
"639",948291,1993-11-27,"Leeds","Swindon","Leeds",NA,NA
"640",948573,1993-11-27,"Wimbledon FC","Everton",NA,"Wimbledon FC","Everton"
"641",948331,1993-11-27,"Manchester City","Sheffield Weds","Sheffield Weds",NA,NA
"642",948137,1993-11-27,"Arsenal","Newcastle","Arsenal",NA,NA
"643",948412,1993-11-27,"Oldham","Norwich","Oldham",NA,NA
"644",948439,1993-11-27,"QPR","Tottenham",NA,"QPR","Tottenham"
"645",948445,1993-11-27,"Sheffield United","Chelsea","Sheffield United",NA,NA
"646",948220,1993-11-27,"Coventry","Manchester United","Manchester United",NA,NA
"647",948296,1993-11-28,"Liverpool","Aston Villa","Liverpool",NA,NA
"648",948503,1993-11-29,"Southampton","West Ham","West Ham",NA,NA
"649",948248,1993-12-04,"Everton","Southampton","Everton",NA,NA
"650",948520,1993-12-04,"Swindon","Sheffield United",NA,"Swindon","Sheffield United"
"651",948265,1993-12-04,"Ipswich","Oldham",NA,"Ipswich","Oldham"
"652",948537,1993-12-04,"Tottenham","Newcastle","Newcastle",NA,NA
"653",948282,1993-12-04,"Leeds","Manchester City","Leeds",NA,NA
"654",948588,1993-12-04,"Wimbledon FC","West Ham","West Ham",NA,NA
"655",948348,1993-12-04,"Manchester United","Norwich",NA,"Manchester United","Norwich"
"656",948422,1993-12-04,"QPR","Aston Villa",NA,"QPR","Aston Villa"
"657",948211,1993-12-04,"Coventry","Arsenal","Coventry",NA,NA
"658",948471,1993-12-04,"Sheffield Weds","Liverpool","Sheffield Weds",NA,NA
"659",948171,1993-12-05,"Blackburn","Chelsea","Blackburn",NA,NA
"660",948145,1993-12-06,"Arsenal","Tottenham",NA,"Arsenal","Tottenham"
"661",948417,1993-12-07,"Oldham","Swindon","Oldham",NA,NA
"662",948452,1993-12-07,"Sheffield United","Manchester United","Manchester United",NA,NA
"663",948490,1993-12-08,"Southampton","Ipswich","Ipswich",NA,NA
"664",948554,1993-12-08,"West Ham","Leeds","Leeds",NA,NA
"665",948308,1993-12-08,"Liverpool","QPR","Liverpool",NA,NA
"666",948321,1993-12-08,"Manchester City","Everton","Manchester City",NA,NA
"667",948163,1993-12-08,"Aston Villa","Sheffield Weds",NA,"Aston Villa","Sheffield Weds"
"668",948498,1993-12-11,"Southampton","QPR","QPR",NA,NA
"669",948551,1993-12-11,"West Ham","Coventry","West Ham",NA,NA
"670",948312,1993-12-11,"Liverpool","Swindon",NA,"Liverpool","Swindon"
"671",948334,1993-12-11,"Manchester City","Tottenham","Tottenham",NA,NA
"672",948368,1993-12-11,"Newcastle","Manchester United",NA,"Newcastle","Manchester United"
"673",948402,1993-12-11,"Oldham","Blackburn","Blackburn",NA,NA
"674",948168,1993-12-11,"Aston Villa","Wimbledon FC","Wimbledon FC",NA,NA
"675",948447,1993-12-11,"Sheffield United","Everton",NA,"Sheffield United","Everton"
"676",948195,1993-12-11,"Chelsea","Ipswich",NA,"Chelsea","Ipswich"
"677",948142,1993-12-12,"Arsenal","Sheffield Weds","Arsenal",NA,NA
"678",948386,1993-12-13,"Norwich","Leeds","Norwich",NA,NA
"679",948482,1993-12-18,"Sheffield Weds","West Ham","Sheffield Weds",NA,NA
"680",948242,1993-12-18,"Everton","Newcastle","Newcastle",NA,NA
"681",948264,1993-12-18,"Ipswich","Norwich","Ipswich",NA,NA
"682",948522,1993-12-18,"Swindon","Southampton","Swindon",NA,NA
"683",948274,1993-12-18,"Leeds","Arsenal","Leeds",NA,NA
"684",948534,1993-12-18,"Tottenham","Liverpool",NA,"Tottenham","Liverpool"
"685",948583,1993-12-18,"Wimbledon FC","Sheffield United","Wimbledon FC",NA,NA
"686",948177,1993-12-18,"Blackburn","Manchester City","Blackburn",NA,NA
"687",948223,1993-12-18,"Coventry","Oldham",NA,"Coventry","Oldham"
"688",948338,1993-12-19,"Manchester United","Aston Villa","Manchester United",NA,NA
"689",948365,1993-12-22,"Newcastle","Leeds",NA,"Newcastle","Leeds"
"690",948572,1993-12-26,"Wimbledon FC","Coventry","Coventry",NA,NA
"691",948339,1993-12-26,"Manchester United","Blackburn",NA,"Manchester United","Blackburn"
"692",948450,1993-12-26,"Sheffield United","Liverpool",NA,"Sheffield United","Liverpool"
"693",948487,1993-12-27,"Southampton","Chelsea","Southampton",NA,NA
"694",948247,1993-12-27,"Everton","Sheffield Weds","Sheffield Weds",NA,NA
"695",948505,1993-12-27,"Swindon","Arsenal","Arsenal",NA,NA
"696",948272,1993-12-27,"Ipswich","West Ham",NA,"Ipswich","West Ham"
"697",948538,1993-12-27,"Tottenham","Norwich","Norwich",NA,NA
"698",948434,1993-12-27,"QPR","Oldham","QPR",NA,NA
"699",948566,1993-12-28,"West Ham","Tottenham","Tottenham",NA,NA
"700",948315,1993-12-28,"Liverpool","Wimbledon FC",NA,"Liverpool","Wimbledon FC"
"701",948332,1993-12-28,"Manchester City","Southampton",NA,"Manchester City","Southampton"
"702",948200,1993-12-28,"Chelsea","Newcastle","Chelsea",NA,NA
"703",948480,1993-12-29,"Sheffield Weds","Swindon",NA,"Sheffield Weds","Swindon"
"704",948287,1993-12-29,"Leeds","QPR",NA,"Leeds","QPR"
"705",948380,1993-12-29,"Norwich","Aston Villa","Aston Villa",NA,NA
"706",948141,1993-12-29,"Arsenal","Sheffield United","Arsenal",NA,NA
"707",948410,1993-12-29,"Oldham","Manchester United","Manchester United",NA,NA
"708",948173,1993-12-29,"Blackburn","Everton","Blackburn",NA,NA
"709",948496,1994-01-01,"Southampton","Norwich","Norwich",NA,NA
"710",948251,1994-01-01,"Everton","West Ham","West Ham",NA,NA
"711",948508,1994-01-01,"Swindon","Chelsea","Chelsea",NA,NA
"712",948260,1994-01-01,"Ipswich","Liverpool","Liverpool",NA,NA
"713",948530,1994-01-01,"Tottenham","Coventry","Coventry",NA,NA
"714",948568,1994-01-01,"Wimbledon FC","Arsenal","Arsenal",NA,NA
"715",948344,1994-01-01,"Manchester United","Leeds",NA,"Manchester United","Leeds"
"716",948367,1994-01-01,"Newcastle","Manchester City","Newcastle",NA,NA
"717",948149,1994-01-01,"Aston Villa","Blackburn","Blackburn",NA,NA
"718",948436,1994-01-01,"QPR","Sheffield Weds","Sheffield Weds",NA,NA
"719",948455,1994-01-01,"Sheffield United","Oldham","Sheffield United",NA,NA
"720",948481,1994-01-03,"Sheffield Weds","Tottenham","Sheffield Weds",NA,NA
"721",948228,1994-01-03,"Coventry","Swindon",NA,"Coventry","Swindon"
"722",948562,1994-01-03,"West Ham","Sheffield United",NA,"West Ham","Sheffield United"
"723",948140,1994-01-03,"Arsenal","QPR",NA,"Arsenal","QPR"
"724",948194,1994-01-03,"Chelsea","Everton","Chelsea",NA,NA
"725",948304,1994-01-04,"Liverpool","Manchester United",NA,"Liverpool","Manchester United"
"726",948390,1994-01-04,"Norwich","Newcastle","Newcastle",NA,NA
"727",948488,1994-01-15,"Southampton","Coventry","Southampton",NA,NA
"728",948249,1994-01-15,"Everton","Swindon","Everton",NA,NA
"729",948280,1994-01-15,"Leeds","Ipswich",NA,"Leeds","Ipswich"
"730",948536,1994-01-15,"Tottenham","Manchester United","Manchester United",NA,NA
"731",948316,1994-01-15,"Manchester City","Arsenal",NA,"Manchester City","Arsenal"
"732",948584,1994-01-15,"Wimbledon FC","Sheffield Weds","Wimbledon FC",NA,NA
"733",948382,1994-01-15,"Norwich","Chelsea",NA,"Norwich","Chelsea"
"734",948408,1994-01-15,"Oldham","Liverpool","Liverpool",NA,NA
"735",948167,1994-01-15,"Aston Villa","West Ham","Aston Villa",NA,NA
"736",948444,1994-01-15,"Sheffield United","Blackburn","Blackburn",NA,NA
"737",948432,1994-01-16,"QPR","Newcastle","Newcastle",NA,NA
"738",948224,1994-01-22,"Coventry","QPR","QPR",NA,NA
"739",948523,1994-01-22,"Swindon","Tottenham","Swindon",NA,NA
"740",948273,1994-01-22,"Ipswich","Wimbledon FC",NA,"Ipswich","Wimbledon FC"
"741",948303,1994-01-22,"Liverpool","Manchester City","Liverpool",NA,NA
"742",948342,1994-01-22,"Manchester United","Everton","Manchester United",NA,NA
"743",948374,1994-01-22,"Newcastle","Southampton","Southampton",NA,NA
"744",948139,1994-01-22,"Arsenal","Oldham",NA,"Arsenal","Oldham"
"745",948191,1994-01-22,"Chelsea","Aston Villa",NA,"Chelsea","Aston Villa"
"746",948478,1994-01-22,"Sheffield Weds","Sheffield United","Sheffield Weds",NA,NA
"747",948175,1994-01-23,"Blackburn","Leeds","Blackburn",NA,NA
"748",948559,1994-01-24,"West Ham","Norwich",NA,"West Ham","Norwich"
"749",948216,1994-02-02,"Coventry","Ipswich","Coventry",NA,NA
"750",948235,1994-02-05,"Everton","Chelsea","Everton",NA,NA
"751",948509,1994-02-05,"Swindon","Coventry","Swindon",NA,NA
"752",948542,1994-02-05,"Tottenham","Sheffield Weds","Sheffield Weds",NA,NA
"753",948322,1994-02-05,"Manchester City","Ipswich","Manchester City",NA,NA
"754",948387,1994-02-05,"Norwich","Liverpool",NA,"Norwich","Liverpool"
"755",948416,1994-02-05,"Oldham","Southampton","Oldham",NA,NA
"756",948431,1994-02-05,"QPR","Manchester United","Manchester United",NA,NA
"757",948189,1994-02-05,"Blackburn","Wimbledon FC","Blackburn",NA,NA
"758",948154,1994-02-06,"Aston Villa","Leeds","Aston Villa",NA,NA
"759",948237,1994-02-12,"Everton","Ipswich",NA,"Everton","Ipswich"
"760",948528,1994-02-12,"Tottenham","Blackburn","Blackburn",NA,NA
"761",948579,1994-02-12,"Wimbledon FC","Newcastle","Wimbledon FC",NA,NA
"762",948335,1994-02-12,"Manchester City","West Ham",NA,"Manchester City","West Ham"
"763",948403,1994-02-12,"Oldham","Chelsea","Oldham",NA,NA
"764",948165,1994-02-12,"Aston Villa","Swindon","Aston Villa",NA,NA
"765",948446,1994-02-12,"Sheffield United","Coventry",NA,"Sheffield United","Coventry"
"766",948379,1994-02-13,"Norwich","Arsenal",NA,"Norwich","Arsenal"
"767",948492,1994-02-14,"Southampton","Liverpool","Southampton",NA,NA
"768",948232,1994-02-19,"Everton","Arsenal",NA,"Everton","Arsenal"
"769",948517,1994-02-19,"Swindon","Norwich",NA,"Swindon","Norwich"
"770",948281,1994-02-19,"Leeds","Liverpool","Leeds",NA,NA
"771",948179,1994-02-19,"Blackburn","Newcastle","Blackburn",NA,NA
"772",948219,1994-02-19,"Coventry","Manchester City","Coventry",NA,NA
"773",948381,1994-02-22,"Norwich","Blackburn",NA,"Norwich","Blackburn"
"774",948156,1994-02-22,"Aston Villa","Manchester City",NA,"Aston Villa","Manchester City"
"775",948362,1994-02-23,"Newcastle","Coventry","Newcastle",NA,NA
"776",948504,1994-02-26,"Southampton","Wimbledon FC","Southampton",NA,NA
"777",948267,1994-02-26,"Ipswich","Sheffield United","Ipswich",NA,NA
"778",948299,1994-02-26,"Liverpool","Coventry","Liverpool",NA,NA
"779",948557,1994-02-26,"West Ham","Manchester United",NA,"West Ham","Manchester United"
"780",948333,1994-02-26,"Manchester City","Swindon","Manchester City",NA,NA
"781",948128,1994-02-26,"Arsenal","Blackburn","Arsenal",NA,NA
"782",948394,1994-02-26,"Norwich","Sheffield Weds",NA,"Norwich","Sheffield Weds"
"783",948208,1994-02-27,"Chelsea","Tottenham","Chelsea",NA,NA
"784",948407,1994-02-28,"Oldham","Leeds",NA,"Oldham","Leeds"
"785",948527,1994-03-02,"Tottenham","Aston Villa",NA,"Tottenham","Aston Villa"
"786",948244,1994-03-05,"Everton","Oldham","Everton",NA,NA
"787",948253,1994-03-05,"Ipswich","Arsenal","Arsenal",NA,NA
"788",948524,1994-03-05,"Swindon","West Ham",NA,"Swindon","West Ham"
"789",948541,1994-03-05,"Tottenham","Sheffield United",NA,"Tottenham","Sheffield United"
"790",948290,1994-03-05,"Leeds","Southampton",NA,"Leeds","Southampton"
"791",948580,1994-03-05,"Wimbledon FC","Norwich","Wimbledon FC",NA,NA
"792",948340,1994-03-05,"Manchester United","Chelsea","Chelsea",NA,NA
"793",948430,1994-03-05,"QPR","Manchester City",NA,"QPR","Manchester City"
"794",948176,1994-03-05,"Blackburn","Liverpool","Blackburn",NA,NA
"795",948474,1994-03-05,"Sheffield Weds","Newcastle","Newcastle",NA,NA
"796",948212,1994-03-06,"Coventry","Aston Villa","Aston Villa",NA,NA
"797",948500,1994-03-12,"Southampton","Sheffield Weds",NA,"Southampton","Sheffield Weds"
"798",948336,1994-03-12,"Manchester City","Wimbledon FC","Wimbledon FC",NA,NA
"799",948375,1994-03-12,"Newcastle","Swindon","Newcastle",NA,NA
"800",948392,1994-03-12,"Norwich","QPR","QPR",NA,NA
"801",948153,1994-03-12,"Aston Villa","Ipswich","Ipswich",NA,NA
"802",948300,1994-03-13,"Liverpool","Everton","Liverpool",NA,NA
"803",948449,1994-03-13,"Sheffield United","Leeds",NA,"Sheffield United","Leeds"
"804",948275,1994-03-16,"Leeds","Aston Villa","Leeds",NA,NA
"805",948352,1994-03-16,"Manchester United","Sheffield Weds","Manchester United",NA,NA
"806",948456,1994-03-16,"Sheffield United","QPR",NA,"Sheffield United","QPR"
"807",948210,1994-03-16,"Chelsea","Wimbledon FC","Chelsea",NA,NA
"808",948484,1994-03-19,"Southampton","Arsenal","Arsenal",NA,NA
"809",948515,1994-03-19,"Swindon","Manchester United",NA,"Swindon","Manchester United"
"810",948532,1994-03-19,"Tottenham","Ipswich",NA,"Tottenham","Ipswich"
"811",948278,1994-03-19,"Leeds","Coventry","Leeds",NA,NA
"812",948298,1994-03-19,"Liverpool","Chelsea","Liverpool",NA,NA
"813",948558,1994-03-19,"West Ham","Newcastle","Newcastle",NA,NA
"814",948330,1994-03-19,"Manchester City","Sheffield United",NA,"Manchester City","Sheffield United"
"815",948160,1994-03-19,"Aston Villa","Oldham","Oldham",NA,NA
"816",948441,1994-03-19,"QPR","Wimbledon FC","QPR",NA,NA
"817",948465,1994-03-20,"Sheffield Weds","Blackburn","Blackburn",NA,NA
"818",948384,1994-03-21,"Norwich","Everton","Norwich",NA,NA
"819",948364,1994-03-22,"Newcastle","Ipswich","Newcastle",NA,NA
"820",948136,1994-03-22,"Arsenal","Manchester United",NA,"Arsenal","Manchester United"
"821",948250,1994-03-26,"Everton","Tottenham","Tottenham",NA,NA
"822",948266,1994-03-26,"Ipswich","QPR","QPR",NA,NA
"823",948134,1994-03-26,"Arsenal","Liverpool","Arsenal",NA,NA
"824",948409,1994-03-26,"Oldham","Manchester City",NA,"Oldham","Manchester City"
"825",948186,1994-03-26,"Blackburn","Swindon","Blackburn",NA,NA
"826",948458,1994-03-26,"Sheffield United","Southampton",NA,"Sheffield United","Southampton"
"827",948209,1994-03-26,"Chelsea","West Ham","Chelsea",NA,NA
"828",948222,1994-03-26,"Coventry","Norwich","Coventry",NA,NA
"829",948575,1994-03-27,"Wimbledon FC","Leeds","Wimbledon FC",NA,NA
"830",948461,1994-03-28,"Sheffield United","West Ham","Sheffield United",NA,NA
"831",948261,1994-03-29,"Ipswich","Manchester City",NA,"Ipswich","Manchester City"
"832",948570,1994-03-29,"Wimbledon FC","Blackburn","Wimbledon FC",NA,NA
"833",948369,1994-03-29,"Newcastle","Norwich","Newcastle",NA,NA
"834",948497,1994-03-30,"Southampton","Oldham","Oldham",NA,NA
"835",948345,1994-03-30,"Manchester United","Liverpool","Manchester United",NA,NA
"836",948152,1994-03-30,"Aston Villa","Everton",NA,"Aston Villa","Everton"
"837",948466,1994-03-30,"Sheffield Weds","Chelsea","Sheffield Weds",NA,NA
"838",948284,1994-04-01,"Leeds","Newcastle",NA,"Leeds","Newcastle"
"839",948231,1994-04-02,"Coventry","Wimbledon FC","Wimbledon FC",NA,NA
"840",948553,1994-04-02,"West Ham","Ipswich","West Ham",NA,NA
"841",948309,1994-04-02,"Liverpool","Sheffield United","Sheffield United",NA,NA
"842",948317,1994-04-02,"Manchester City","Aston Villa","Manchester City",NA,NA
"843",948397,1994-04-02,"Norwich","Tottenham","Tottenham",NA,NA
"844",948144,1994-04-02,"Arsenal","Swindon",NA,"Arsenal","Swindon"
"845",948413,1994-04-02,"Oldham","QPR","Oldham",NA,NA
"846",948178,1994-04-02,"Blackburn","Manchester United","Blackburn",NA,NA
"847",948206,1994-04-02,"Chelsea","Southampton","Chelsea",NA,NA
"848",948468,1994-04-02,"Sheffield Weds","Everton","Sheffield Weds",NA,NA
"849",948234,1994-04-04,"Everton","Blackburn","Blackburn",NA,NA
"850",948493,1994-04-04,"Southampton","Manchester City","Manchester City",NA,NA
"851",948257,1994-04-04,"Ipswich","Coventry","Coventry",NA,NA
"852",948521,1994-04-04,"Swindon","Sheffield Weds","Sheffield Weds",NA,NA
"853",948545,1994-04-04,"Tottenham","West Ham","West Ham",NA,NA
"854",948576,1994-04-04,"Wimbledon FC","Liverpool",NA,"Wimbledon FC","Liverpool"
"855",948349,1994-04-04,"Manchester United","Oldham","Manchester United",NA,NA
"856",948361,1994-04-04,"Newcastle","Chelsea",NA,"Newcastle","Chelsea"
"857",948159,1994-04-04,"Aston Villa","Norwich",NA,"Aston Villa","Norwich"
"858",948428,1994-04-04,"QPR","Leeds","Leeds",NA,NA
"859",948442,1994-04-04,"Sheffield United","Arsenal",NA,"Sheffield United","Arsenal"
"860",948229,1994-04-09,"Coventry","Tottenham","Coventry",NA,NA
"861",948552,1994-04-09,"West Ham","Everton","Everton",NA,NA
"862",948301,1994-04-09,"Liverpool","Ipswich","Liverpool",NA,NA
"863",948326,1994-04-09,"Manchester City","Newcastle","Manchester City",NA,NA
"864",948395,1994-04-09,"Norwich","Southampton","Southampton",NA,NA
"865",948477,1994-04-09,"Sheffield Weds","QPR","Sheffield Weds",NA,NA
"866",948170,1994-04-11,"Blackburn","Aston Villa","Blackburn",NA,NA
"867",948424,1994-04-13,"QPR","Chelsea",NA,"QPR","Chelsea"
"868",948226,1994-04-16,"Coventry","Sheffield Weds",NA,"Coventry","Sheffield Weds"
"869",948486,1994-04-16,"Southampton","Blackburn","Southampton",NA,NA
"870",948270,1994-04-16,"Ipswich","Swindon",NA,"Ipswich","Swindon"
"871",948305,1994-04-16,"Liverpool","Newcastle","Newcastle",NA,NA
"872",948578,1994-04-16,"Wimbledon FC","Manchester United","Wimbledon FC",NA,NA
"873",948327,1994-04-16,"Manchester City","Norwich",NA,"Manchester City","Norwich"
"874",948129,1994-04-16,"Arsenal","Chelsea","Arsenal",NA,NA
"875",948419,1994-04-16,"Oldham","West Ham","West Ham",NA,NA
"876",948426,1994-04-16,"QPR","Everton","QPR",NA,NA
"877",948443,1994-04-16,"Sheffield United","Aston Villa","Aston Villa",NA,NA
"878",948292,1994-04-17,"Leeds","Tottenham","Leeds",NA,NA
"879",948147,1994-04-19,"Arsenal","Wimbledon FC",NA,"Arsenal","Wimbledon FC"
"880",948236,1994-04-23,"Everton","Coventry",NA,"Everton","Coventry"
"881",948525,1994-04-23,"Swindon","Wimbledon FC","Wimbledon FC",NA,NA
"882",948543,1994-04-23,"Tottenham","Southampton","Tottenham",NA,NA
"883",948555,1994-04-23,"West Ham","Liverpool","Liverpool",NA,NA
"884",948346,1994-04-23,"Manchester United","Manchester City","Manchester United",NA,NA
"885",948370,1994-04-23,"Newcastle","Oldham","Newcastle",NA,NA
"886",948393,1994-04-23,"Norwich","Sheffield United","Sheffield United",NA,NA
"887",948148,1994-04-23,"Aston Villa","Arsenal","Arsenal",NA,NA
"888",948196,1994-04-23,"Chelsea","Leeds",NA,"Chelsea","Leeds"
"889",948469,1994-04-23,"Sheffield Weds","Ipswich","Sheffield Weds",NA,NA
"890",948182,1994-04-24,"Blackburn","QPR",NA,"Blackburn","QPR"
"891",948581,1994-04-26,"Wimbledon FC","Oldham","Wimbledon FC",NA,NA
"892",948283,1994-04-27,"Leeds","Manchester United","Manchester United",NA,NA
"893",948549,1994-04-27,"West Ham","Blackburn","Blackburn",NA,NA
"894",948359,1994-04-27,"Newcastle","Aston Villa","Newcastle",NA,NA
"895",948421,1994-04-27,"QPR","Arsenal",NA,"QPR","Arsenal"
"896",948207,1994-04-27,"Chelsea","Swindon","Chelsea",NA,NA
"897",948485,1994-04-30,"Southampton","Aston Villa","Southampton",NA,NA
"898",948279,1994-04-30,"Leeds","Everton","Leeds",NA,NA
"899",948306,1994-04-30,"Liverpool","Norwich","Norwich",NA,NA
"900",948319,1994-04-30,"Manchester City","Chelsea",NA,"Manchester City","Chelsea"
"901",948587,1994-04-30,"Wimbledon FC","Tottenham","Wimbledon FC",NA,NA
"902",948146,1994-04-30,"Arsenal","West Ham","West Ham",NA,NA
"903",948415,1994-04-30,"Oldham","Sheffield Weds",NA,"Oldham","Sheffield Weds"
"904",948438,1994-04-30,"QPR","Swindon","Swindon",NA,NA
"905",948453,1994-04-30,"Sheffield United","Newcastle","Sheffield United",NA,NA
"906",948262,1994-05-01,"Ipswich","Manchester United","Manchester United",NA,NA
"907",948213,1994-05-02,"Coventry","Blackburn","Coventry",NA,NA
"908",948289,1994-05-03,"Leeds","Sheffield Weds",NA,"Leeds","Sheffield Weds"
"909",948414,1994-05-03,"Oldham","Sheffield United",NA,"Oldham","Sheffield United"
"910",948440,1994-05-03,"QPR","West Ham",NA,"QPR","West Ham"
"911",948353,1994-05-04,"Manchester United","Southampton","Manchester United",NA,NA
"912",948193,1994-05-04,"Chelsea","Coventry","Coventry",NA,NA
"913",948418,1994-05-05,"Oldham","Tottenham","Tottenham",NA,NA
"914",948252,1994-05-07,"Everton","Wimbledon FC","Everton",NA,NA
"915",948512,1994-05-07,"Swindon","Leeds","Leeds",NA,NA
"916",948540,1994-05-07,"Tottenham","QPR","QPR",NA,NA
"917",948564,1994-05-07,"West Ham","Southampton",NA,"West Ham","Southampton"
"918",948358,1994-05-07,"Newcastle","Arsenal","Newcastle",NA,NA
"919",948391,1994-05-07,"Norwich","Oldham",NA,"Norwich","Oldham"
"920",948155,1994-05-07,"Aston Villa","Liverpool","Aston Villa",NA,NA
"921",948174,1994-05-07,"Blackburn","Ipswich",NA,"Blackburn","Ipswich"
"922",948204,1994-05-07,"Chelsea","Sheffield United","Chelsea",NA,NA
"923",948472,1994-05-07,"Sheffield Weds","Manchester City",NA,"Sheffield Weds","Manchester City"
"924",948341,1994-05-08,"Manchester United","Coventry",NA,"Manchester United","Coventry"
"925",948750,1994-08-20,"Ipswich","Nottingham Forest","Nottingham Forest",NA,NA
"926",949017,1994-08-20,"West Ham","Leeds",NA,"West Ham","Leeds"
"927",948599,1994-08-20,"Arsenal","Manchester City","Arsenal",NA,NA
"928",948856,1994-08-20,"Manchester United","QPR","Manchester United",NA,NA
"929",948665,1994-08-20,"Chelsea","Norwich","Chelsea",NA,NA
"930",948693,1994-08-20,"Coventry","Wimbledon FC",NA,"Coventry","Wimbledon FC"
"931",948703,1994-08-20,"Crystal Palace","Liverpool","Liverpool",NA,NA
"932",948964,1994-08-20,"Sheffield Weds","Tottenham","Tottenham",NA,NA
"933",948969,1994-08-20,"Southampton","Blackburn",NA,"Southampton","Blackburn"
"934",948716,1994-08-20,"Everton","Aston Villa",NA,"Everton","Aston Villa"
"935",948790,1994-08-21,"Leicester","Newcastle","Newcastle",NA,NA
"936",948916,1994-08-22,"Nottingham Forest","Manchester United",NA,"Nottingham Forest","Manchester United"
"937",948757,1994-08-23,"Leeds","Arsenal","Leeds",NA,NA
"938",949037,1994-08-23,"Wimbledon FC","Ipswich",NA,"Wimbledon FC","Ipswich"
"939",948639,1994-08-23,"Blackburn","Leicester","Blackburn",NA,NA
"940",948994,1994-08-24,"Tottenham","Everton","Tottenham",NA,NA
"941",948839,1994-08-24,"Manchester City","West Ham","Manchester City",NA,NA
"942",948866,1994-08-24,"Newcastle","Coventry","Newcastle",NA,NA
"943",948627,1994-08-24,"Aston Villa","Southampton",NA,"Aston Villa","Southampton"
"944",948888,1994-08-24,"Norwich","Crystal Palace",NA,"Norwich","Crystal Palace"
"945",948941,1994-08-24,"QPR","Sheffield Weds","QPR",NA,NA
"946",949000,1994-08-27,"Tottenham","Manchester United","Manchester United",NA,NA
"947",948760,1994-08-27,"Leeds","Chelsea","Chelsea",NA,NA
"948",949047,1994-08-27,"Wimbledon FC","Sheffield Weds","Sheffield Weds",NA,NA
"949",948826,1994-08-27,"Manchester City","Everton","Manchester City",NA,NA
"950",948614,1994-08-27,"Aston Villa","Crystal Palace",NA,"Aston Villa","Crystal Palace"
"951",948879,1994-08-27,"Newcastle","Southampton","Newcastle",NA,NA
"952",948634,1994-08-27,"Blackburn","Coventry","Blackburn",NA,NA
"953",948902,1994-08-27,"Norwich","West Ham","Norwich",NA,NA
"954",948913,1994-08-27,"Nottingham Forest","Leicester","Nottingham Forest",NA,NA
"955",948932,1994-08-27,"QPR","Ipswich","Ipswich",NA,NA
"956",948799,1994-08-28,"Liverpool","Arsenal","Liverpool",NA,NA
"957",948674,1994-08-29,"Coventry","Aston Villa","Aston Villa",NA,NA
"958",948754,1994-08-30,"Ipswich","Tottenham","Tottenham",NA,NA
"959",948701,1994-08-30,"Crystal Palace","Leeds","Leeds",NA,NA
"960",948729,1994-08-30,"Everton","Nottingham Forest","Nottingham Forest",NA,NA
"961",949022,1994-08-31,"West Ham","Newcastle","Newcastle",NA,NA
"962",948793,1994-08-31,"Leicester","QPR",NA,"Leicester","QPR"
"963",948590,1994-08-31,"Arsenal","Blackburn",NA,"Arsenal","Blackburn"
"964",948861,1994-08-31,"Manchester United","Wimbledon FC","Manchester United",NA,NA
"965",948662,1994-08-31,"Chelsea","Manchester City","Chelsea",NA,NA
"966",948960,1994-08-31,"Sheffield Weds","Norwich",NA,"Sheffield Weds","Norwich"
"967",948977,1994-08-31,"Southampton","Liverpool","Liverpool",NA,NA
"968",949039,1994-09-10,"Wimbledon FC","Leicester","Wimbledon FC",NA,NA
"969",948818,1994-09-10,"Liverpool","West Ham",NA,"Liverpool","West Ham"
"970",948825,1994-09-10,"Manchester City","Crystal Palace",NA,"Manchester City","Crystal Palace"
"971",948865,1994-09-10,"Newcastle","Chelsea","Newcastle",NA,NA
"972",948616,1994-09-10,"Aston Villa","Ipswich","Aston Villa",NA,NA
"973",948883,1994-09-10,"Norwich","Arsenal",NA,"Norwich","Arsenal"
"974",948636,1994-09-10,"Blackburn","Everton","Blackburn",NA,NA
"975",948920,1994-09-10,"Nottingham Forest","Sheffield Weds","Nottingham Forest",NA,NA
"976",948929,1994-09-10,"QPR","Coventry",NA,"QPR","Coventry"
"977",948768,1994-09-11,"Leeds","Manchester United","Leeds",NA,NA
"978",949006,1994-09-12,"Tottenham","Southampton","Southampton",NA,NA
"979",949010,1994-09-17,"West Ham","Aston Villa","West Ham",NA,NA
"980",948796,1994-09-17,"Leicester","Tottenham","Leicester",NA,NA
"981",948851,1994-09-17,"Manchester United","Liverpool","Manchester United",NA,NA
"982",948680,1994-09-17,"Coventry","Leeds","Coventry",NA,NA
"983",948957,1994-09-17,"Sheffield Weds","Manchester City",NA,"Sheffield Weds","Manchester City"
"984",948714,1994-09-17,"Crystal Palace","Wimbledon FC",NA,"Crystal Palace","Wimbledon FC"
"985",948982,1994-09-17,"Southampton","Nottingham Forest",NA,"Southampton","Nottingham Forest"
"986",948730,1994-09-17,"Everton","QPR",NA,"Everton","QPR"
"987",948601,1994-09-18,"Arsenal","Newcastle","Newcastle",NA,NA
"988",948654,1994-09-18,"Chelsea","Blackburn","Blackburn",NA,NA
"989",948749,1994-09-19,"Ipswich","Norwich","Norwich",NA,NA
"990",948747,1994-09-24,"Ipswich","Manchester United","Ipswich",NA,NA
"991",949003,1994-09-24,"Tottenham","Nottingham Forest","Nottingham Forest",NA,NA
"992",948833,1994-09-24,"Manchester City","Norwich","Manchester City",NA,NA
"993",948872,1994-09-24,"Newcastle","Liverpool",NA,"Newcastle","Liverpool"
"994",948632,1994-09-24,"Blackburn","Aston Villa","Blackburn",NA,NA
"995",948945,1994-09-24,"QPR","Wimbledon FC","Wimbledon FC",NA,NA
"996",948690,1994-09-24,"Coventry","Southampton","Southampton",NA,NA
"997",948697,1994-09-24,"Crystal Palace","Chelsea","Chelsea",NA,NA
"998",948723,1994-09-24,"Everton","Leicester",NA,"Everton","Leicester"
"999",949009,1994-09-25,"West Ham","Arsenal","Arsenal",NA,NA
"1000",948954,1994-09-26,"Sheffield Weds","Leeds",NA,"Sheffield Weds","Leeds"
"1001",948767,1994-10-01,"Leeds","Manchester City","Leeds",NA,NA
"1002",949049,1994-10-01,"Wimbledon FC","Tottenham","Tottenham",NA,NA
"1003",948815,1994-10-01,"Liverpool","Sheffield Weds","Liverpool",NA,NA
"1004",948847,1994-10-01,"Manchester United","Everton","Manchester United",NA,NA
"1005",948593,1994-10-01,"Arsenal","Crystal Palace","Crystal Palace",NA,NA
"1006",948622,1994-10-01,"Aston Villa","Newcastle","Newcastle",NA,NA
"1007",948885,1994-10-01,"Norwich","Blackburn","Norwich",NA,NA
"1008",948974,1994-10-01,"Southampton","Ipswich","Southampton",NA,NA
"1009",948919,1994-10-02,"Nottingham Forest","QPR","Nottingham Forest",NA,NA
"1010",948671,1994-10-02,"Chelsea","West Ham","West Ham",NA,NA
"1011",948782,1994-10-03,"Leicester","Coventry",NA,"Leicester","Coventry"
"1012",949004,1994-10-08,"Tottenham","QPR",NA,"Tottenham","QPR"
"1013",949014,1994-10-08,"West Ham","Crystal Palace","West Ham",NA,NA
"1014",949030,1994-10-08,"Wimbledon FC","Arsenal","Arsenal",NA,NA
"1015",948800,1994-10-08,"Liverpool","Aston Villa","Liverpool",NA,NA
"1016",948834,1994-10-08,"Manchester City","Nottingham Forest",NA,"Manchester City","Nottingham Forest"
"1017",948891,1994-10-08,"Norwich","Leeds","Norwich",NA,NA
"1018",948660,1994-10-08,"Chelsea","Leicester","Chelsea",NA,NA
"1019",948958,1994-10-08,"Sheffield Weds","Manchester United","Sheffield Weds",NA,NA
"1020",948973,1994-10-08,"Southampton","Everton","Southampton",NA,NA
"1021",948864,1994-10-09,"Newcastle","Blackburn",NA,"Newcastle","Blackburn"
"1022",948679,1994-10-10,"Coventry","Ipswich","Coventry",NA,NA
"1023",948775,1994-10-15,"Leeds","Tottenham",NA,"Leeds","Tottenham"
"1024",948795,1994-10-15,"Leicester","Southampton","Leicester",NA,NA
"1025",948591,1994-10-15,"Arsenal","Chelsea","Arsenal",NA,NA
"1026",948860,1994-10-15,"Manchester United","West Ham","Manchester United",NA,NA
"1027",948623,1994-10-15,"Aston Villa","Norwich",NA,"Aston Villa","Norwich"
"1028",948640,1994-10-15,"Blackburn","Liverpool","Blackburn",NA,NA
"1029",948936,1994-10-15,"QPR","Manchester City","Manchester City",NA,NA
"1030",948706,1994-10-15,"Crystal Palace","Newcastle","Newcastle",NA,NA
"1031",948719,1994-10-15,"Everton","Coventry","Coventry",NA,NA
"1032",948752,1994-10-16,"Ipswich","Sheffield Weds","Sheffield Weds",NA,NA
"1033",948924,1994-10-17,"Nottingham Forest","Wimbledon FC","Nottingham Forest",NA,NA
"1034",949027,1994-10-22,"West Ham","Southampton","West Ham",NA,NA
"1035",948819,1994-10-22,"Liverpool","Wimbledon FC","Liverpool",NA,NA
"1036",948838,1994-10-22,"Manchester City","Tottenham","Manchester City",NA,NA
"1037",948878,1994-10-22,"Newcastle","Sheffield Weds","Newcastle",NA,NA
"1038",948624,1994-10-22,"Aston Villa","Nottingham Forest","Nottingham Forest",NA,NA
"1039",948898,1994-10-22,"Norwich","QPR","Norwich",NA,NA
"1040",948699,1994-10-22,"Crystal Palace","Everton","Crystal Palace",NA,NA
"1041",948592,1994-10-23,"Arsenal","Coventry","Arsenal",NA,NA
"1042",948642,1994-10-23,"Blackburn","Manchester United","Manchester United",NA,NA
"1043",948658,1994-10-23,"Chelsea","Ipswich","Chelsea",NA,NA
"1044",948765,1994-10-24,"Leeds","Leicester","Leeds",NA,NA
"1045",948745,1994-10-29,"Ipswich","Liverpool","Liverpool",NA,NA
"1046",949007,1994-10-29,"Tottenham","West Ham","Tottenham",NA,NA
"1047",948783,1994-10-29,"Leicester","Crystal Palace","Crystal Palace",NA,NA
"1048",948853,1994-10-29,"Manchester United","Newcastle","Manchester United",NA,NA
"1049",948906,1994-10-29,"Nottingham Forest","Blackburn","Blackburn",NA,NA
"1050",948926,1994-10-29,"QPR","Aston Villa","QPR",NA,NA
"1051",948683,1994-10-29,"Coventry","Manchester City","Coventry",NA,NA
"1052",948949,1994-10-29,"Sheffield Weds","Chelsea",NA,"Sheffield Weds","Chelsea"
"1053",948715,1994-10-29,"Everton","Arsenal",NA,"Everton","Arsenal"
"1054",948975,1994-10-29,"Southampton","Leeds","Leeds",NA,NA
"1055",949044,1994-10-30,"Wimbledon FC","Norwich","Wimbledon FC",NA,NA
"1056",948935,1994-10-31,"QPR","Liverpool","QPR",NA,NA
"1057",948743,1994-11-01,"Ipswich","Leeds","Ipswich",NA,NA
"1058",948734,1994-11-01,"Everton","West Ham","Everton",NA,NA
"1059",948677,1994-11-02,"Coventry","Crystal Palace","Crystal Palace",NA,NA
"1060",948948,1994-11-02,"Sheffield Weds","Blackburn","Blackburn",NA,NA
"1061",948981,1994-11-02,"Southampton","Norwich",NA,"Southampton","Norwich"
"1062",949018,1994-11-05,"West Ham","Leicester","West Ham",NA,NA
"1063",948777,1994-11-05,"Leeds","Wimbledon FC","Leeds",NA,NA
"1064",948813,1994-11-05,"Liverpool","Nottingham Forest","Liverpool",NA,NA
"1065",948837,1994-11-05,"Manchester City","Southampton",NA,"Manchester City","Southampton"
"1066",948877,1994-11-05,"Newcastle","QPR","Newcastle",NA,NA
"1067",948889,1994-11-05,"Norwich","Everton",NA,"Norwich","Everton"
"1068",948649,1994-11-05,"Blackburn","Tottenham","Blackburn",NA,NA
"1069",948700,1994-11-05,"Crystal Palace","Ipswich","Crystal Palace",NA,NA
"1070",948605,1994-11-06,"Arsenal","Sheffield Weds",NA,"Arsenal","Sheffield Weds"
"1071",948621,1994-11-06,"Aston Villa","Manchester United","Manchester United",NA,NA
"1072",948655,1994-11-06,"Chelsea","Coventry",NA,"Chelsea","Coventry"
"1073",948917,1994-11-07,"Nottingham Forest","Newcastle",NA,"Nottingham Forest","Newcastle"
"1074",949031,1994-11-09,"Wimbledon FC","Aston Villa","Wimbledon FC",NA,NA
"1075",948802,1994-11-09,"Liverpool","Chelsea","Liverpool",NA,NA
"1076",948852,1994-11-10,"Manchester United","Manchester City","Manchester United",NA,NA
"1077",948738,1994-11-19,"Ipswich","Blackburn","Blackburn",NA,NA
"1078",949043,1994-11-19,"Wimbledon FC","Newcastle","Wimbledon FC",NA,NA
"1079",948846,1994-11-19,"Manchester United","Crystal Palace","Manchester United",NA,NA
"1080",948907,1994-11-19,"Nottingham Forest","Chelsea","Chelsea",NA,NA
"1081",948933,1994-11-19,"QPR","Leeds","QPR",NA,NA
"1082",948686,1994-11-19,"Coventry","Norwich","Coventry",NA,NA
"1083",948965,1994-11-19,"Sheffield Weds","West Ham","Sheffield Weds",NA,NA
"1084",948967,1994-11-19,"Southampton","Arsenal","Southampton",NA,NA
"1085",948989,1994-11-19,"Tottenham","Aston Villa","Aston Villa",NA,NA
"1086",948788,1994-11-20,"Leicester","Manchester City","Manchester City",NA,NA
"1087",948724,1994-11-21,"Everton","Liverpool","Everton",NA,NA
"1088",948778,1994-11-23,"Leicester","Arsenal","Leicester",NA,NA
"1089",948991,1994-11-23,"Tottenham","Chelsea",NA,"Tottenham","Chelsea"
"1090",949013,1994-11-26,"West Ham","Coventry","Coventry",NA,NA
"1091",948771,1994-11-26,"Leeds","Nottingham Forest","Leeds",NA,NA
"1092",948817,1994-11-26,"Liverpool","Tottenham",NA,"Liverpool","Tottenham"
"1093",948840,1994-11-26,"Manchester City","Wimbledon FC","Manchester City",NA,NA
"1094",948600,1994-11-26,"Arsenal","Manchester United",NA,"Arsenal","Manchester United"
"1095",948869,1994-11-26,"Newcastle","Ipswich",NA,"Newcastle","Ipswich"
"1096",948892,1994-11-26,"Norwich","Leicester","Norwich",NA,NA
"1097",948646,1994-11-26,"Blackburn","QPR","Blackburn",NA,NA
"1098",948657,1994-11-26,"Chelsea","Everton","Everton",NA,NA
"1099",948711,1994-11-26,"Crystal Palace","Southampton",NA,"Crystal Palace","Southampton"
"1100",948626,1994-11-27,"Aston Villa","Sheffield Weds",NA,"Aston Villa","Sheffield Weds"
"1101",949001,1994-12-03,"Tottenham","Newcastle","Tottenham",NA,NA
"1102",948746,1994-12-03,"Ipswich","Manchester City","Manchester City",NA,NA
"1103",949032,1994-12-03,"Wimbledon FC","Blackburn","Blackburn",NA,NA
"1104",948779,1994-12-03,"Leicester","Aston Villa",NA,"Leicester","Aston Villa"
"1105",948854,1994-12-03,"Manchester United","Norwich","Manchester United",NA,NA
"1106",948904,1994-12-03,"Nottingham Forest","Arsenal",NA,"Nottingham Forest","Arsenal"
"1107",948682,1994-12-03,"Coventry","Liverpool",NA,"Coventry","Liverpool"
"1108",948951,1994-12-03,"Sheffield Weds","Crystal Palace","Sheffield Weds",NA,NA
"1109",948970,1994-12-03,"Southampton","Chelsea","Chelsea",NA,NA
"1110",948944,1994-12-04,"QPR","West Ham","QPR",NA,NA
"1111",948722,1994-12-04,"Everton","Leeds","Everton",NA,NA
"1112",949005,1994-12-10,"Tottenham","Sheffield Weds","Tottenham",NA,NA
"1113",948776,1994-12-10,"Leeds","West Ham",NA,"Leeds","West Ham"
"1114",949034,1994-12-10,"Wimbledon FC","Coventry","Wimbledon FC",NA,NA
"1115",948615,1994-12-10,"Aston Villa","Everton",NA,"Aston Villa","Everton"
"1116",948871,1994-12-10,"Newcastle","Leicester","Newcastle",NA,NA
"1117",948886,1994-12-10,"Norwich","Chelsea","Norwich",NA,NA
"1118",948648,1994-12-10,"Blackburn","Southampton","Blackburn",NA,NA
"1119",948911,1994-12-10,"Nottingham Forest","Ipswich","Nottingham Forest",NA,NA
"1120",948937,1994-12-10,"QPR","Manchester United","Manchester United",NA,NA
"1121",948804,1994-12-11,"Liverpool","Crystal Palace",NA,"Liverpool","Crystal Palace"
"1122",948820,1994-12-12,"Manchester City","Arsenal","Arsenal",NA,NA
"1123",948756,1994-12-16,"Ipswich","Wimbledon FC",NA,"Ipswich","Wimbledon FC"
"1124",949020,1994-12-17,"West Ham","Manchester City","West Ham",NA,NA
"1125",948780,1994-12-17,"Leicester","Blackburn",NA,"Leicester","Blackburn"
"1126",948596,1994-12-17,"Arsenal","Leeds","Leeds",NA,NA
"1127",948855,1994-12-17,"Manchester United","Nottingham Forest","Nottingham Forest",NA,NA
"1128",948685,1994-12-17,"Coventry","Newcastle",NA,"Coventry","Newcastle"
"1129",948962,1994-12-17,"Sheffield Weds","QPR","QPR",NA,NA
"1130",948707,1994-12-17,"Crystal Palace","Norwich","Norwich",NA,NA
"1131",948733,1994-12-17,"Everton","Tottenham",NA,"Everton","Tottenham"
"1132",948661,1994-12-18,"Chelsea","Liverpool",NA,"Chelsea","Liverpool"
"1133",948968,1994-12-19,"Southampton","Aston Villa","Southampton",NA,NA
"1134",949016,1994-12-26,"West Ham","Ipswich",NA,"West Ham","Ipswich"
"1135",948769,1994-12-26,"Leeds","Newcastle",NA,"Leeds","Newcastle"
"1136",948787,1994-12-26,"Leicester","Liverpool","Liverpool",NA,NA
"1137",948822,1994-12-26,"Manchester City","Blackburn","Blackburn",NA,NA
"1138",948589,1994-12-26,"Arsenal","Aston Villa",NA,"Arsenal","Aston Villa"
"1139",948901,1994-12-26,"Norwich","Tottenham","Tottenham",NA,NA
"1140",948663,1994-12-26,"Chelsea","Manchester United","Manchester United",NA,NA
"1141",948687,1994-12-26,"Coventry","Nottingham Forest",NA,"Coventry","Nottingham Forest"
"1142",948709,1994-12-26,"Crystal Palace","QPR",NA,"Crystal Palace","QPR"
"1143",948731,1994-12-26,"Everton","Sheffield Weds","Sheffield Weds",NA,NA
"1144",948987,1994-12-26,"Southampton","Wimbledon FC","Wimbledon FC",NA,NA
"1145",948993,1994-12-27,"Tottenham","Crystal Palace",NA,"Tottenham","Crystal Palace"
"1146",948918,1994-12-27,"Nottingham Forest","Norwich","Nottingham Forest",NA,NA
"1147",948736,1994-12-28,"Ipswich","Arsenal","Arsenal",NA,NA
"1148",949050,1994-12-28,"Wimbledon FC","West Ham","Wimbledon FC",NA,NA
"1149",948809,1994-12-28,"Liverpool","Manchester City","Liverpool",NA,NA
"1150",948850,1994-12-28,"Manchester United","Leicester",NA,"Manchester United","Leicester"
"1151",948612,1994-12-28,"Aston Villa","Chelsea","Aston Villa",NA,NA
"1152",948942,1994-12-28,"QPR","Southampton",NA,"QPR","Southampton"
"1153",948950,1994-12-28,"Sheffield Weds","Coventry","Sheffield Weds",NA,NA
"1154",948766,1994-12-31,"Leeds","Liverpool","Liverpool",NA,NA
"1155",949024,1994-12-31,"West Ham","Nottingham Forest","West Ham",NA,NA
"1156",948794,1994-12-31,"Leicester","Sheffield Weds","Sheffield Weds",NA,NA
"1157",948821,1994-12-31,"Manchester City","Aston Villa",NA,"Manchester City","Aston Villa"
"1158",948604,1994-12-31,"Arsenal","QPR","QPR",NA,NA
"1159",948896,1994-12-31,"Norwich","Newcastle","Norwich",NA,NA
"1160",948672,1994-12-31,"Chelsea","Wimbledon FC",NA,"Chelsea","Wimbledon FC"
"1161",948691,1994-12-31,"Coventry","Tottenham","Tottenham",NA,NA
"1162",948696,1994-12-31,"Crystal Palace","Blackburn","Blackburn",NA,NA
"1163",948721,1994-12-31,"Everton","Ipswich","Everton",NA,NA
"1164",948979,1994-12-31,"Southampton","Manchester United",NA,"Southampton","Manchester United"
"1165",948744,1995-01-02,"Ipswich","Leicester","Ipswich",NA,NA
"1166",949036,1995-01-02,"Wimbledon FC","Everton","Wimbledon FC",NA,NA
"1167",948812,1995-01-02,"Liverpool","Norwich","Liverpool",NA,NA
"1168",948617,1995-01-02,"Aston Villa","Leeds",NA,"Aston Villa","Leeds"
"1169",948873,1995-01-02,"Newcastle","Manchester City",NA,"Newcastle","Manchester City"
"1170",948650,1995-01-02,"Blackburn","West Ham","Blackburn",NA,NA
"1171",948909,1995-01-02,"Nottingham Forest","Crystal Palace","Nottingham Forest",NA,NA
"1172",948963,1995-01-02,"Sheffield Weds","Southampton",NA,"Sheffield Weds","Southampton"
"1173",948988,1995-01-02,"Tottenham","Arsenal","Tottenham",NA,NA
"1174",948845,1995-01-03,"Manchester United","Coventry","Manchester United",NA,NA
"1175",949028,1995-01-14,"West Ham","Tottenham","Tottenham",NA,NA
"1176",948774,1995-01-14,"Leeds","Southampton",NA,"Leeds","Southampton"
"1177",948806,1995-01-14,"Liverpool","Ipswich","Ipswich",NA,NA
"1178",948824,1995-01-14,"Manchester City","Coventry",NA,"Manchester City","Coventry"
"1179",948594,1995-01-14,"Arsenal","Everton",NA,"Arsenal","Everton"
"1180",948625,1995-01-14,"Aston Villa","QPR","Aston Villa",NA,NA
"1181",948645,1995-01-14,"Blackburn","Nottingham Forest","Blackburn",NA,NA
"1182",948903,1995-01-14,"Norwich","Wimbledon FC","Wimbledon FC",NA,NA
"1183",948668,1995-01-14,"Chelsea","Sheffield Weds",NA,"Chelsea","Sheffield Weds"
"1184",948702,1995-01-14,"Crystal Palace","Leicester","Crystal Palace",NA,NA
"1185",948874,1995-01-15,"Newcastle","Manchester United",NA,"Newcastle","Manchester United"
"1186",948739,1995-01-21,"Ipswich","Chelsea",NA,"Ipswich","Chelsea"
"1187",948905,1995-01-21,"Nottingham Forest","Aston Villa","Aston Villa",NA,NA
"1188",948673,1995-01-21,"Coventry","Arsenal","Arsenal",NA,NA
"1189",948959,1995-01-21,"Sheffield Weds","Newcastle",NA,"Sheffield Weds","Newcastle"
"1190",948720,1995-01-21,"Everton","Crystal Palace","Everton",NA,NA
"1191",948843,1995-01-22,"Manchester United","Blackburn","Manchester United",NA,NA
"1192",949026,1995-01-23,"West Ham","Sheffield Weds","Sheffield Weds",NA,NA
"1193",948772,1995-01-24,"Leeds","QPR","Leeds",NA,NA
"1194",948805,1995-01-24,"Liverpool","Everton",NA,"Liverpool","Everton"
"1195",948606,1995-01-24,"Arsenal","Southampton",NA,"Arsenal","Southampton"
"1196",948829,1995-01-25,"Manchester City","Leicester","Leicester",NA,NA
"1197",948882,1995-01-25,"Newcastle","Wimbledon FC","Newcastle",NA,NA
"1198",948628,1995-01-25,"Aston Villa","Tottenham","Aston Villa",NA,NA
"1199",948887,1995-01-25,"Norwich","Coventry",NA,"Norwich","Coventry"
"1200",948666,1995-01-25,"Chelsea","Nottingham Forest","Nottingham Forest",NA,NA
"1201",948705,1995-01-25,"Crystal Palace","Manchester United",NA,"Crystal Palace","Manchester United"
"1202",948637,1995-01-28,"Blackburn","Ipswich","Blackburn",NA,NA
"1203",948868,1995-02-01,"Newcastle","Everton","Newcastle",NA,NA
"1204",948638,1995-02-01,"Blackburn","Leeds",NA,"Blackburn","Leeds"
"1205",948741,1995-02-04,"Ipswich","Crystal Palace","Crystal Palace",NA,NA
"1206",949038,1995-02-04,"Wimbledon FC","Leeds",NA,"Wimbledon FC","Leeds"
"1207",948797,1995-02-04,"Leicester","West Ham","West Ham",NA,NA
"1208",948842,1995-02-04,"Manchester United","Aston Villa","Manchester United",NA,NA
"1209",948914,1995-02-04,"Nottingham Forest","Liverpool",NA,"Nottingham Forest","Liverpool"
"1210",948676,1995-02-04,"Coventry","Chelsea",NA,"Coventry","Chelsea"
"1211",948938,1995-02-04,"QPR","Newcastle","QPR",NA,NA
"1212",948946,1995-02-04,"Sheffield Weds","Arsenal","Sheffield Weds",NA,NA
"1213",948978,1995-02-04,"Southampton","Manchester City",NA,"Southampton","Manchester City"
"1214",948728,1995-02-04,"Everton","Norwich","Everton",NA,NA
"1215",948990,1995-02-05,"Tottenham","Blackburn","Tottenham",NA,NA
"1216",948814,1995-02-11,"Liverpool","QPR",NA,"Liverpool","QPR"
"1217",948831,1995-02-11,"Manchester City","Manchester United","Manchester United",NA,NA
"1218",948597,1995-02-11,"Arsenal","Leicester",NA,"Arsenal","Leicester"
"1219",948876,1995-02-11,"Newcastle","Nottingham Forest","Newcastle",NA,NA
"1220",948630,1995-02-11,"Aston Villa","Wimbledon FC","Aston Villa",NA,NA
"1221",948900,1995-02-11,"Norwich","Southampton",NA,"Norwich","Southampton"
"1222",948670,1995-02-11,"Chelsea","Tottenham",NA,"Chelsea","Tottenham"
"1223",948698,1995-02-11,"Crystal Palace","Coventry","Coventry",NA,NA
"1224",948647,1995-02-12,"Blackburn","Sheffield Weds","Blackburn",NA,NA
"1225",949015,1995-02-13,"West Ham","Everton",NA,"West Ham","Everton"
"1226",948947,1995-02-18,"Sheffield Weds","Aston Villa","Aston Villa",NA,NA
"1227",948692,1995-02-18,"Coventry","West Ham","Coventry",NA,NA
"1228",948603,1995-02-21,"Arsenal","Nottingham Forest","Arsenal",NA,NA
"1229",948763,1995-02-22,"Leeds","Everton","Leeds",NA,NA
"1230",948827,1995-02-22,"Manchester City","Ipswich","Manchester City",NA,NA
"1231",948618,1995-02-22,"Aston Villa","Leicester",NA,"Aston Villa","Leicester"
"1232",948895,1995-02-22,"Norwich","Manchester United","Manchester United",NA,NA
"1233",948651,1995-02-22,"Blackburn","Wimbledon FC","Blackburn",NA,NA
"1234",949008,1995-02-25,"Tottenham","Wimbledon FC","Wimbledon FC",NA,NA
"1235",948753,1995-02-25,"Ipswich","Southampton","Ipswich",NA,NA
"1236",949012,1995-02-25,"West Ham","Chelsea","Chelsea",NA,NA
"1237",948828,1995-02-25,"Manchester City","Leeds",NA,"Manchester City","Leeds"
"1238",948863,1995-02-25,"Newcastle","Aston Villa","Newcastle",NA,NA
"1239",948644,1995-02-25,"Blackburn","Norwich",NA,"Blackburn","Norwich"
"1240",948681,1995-02-25,"Coventry","Leicester","Coventry",NA,NA
"1241",948694,1995-02-25,"Crystal Palace","Arsenal","Arsenal",NA,NA
"1242",948956,1995-02-25,"Sheffield Weds","Liverpool","Liverpool",NA,NA
"1243",948726,1995-02-25,"Everton","Manchester United","Everton",NA,NA
"1244",948940,1995-02-26,"QPR","Nottingham Forest",NA,"QPR","Nottingham Forest"
"1245",948748,1995-02-28,"Ipswich","Newcastle","Newcastle",NA,NA
"1246",948773,1995-03-04,"Leeds","Sheffield Weds","Sheffield Weds",NA,NA
"1247",948784,1995-03-04,"Leicester","Everton",NA,"Leicester","Everton"
"1248",949046,1995-03-04,"Wimbledon FC","QPR","QPR",NA,NA
"1249",948811,1995-03-04,"Liverpool","Newcastle","Liverpool",NA,NA
"1250",948848,1995-03-04,"Manchester United","Ipswich","Manchester United",NA,NA
"1251",948611,1995-03-04,"Aston Villa","Blackburn","Blackburn",NA,NA
"1252",948894,1995-03-04,"Norwich","Manchester City",NA,"Norwich","Manchester City"
"1253",948922,1995-03-04,"Nottingham Forest","Tottenham",NA,"Nottingham Forest","Tottenham"
"1254",948971,1995-03-04,"Southampton","Coventry",NA,"Southampton","Coventry"
"1255",948608,1995-03-05,"Arsenal","West Ham","West Ham",NA,NA
"1256",948656,1995-03-05,"Chelsea","Crystal Palace",NA,"Chelsea","Crystal Palace"
"1257",948613,1995-03-06,"Aston Villa","Coventry",NA,"Aston Villa","Coventry"
"1258",949042,1995-03-07,"Wimbledon FC","Manchester United","Manchester United",NA,NA
"1259",948995,1995-03-08,"Tottenham","Ipswich","Tottenham",NA,NA
"1260",948823,1995-03-08,"Manchester City","Chelsea","Chelsea",NA,NA
"1261",948881,1995-03-08,"Newcastle","West Ham","Newcastle",NA,NA
"1262",948631,1995-03-08,"Blackburn","Arsenal","Blackburn",NA,NA
"1263",948899,1995-03-08,"Norwich","Sheffield Weds",NA,"Norwich","Sheffield Weds"
"1264",948910,1995-03-08,"Nottingham Forest","Everton","Nottingham Forest",NA,NA
"1265",948934,1995-03-08,"QPR","Leicester","QPR",NA,NA
"1266",949023,1995-03-11,"West Ham","Norwich",NA,"West Ham","Norwich"
"1267",948792,1995-03-11,"Leicester","Nottingham Forest","Nottingham Forest",NA,NA
"1268",948659,1995-03-11,"Chelsea","Leeds","Leeds",NA,NA
"1269",948675,1995-03-11,"Coventry","Blackburn",NA,"Coventry","Blackburn"
"1270",948966,1995-03-11,"Sheffield Weds","Wimbledon FC","Wimbledon FC",NA,NA
"1271",948803,1995-03-14,"Liverpool","Coventry","Coventry",NA,NA
"1272",948710,1995-03-14,"Crystal Palace","Sheffield Weds","Crystal Palace",NA,NA
"1273",948786,1995-03-15,"Leicester","Leeds","Leeds",NA,NA
"1274",948859,1995-03-15,"Manchester United","Tottenham",NA,"Manchester United","Tottenham"
"1275",948939,1995-03-15,"QPR","Norwich","QPR",NA,NA
"1276",948725,1995-03-15,"Everton","Manchester City",NA,"Everton","Manchester City"
"1277",948986,1995-03-15,"Southampton","West Ham",NA,"Southampton","West Ham"
"1278",948997,1995-03-18,"Tottenham","Leicester","Tottenham",NA,NA
"1279",948761,1995-03-18,"Leeds","Coventry","Leeds",NA,NA
"1280",949035,1995-03-18,"Wimbledon FC","Crystal Palace","Wimbledon FC",NA,NA
"1281",948836,1995-03-18,"Manchester City","Sheffield Weds","Manchester City",NA,NA
"1282",948629,1995-03-18,"Aston Villa","West Ham","West Ham",NA,NA
"1283",948633,1995-03-18,"Blackburn","Chelsea","Blackburn",NA,NA
"1284",948921,1995-03-18,"Nottingham Forest","Southampton","Nottingham Forest",NA,NA
"1285",948931,1995-03-18,"QPR","Everton","Everton",NA,NA
"1286",948810,1995-03-19,"Liverpool","Manchester United","Liverpool",NA,NA
"1287",948862,1995-03-19,"Newcastle","Arsenal","Newcastle",NA,NA
"1288",948890,1995-03-20,"Norwich","Ipswich","Norwich",NA,NA
"1289",949041,1995-03-21,"Wimbledon FC","Manchester City","Wimbledon FC",NA,NA
"1290",948998,1995-03-22,"Tottenham","Liverpool",NA,"Tottenham","Liverpool"
"1291",948841,1995-03-22,"Manchester United","Arsenal","Manchester United",NA,NA
"1292",948912,1995-03-22,"Nottingham Forest","Leeds","Nottingham Forest",NA,NA
"1293",948928,1995-03-22,"QPR","Chelsea","QPR",NA,NA
"1294",948980,1995-03-22,"Southampton","Newcastle","Southampton",NA,NA
"1295",948737,1995-04-01,"Ipswich","Aston Villa","Aston Villa",NA,NA
"1296",948798,1995-04-01,"Leicester","Wimbledon FC","Wimbledon FC",NA,NA
"1297",948602,1995-04-01,"Arsenal","Norwich","Arsenal",NA,NA
"1298",948664,1995-04-01,"Chelsea","Newcastle",NA,"Chelsea","Newcastle"
"1299",948688,1995-04-01,"Coventry","QPR","QPR",NA,NA
"1300",948704,1995-04-01,"Crystal Palace","Manchester City","Crystal Palace",NA,NA
"1301",948961,1995-04-01,"Sheffield Weds","Nottingham Forest","Nottingham Forest",NA,NA
"1302",948717,1995-04-01,"Everton","Blackburn","Blackburn",NA,NA
"1303",948849,1995-04-02,"Manchester United","Leeds",NA,"Manchester United","Leeds"
"1304",948985,1995-04-02,"Southampton","Tottenham","Southampton",NA,NA
"1305",948927,1995-04-04,"QPR","Blackburn","Blackburn",NA,NA
"1306",948695,1995-04-04,"Crystal Palace","Aston Villa",NA,"Crystal Palace","Aston Villa"
"1307",948764,1995-04-05,"Leeds","Ipswich","Leeds",NA,NA
"1308",948791,1995-04-05,"Leicester","Norwich","Leicester",NA,NA
"1309",948816,1995-04-05,"Liverpool","Southampton","Liverpool",NA,NA
"1310",948875,1995-04-08,"Newcastle","Norwich","Newcastle",NA,NA
"1311",948923,1995-04-08,"Nottingham Forest","West Ham",NA,"Nottingham Forest","West Ham"
"1312",948925,1995-04-08,"QPR","Arsenal","QPR",NA,NA
"1313",948955,1995-04-08,"Sheffield Weds","Leicester","Sheffield Weds",NA,NA
"1314",948807,1995-04-09,"Liverpool","Leeds","Leeds",NA,NA
"1315",949033,1995-04-10,"Wimbledon FC","Chelsea",NA,"Wimbledon FC","Chelsea"
"1316",948999,1995-04-11,"Tottenham","Manchester City","Tottenham",NA,NA
"1317",948751,1995-04-11,"Ipswich","QPR","QPR",NA,NA
"1318",948598,1995-04-12,"Arsenal","Liverpool","Liverpool",NA,NA
"1319",948897,1995-04-12,"Norwich","Nottingham Forest","Nottingham Forest",NA,NA
"1320",948669,1995-04-12,"Chelsea","Southampton","Southampton",NA,NA
"1321",949029,1995-04-13,"West Ham","Wimbledon FC","West Ham",NA,NA
"1322",948830,1995-04-14,"Manchester City","Liverpool","Manchester City",NA,NA
"1323",948712,1995-04-14,"Crystal Palace","Tottenham",NA,"Crystal Palace","Tottenham"
"1324",948727,1995-04-14,"Everton","Newcastle","Everton",NA,NA
"1325",948759,1995-04-15,"Leeds","Blackburn",NA,"Leeds","Blackburn"
"1326",948789,1995-04-15,"Leicester","Manchester United","Manchester United",NA,NA
"1327",948595,1995-04-15,"Arsenal","Ipswich","Arsenal",NA,NA
"1328",948653,1995-04-15,"Chelsea","Aston Villa","Chelsea",NA,NA
"1329",948689,1995-04-15,"Coventry","Sheffield Weds","Coventry",NA,NA
"1330",948983,1995-04-15,"Southampton","QPR","Southampton",NA,NA
"1331",949002,1995-04-17,"Tottenham","Norwich","Tottenham",NA,NA
"1332",948755,1995-04-17,"Ipswich","West Ham",NA,"Ipswich","West Ham"
"1333",949048,1995-04-17,"Wimbledon FC","Southampton","Southampton",NA,NA
"1334",948808,1995-04-17,"Liverpool","Leicester","Liverpool",NA,NA
"1335",948844,1995-04-17,"Manchester United","Chelsea",NA,"Manchester United","Chelsea"
"1336",948610,1995-04-17,"Aston Villa","Arsenal","Arsenal",NA,NA
"1337",948870,1995-04-17,"Newcastle","Leeds","Leeds",NA,NA
"1338",948641,1995-04-17,"Blackburn","Manchester City","Manchester City",NA,NA
"1339",948908,1995-04-17,"Nottingham Forest","Coventry","Nottingham Forest",NA,NA
"1340",948930,1995-04-17,"QPR","Crystal Palace","Crystal Palace",NA,NA
"1341",948952,1995-04-17,"Sheffield Weds","Everton",NA,"Sheffield Weds","Everton"
"1342",948635,1995-04-19,"Blackburn","Crystal Palace","Blackburn",NA,NA
"1343",948758,1995-04-29,"Leeds","Aston Villa","Leeds",NA,NA
"1344",948785,1995-04-29,"Leicester","Ipswich","Leicester",NA,NA
"1345",948832,1995-04-29,"Manchester City","Newcastle",NA,"Manchester City","Newcastle"
"1346",948607,1995-04-29,"Arsenal","Tottenham",NA,"Arsenal","Tottenham"
"1347",948893,1995-04-29,"Norwich","Liverpool","Liverpool",NA,NA
"1348",948667,1995-04-29,"Chelsea","QPR","Chelsea",NA,NA
"1349",948708,1995-04-29,"Crystal Palace","Nottingham Forest","Nottingham Forest",NA,NA
"1350",948984,1995-04-29,"Southampton","Sheffield Weds",NA,"Southampton","Sheffield Weds"
"1351",948735,1995-04-29,"Everton","Wimbledon FC",NA,"Everton","Wimbledon FC"
"1352",949011,1995-04-30,"West Ham","Blackburn","West Ham",NA,NA
"1353",948684,1995-05-01,"Coventry","Manchester United","Manchester United",NA,NA
"1354",949040,1995-05-02,"Wimbledon FC","Liverpool",NA,"Wimbledon FC","Liverpool"
"1355",949025,1995-05-03,"West Ham","QPR",NA,"West Ham","QPR"
"1356",948620,1995-05-03,"Aston Villa","Manchester City",NA,"Aston Villa","Manchester City"
"1357",948880,1995-05-03,"Newcastle","Tottenham",NA,"Newcastle","Tottenham"
"1358",948972,1995-05-03,"Southampton","Crystal Palace","Southampton",NA,NA
"1359",948718,1995-05-03,"Everton","Chelsea",NA,"Everton","Chelsea"
"1360",948609,1995-05-04,"Arsenal","Wimbledon FC",NA,"Arsenal","Wimbledon FC"
"1361",948740,1995-05-06,"Ipswich","Coventry","Ipswich",NA,NA
"1362",948770,1995-05-06,"Leeds","Norwich","Leeds",NA,NA
"1363",948781,1995-05-06,"Leicester","Chelsea",NA,"Leicester","Chelsea"
"1364",948619,1995-05-06,"Aston Villa","Liverpool","Aston Villa",NA,NA
"1365",948915,1995-05-06,"Nottingham Forest","Manchester City","Nottingham Forest",NA,NA
"1366",948943,1995-05-06,"QPR","Tottenham","QPR",NA,NA
"1367",948713,1995-05-06,"Crystal Palace","West Ham","Crystal Palace",NA,NA
"1368",948732,1995-05-06,"Everton","Southampton",NA,"Everton","Southampton"
"1369",948857,1995-05-07,"Manchester United","Sheffield Weds","Manchester United",NA,NA
"1370",948643,1995-05-08,"Blackburn","Newcastle","Blackburn",NA,NA
"1371",948992,1995-05-09,"Tottenham","Coventry","Coventry",NA,NA
"1372",948742,1995-05-09,"Ipswich","Everton","Everton",NA,NA
"1373",948762,1995-05-09,"Leeds","Crystal Palace","Leeds",NA,NA
"1374",949019,1995-05-10,"West Ham","Liverpool","West Ham",NA,NA
"1375",948858,1995-05-10,"Manchester United","Southampton","Manchester United",NA,NA
"1376",949045,1995-05-13,"Wimbledon FC","Nottingham Forest",NA,"Wimbledon FC","Nottingham Forest"
"1377",948996,1995-05-14,"Tottenham","Leeds",NA,"Tottenham","Leeds"
"1378",949021,1995-05-14,"West Ham","Manchester United",NA,"West Ham","Manchester United"
"1379",948801,1995-05-14,"Liverpool","Blackburn","Liverpool",NA,NA
"1380",948835,1995-05-14,"Manchester City","QPR","QPR",NA,NA
"1381",948867,1995-05-14,"Newcastle","Crystal Palace","Newcastle",NA,NA
"1382",948884,1995-05-14,"Norwich","Aston Villa",NA,"Norwich","Aston Villa"
"1383",948652,1995-05-14,"Chelsea","Arsenal","Chelsea",NA,NA
"1384",948678,1995-05-14,"Coventry","Everton",NA,"Coventry","Everton"
"1385",948953,1995-05-14,"Sheffield Weds","Ipswich","Sheffield Weds",NA,NA
"1386",948976,1995-05-14,"Southampton","Leicester",NA,"Southampton","Leicester"
"1387",949284,1995-08-19,"Newcastle","Coventry","Newcastle",NA,NA
"1388",949079,1995-08-19,"Aston Villa","Manchester United","Aston Villa",NA,NA
"1389",949102,1995-08-19,"Blackburn","QPR","Blackburn",NA,NA
"1390",949368,1995-08-19,"Southampton","Nottingham Forest","Nottingham Forest",NA,NA
"1391",949132,1995-08-19,"Chelsea","Everton",NA,"Chelsea","Everton"
"1392",949400,1995-08-19,"West Ham","Leeds","Leeds",NA,NA
"1393",949415,1995-08-19,"Wimbledon FC","Bolton","Wimbledon FC",NA,NA
"1394",949217,1995-08-19,"Liverpool","Sheffield Weds","Liverpool",NA,NA
"1395",949238,1995-08-19,"Manchester City","Tottenham",NA,"Manchester City","Tottenham"
"1396",949061,1995-08-20,"Arsenal","Middlesbrough",NA,"Arsenal","Middlesbrough"
"1397",949191,1995-08-21,"Leeds","Liverpool","Leeds",NA,NA
"1398",949119,1995-08-22,"Bolton","Newcastle","Newcastle",NA,NA
"1399",949258,1995-08-23,"Manchester United","West Ham","Manchester United",NA,NA
"1400",949302,1995-08-23,"Nottingham Forest","Chelsea",NA,"Nottingham Forest","Chelsea"
"1401",949335,1995-08-23,"QPR","Wimbledon FC","Wimbledon FC",NA,NA
"1402",949338,1995-08-23,"Sheffield Weds","Blackburn","Sheffield Weds",NA,NA
"1403",949375,1995-08-23,"Tottenham","Aston Villa","Aston Villa",NA,NA
"1404",949154,1995-08-23,"Coventry","Manchester City","Coventry",NA,NA
"1405",949165,1995-08-23,"Everton","Arsenal","Arsenal",NA,NA
"1406",949259,1995-08-26,"Manchester United","Wimbledon FC","Manchester United",NA,NA
"1407",949264,1995-08-26,"Middlesbrough","Chelsea","Middlesbrough",NA,NA
"1408",949315,1995-08-26,"Nottingham Forest","West Ham",NA,"Nottingham Forest","West Ham"
"1409",949326,1995-08-26,"QPR","Manchester City","QPR",NA,NA
"1410",949110,1995-08-26,"Bolton","Blackburn","Bolton",NA,NA
"1411",949382,1995-08-26,"Tottenham","Liverpool","Liverpool",NA,NA
"1412",949146,1995-08-26,"Coventry","Arsenal",NA,"Coventry","Arsenal"
"1413",949180,1995-08-26,"Everton","Southampton","Everton",NA,NA
"1414",949185,1995-08-26,"Leeds","Aston Villa","Leeds",NA,NA
"1415",949348,1995-08-27,"Sheffield Weds","Newcastle","Newcastle",NA,NA
"1416",949098,1995-08-28,"Blackburn","Manchester United","Manchester United",NA,NA
"1417",949063,1995-08-29,"Arsenal","Nottingham Forest",NA,"Arsenal","Nottingham Forest"
"1418",949290,1995-08-30,"Newcastle","Middlesbrough","Newcastle",NA,NA
"1419",949072,1995-08-30,"Aston Villa","Bolton","Aston Villa",NA,NA
"1420",949362,1995-08-30,"Southampton","Leeds",NA,"Southampton","Leeds"
"1421",949131,1995-08-30,"Chelsea","Coventry",NA,"Chelsea","Coventry"
"1422",949410,1995-08-30,"West Ham","Tottenham",NA,"West Ham","Tottenham"
"1423",949427,1995-08-30,"Wimbledon FC","Sheffield Weds",NA,"Wimbledon FC","Sheffield Weds"
"1424",949216,1995-08-30,"Liverpool","QPR","Liverpool",NA,NA
"1425",949228,1995-08-30,"Manchester City","Everton","Everton",NA,NA
"1426",949331,1995-09-09,"QPR","Sheffield Weds","Sheffield Weds",NA,NA
"1427",949090,1995-09-09,"Blackburn","Aston Villa",NA,"Blackburn","Aston Villa"
"1428",949367,1995-09-09,"Southampton","Newcastle","Southampton",NA,NA
"1429",949118,1995-09-09,"Bolton","Middlesbrough",NA,"Bolton","Middlesbrough"
"1430",949381,1995-09-09,"Tottenham","Leeds","Tottenham",NA,NA
"1431",949158,1995-09-09,"Coventry","Nottingham Forest",NA,"Coventry","Nottingham Forest"
"1432",949420,1995-09-09,"Wimbledon FC","Liverpool","Wimbledon FC",NA,NA
"1433",949174,1995-09-09,"Everton","Manchester United","Manchester United",NA,NA
"1434",949222,1995-09-10,"Manchester City","Arsenal","Arsenal",NA,NA
"1435",949397,1995-09-11,"West Ham","Chelsea","Chelsea",NA,NA
"1436",949275,1995-09-12,"Middlesbrough","Southampton",NA,"Middlesbrough","Southampton"
"1437",949265,1995-09-16,"Middlesbrough","Coventry","Middlesbrough",NA,NA
"1438",949288,1995-09-16,"Newcastle","Manchester City","Newcastle",NA,NA
"1439",949068,1995-09-16,"Arsenal","West Ham","Arsenal",NA,NA
"1440",949088,1995-09-16,"Aston Villa","Wimbledon FC","Aston Villa",NA,NA
"1441",949352,1995-09-16,"Sheffield Weds","Tottenham","Tottenham",NA,NA
"1442",949142,1995-09-16,"Chelsea","Southampton","Chelsea",NA,NA
"1443",949197,1995-09-16,"Leeds","QPR","QPR",NA,NA
"1444",949205,1995-09-16,"Liverpool","Blackburn","Liverpool",NA,NA
"1445",949244,1995-09-16,"Manchester United","Bolton","Manchester United",NA,NA
"1446",949304,1995-09-17,"Nottingham Forest","Everton","Nottingham Forest",NA,NA
"1447",949066,1995-09-23,"Arsenal","Southampton","Arsenal",NA,NA
"1448",949082,1995-09-23,"Aston Villa","Nottingham Forest",NA,"Aston Villa","Nottingham Forest"
"1449",949346,1995-09-23,"Sheffield Weds","Manchester United",NA,"Sheffield Weds","Manchester United"
"1450",949093,1995-09-23,"Blackburn","Coventry","Blackburn",NA,NA
"1451",949399,1995-09-23,"West Ham","Everton","West Ham",NA,NA
"1452",949419,1995-09-23,"Wimbledon FC","Leeds","Leeds",NA,NA
"1453",949206,1995-09-23,"Liverpool","Bolton","Liverpool",NA,NA
"1454",949232,1995-09-23,"Manchester City","Middlesbrough","Middlesbrough",NA,NA
"1455",949283,1995-09-24,"Newcastle","Chelsea","Newcastle",NA,NA
"1456",949333,1995-09-25,"QPR","Tottenham","Tottenham",NA,NA
"1457",949262,1995-09-30,"Middlesbrough","Blackburn","Middlesbrough",NA,NA
"1458",949307,1995-09-30,"Nottingham Forest","Manchester City","Nottingham Forest",NA,NA
"1459",949121,1995-09-30,"Bolton","QPR","QPR",NA,NA
"1460",949127,1995-09-30,"Chelsea","Arsenal","Chelsea",NA,NA
"1461",949392,1995-09-30,"Tottenham","Wimbledon FC","Tottenham",NA,NA
"1462",949147,1995-09-30,"Coventry","Aston Villa","Aston Villa",NA,NA
"1463",949198,1995-09-30,"Leeds","Sheffield Weds","Leeds",NA,NA
"1464",949249,1995-10-01,"Manchester United","Liverpool",NA,"Manchester United","Liverpool"
"1465",949176,1995-10-01,"Everton","Newcastle","Newcastle",NA,NA
"1466",949372,1995-10-02,"Southampton","West Ham",NA,"Southampton","West Ham"
"1467",949250,1995-10-14,"Manchester United","Manchester City","Manchester United",NA,NA
"1468",949073,1995-10-14,"Aston Villa","Chelsea","Chelsea",NA,NA
"1469",949329,1995-10-14,"QPR","Newcastle","Newcastle",NA,NA
"1470",949104,1995-10-14,"Blackburn","Southampton","Blackburn",NA,NA
"1471",949113,1995-10-14,"Bolton","Everton",NA,"Bolton","Everton"
"1472",949387,1995-10-14,"Tottenham","Nottingham Forest","Nottingham Forest",NA,NA
"1473",949184,1995-10-14,"Leeds","Arsenal","Arsenal",NA,NA
"1474",949208,1995-10-14,"Liverpool","Coventry",NA,"Liverpool","Coventry"
"1475",949347,1995-10-15,"Sheffield Weds","Middlesbrough","Middlesbrough",NA,NA
"1476",949430,1995-10-16,"Wimbledon FC","West Ham","West Ham",NA,NA
"1477",949273,1995-10-21,"Middlesbrough","QPR","Middlesbrough",NA,NA
"1478",949297,1995-10-21,"Newcastle","Wimbledon FC","Newcastle",NA,NA
"1479",949301,1995-10-21,"Nottingham Forest","Bolton","Nottingham Forest",NA,NA
"1480",949051,1995-10-21,"Arsenal","Aston Villa","Arsenal",NA,NA
"1481",949136,1995-10-21,"Chelsea","Manchester United","Manchester United",NA,NA
"1482",949395,1995-10-21,"West Ham","Blackburn",NA,"West Ham","Blackburn"
"1483",949160,1995-10-21,"Coventry","Sheffield Weds","Sheffield Weds",NA,NA
"1484",949229,1995-10-21,"Manchester City","Leeds",NA,"Manchester City","Leeds"
"1485",949363,1995-10-22,"Southampton","Liverpool","Liverpool",NA,NA
"1486",949181,1995-10-22,"Everton","Tottenham",NA,"Everton","Tottenham"
"1487",949251,1995-10-28,"Manchester United","Middlesbrough","Manchester United",NA,NA
"1488",949330,1995-10-28,"QPR","Nottingham Forest",NA,"QPR","Nottingham Forest"
"1489",949075,1995-10-28,"Aston Villa","Everton","Aston Villa",NA,NA
"1490",949092,1995-10-28,"Blackburn","Chelsea","Blackburn",NA,NA
"1491",949353,1995-10-28,"Sheffield Weds","West Ham","West Ham",NA,NA
"1492",949428,1995-10-28,"Wimbledon FC","Southampton","Southampton",NA,NA
"1493",949189,1995-10-28,"Leeds","Coventry","Leeds",NA,NA
"1494",949211,1995-10-28,"Liverpool","Manchester City","Liverpool",NA,NA
"1495",949386,1995-10-29,"Tottenham","Newcastle",NA,"Tottenham","Newcastle"
"1496",949108,1995-10-30,"Bolton","Arsenal","Bolton",NA,NA
"1497",949267,1995-11-04,"Middlesbrough","Leeds",NA,"Middlesbrough","Leeds"
"1498",949287,1995-11-04,"Newcastle","Liverpool","Newcastle",NA,NA
"1499",949060,1995-11-04,"Arsenal","Manchester United","Arsenal",NA,NA
"1500",949369,1995-11-04,"Southampton","QPR","Southampton",NA,NA
"1501",949394,1995-11-04,"West Ham","Aston Villa","Aston Villa",NA,NA
"1502",949141,1995-11-04,"Chelsea","Sheffield Weds",NA,"Chelsea","Sheffield Weds"
"1503",949162,1995-11-04,"Coventry","Tottenham","Tottenham",NA,NA
"1504",949225,1995-11-04,"Manchester City","Bolton","Manchester City",NA,NA
"1505",949167,1995-11-05,"Everton","Blackburn","Everton",NA,NA
"1506",949316,1995-11-06,"Nottingham Forest","Wimbledon FC","Nottingham Forest",NA,NA
"1507",949281,1995-11-08,"Newcastle","Blackburn","Newcastle",NA,NA
"1508",949256,1995-11-18,"Manchester United","Southampton","Manchester United",NA,NA
"1509",949081,1995-11-18,"Aston Villa","Newcastle",NA,"Aston Villa","Newcastle"
"1510",949345,1995-11-18,"Sheffield Weds","Manchester City",NA,"Sheffield Weds","Manchester City"
"1511",949101,1995-11-18,"Blackburn","Nottingham Forest","Blackburn",NA,NA
"1512",949374,1995-11-18,"Tottenham","Arsenal","Tottenham",NA,NA
"1513",949125,1995-11-18,"Bolton","West Ham","West Ham",NA,NA
"1514",949423,1995-11-18,"Wimbledon FC","Middlesbrough",NA,"Wimbledon FC","Middlesbrough"
"1515",949188,1995-11-18,"Leeds","Chelsea","Leeds",NA,NA
"1516",949209,1995-11-18,"Liverpool","Everton","Everton",NA,NA
"1517",949322,1995-11-19,"QPR","Coventry",NA,"QPR","Coventry"
"1518",949356,1995-11-20,"Southampton","Aston Villa","Aston Villa",NA,NA
"1519",949276,1995-11-21,"Middlesbrough","Tottenham","Tottenham",NA,NA
"1520",949065,1995-11-21,"Arsenal","Sheffield Weds","Arsenal",NA,NA
"1521",949130,1995-11-22,"Chelsea","Bolton","Chelsea",NA,NA
"1522",949401,1995-11-22,"West Ham","Liverpool",NA,"West Ham","Liverpool"
"1523",949155,1995-11-22,"Coventry","Manchester United","Manchester United",NA,NA
"1524",949178,1995-11-22,"Everton","QPR","Everton",NA,NA
"1525",949240,1995-11-22,"Manchester City","Wimbledon FC","Manchester City",NA,NA
"1526",949268,1995-11-25,"Middlesbrough","Liverpool","Middlesbrough",NA,NA
"1527",949286,1995-11-25,"Newcastle","Leeds","Newcastle",NA,NA
"1528",949358,1995-11-25,"Southampton","Bolton","Southampton",NA,NA
"1529",949143,1995-11-25,"Chelsea","Tottenham",NA,"Chelsea","Tottenham"
"1530",949407,1995-11-25,"West Ham","QPR","West Ham",NA,NA
"1531",949164,1995-11-25,"Coventry","Wimbledon FC",NA,"Coventry","Wimbledon FC"
"1532",949179,1995-11-25,"Everton","Sheffield Weds",NA,"Everton","Sheffield Weds"
"1533",949223,1995-11-25,"Manchester City","Aston Villa","Manchester City",NA,NA
"1534",949052,1995-11-26,"Arsenal","Blackburn",NA,"Arsenal","Blackburn"
"1535",949308,1995-11-27,"Nottingham Forest","Manchester United",NA,"Nottingham Forest","Manchester United"
"1536",949070,1995-12-02,"Aston Villa","Arsenal",NA,"Aston Villa","Arsenal"
"1537",949328,1995-12-02,"QPR","Middlesbrough",NA,"QPR","Middlesbrough"
"1538",949106,1995-12-02,"Blackburn","West Ham","Blackburn",NA,NA
"1539",949120,1995-12-02,"Bolton","Nottingham Forest",NA,"Bolton","Nottingham Forest"
"1540",949380,1995-12-02,"Tottenham","Everton",NA,"Tottenham","Everton"
"1541",949192,1995-12-02,"Leeds","Manchester City","Manchester City",NA,NA
"1542",949218,1995-12-02,"Liverpool","Southampton",NA,"Liverpool","Southampton"
"1543",949245,1995-12-02,"Manchester United","Chelsea",NA,"Manchester United","Chelsea"
"1544",949424,1995-12-03,"Wimbledon FC","Newcastle",NA,"Wimbledon FC","Newcastle"
"1545",949341,1995-12-04,"Sheffield Weds","Coventry","Sheffield Weds",NA,NA
"1546",949255,1995-12-09,"Manchester United","Sheffield Weds",NA,"Manchester United","Sheffield Weds"
"1547",949269,1995-12-09,"Middlesbrough","Manchester City","Middlesbrough",NA,NA
"1548",949355,1995-12-09,"Southampton","Arsenal",NA,"Southampton","Arsenal"
"1549",949115,1995-12-09,"Bolton","Liverpool","Liverpool",NA,NA
"1550",949388,1995-12-09,"Tottenham","QPR","Tottenham",NA,NA
"1551",949138,1995-12-09,"Chelsea","Newcastle","Chelsea",NA,NA
"1552",949148,1995-12-09,"Coventry","Blackburn","Coventry",NA,NA
"1553",949202,1995-12-09,"Leeds","Wimbledon FC",NA,"Leeds","Wimbledon FC"
"1554",949299,1995-12-10,"Nottingham Forest","Aston Villa",NA,"Nottingham Forest","Aston Villa"
"1555",949182,1995-12-11,"Everton","West Ham","Everton",NA,NA
"1556",949285,1995-12-16,"Newcastle","Everton","Newcastle",NA,NA
"1557",949054,1995-12-16,"Arsenal","Chelsea",NA,"Arsenal","Chelsea"
"1558",949320,1995-12-16,"QPR","Bolton","QPR",NA,NA
"1559",949074,1995-12-16,"Aston Villa","Coventry","Aston Villa",NA,NA
"1560",949343,1995-12-16,"Sheffield Weds","Leeds","Sheffield Weds",NA,NA
"1561",949099,1995-12-16,"Blackburn","Middlesbrough","Blackburn",NA,NA
"1562",949409,1995-12-16,"West Ham","Southampton","West Ham",NA,NA
"1563",949429,1995-12-16,"Wimbledon FC","Tottenham","Tottenham",NA,NA
"1564",949212,1995-12-17,"Liverpool","Manchester United","Liverpool",NA,NA
"1565",949234,1995-12-18,"Manchester City","Nottingham Forest",NA,"Manchester City","Nottingham Forest"
"1566",949277,1995-12-23,"Middlesbrough","West Ham","Middlesbrough",NA,NA
"1567",949291,1995-12-23,"Newcastle","Nottingham Forest","Newcastle",NA,NA
"1568",949318,1995-12-23,"QPR","Aston Villa","QPR",NA,NA
"1569",949351,1995-12-23,"Sheffield Weds","Southampton",NA,"Sheffield Weds","Southampton"
"1570",949377,1995-12-23,"Tottenham","Bolton",NA,"Tottenham","Bolton"
"1571",949151,1995-12-23,"Coventry","Everton","Coventry",NA,NA
"1572",949414,1995-12-23,"Wimbledon FC","Blackburn",NA,"Wimbledon FC","Blackburn"
"1573",949203,1995-12-23,"Liverpool","Arsenal","Liverpool",NA,NA
"1574",949226,1995-12-23,"Manchester City","Chelsea","Chelsea",NA,NA
"1575",949193,1995-12-24,"Leeds","Manchester United","Leeds",NA,NA
"1576",949312,1995-12-26,"Nottingham Forest","Sheffield Weds","Nottingham Forest",NA,NA
"1577",949064,1995-12-26,"Arsenal","QPR","Arsenal",NA,NA
"1578",949097,1995-12-26,"Blackburn","Manchester City","Blackburn",NA,NA
"1579",949371,1995-12-26,"Southampton","Tottenham",NA,"Southampton","Tottenham"
"1580",949145,1995-12-26,"Chelsea","Wimbledon FC","Wimbledon FC",NA,NA
"1581",949175,1995-12-26,"Everton","Middlesbrough","Everton",NA,NA
"1582",949252,1995-12-27,"Manchester United","Newcastle","Manchester United",NA,NA
"1583",949114,1995-12-27,"Bolton","Leeds","Leeds",NA,NA
"1584",949254,1995-12-30,"Manchester United","QPR","Manchester United",NA,NA
"1585",949309,1995-12-30,"Nottingham Forest","Middlesbrough","Nottingham Forest",NA,NA
"1586",949069,1995-12-30,"Arsenal","Wimbledon FC","Wimbledon FC",NA,NA
"1587",949105,1995-12-30,"Blackburn","Tottenham","Blackburn",NA,NA
"1588",949112,1995-12-30,"Bolton","Coventry","Coventry",NA,NA
"1589",949134,1995-12-30,"Chelsea","Liverpool",NA,"Chelsea","Liverpool"
"1590",949171,1995-12-30,"Everton","Leeds","Everton",NA,NA
"1591",949261,1996-01-01,"Middlesbrough","Aston Villa","Aston Villa",NA,NA
"1592",949339,1996-01-01,"Sheffield Weds","Bolton","Sheffield Weds",NA,NA
"1593",949384,1996-01-01,"Tottenham","Manchester United","Tottenham",NA,NA
"1594",949161,1996-01-01,"Coventry","Southampton",NA,"Coventry","Southampton"
"1595",949418,1996-01-01,"Wimbledon FC","Everton","Everton",NA,NA
"1596",949186,1996-01-01,"Leeds","Blackburn",NA,"Leeds","Blackburn"
"1597",949215,1996-01-01,"Liverpool","Nottingham Forest","Liverpool",NA,NA
"1598",949239,1996-01-01,"Manchester City","West Ham","Manchester City",NA,NA
"1599",949279,1996-01-02,"Newcastle","Arsenal","Newcastle",NA,NA
"1600",949321,1996-01-02,"QPR","Chelsea","Chelsea",NA,NA
"1601",949260,1996-01-13,"Middlesbrough","Arsenal","Arsenal",NA,NA
"1602",949313,1996-01-13,"Nottingham Forest","Southampton","Nottingham Forest",NA,NA
"1603",949319,1996-01-13,"QPR","Blackburn","Blackburn",NA,NA
"1604",949344,1996-01-13,"Sheffield Weds","Liverpool",NA,"Sheffield Weds","Liverpool"
"1605",949126,1996-01-13,"Bolton","Wimbledon FC","Bolton",NA,NA
"1606",949383,1996-01-13,"Tottenham","Manchester City","Tottenham",NA,NA
"1607",949169,1996-01-13,"Everton","Chelsea",NA,"Everton","Chelsea"
"1608",949201,1996-01-13,"Leeds","West Ham","Leeds",NA,NA
"1609",949242,1996-01-13,"Manchester United","Aston Villa",NA,"Manchester United","Aston Villa"
"1610",949157,1996-01-14,"Coventry","Newcastle","Newcastle",NA,NA
"1611",949282,1996-01-20,"Newcastle","Bolton","Newcastle",NA,NA
"1612",949056,1996-01-20,"Arsenal","Everton","Everton",NA,NA
"1613",949103,1996-01-20,"Blackburn","Sheffield Weds","Blackburn",NA,NA
"1614",949366,1996-01-20,"Southampton","Middlesbrough","Southampton",NA,NA
"1615",949139,1996-01-20,"Chelsea","Nottingham Forest","Chelsea",NA,NA
"1616",949426,1996-01-20,"Wimbledon FC","QPR","Wimbledon FC",NA,NA
"1617",949210,1996-01-20,"Liverpool","Leeds","Liverpool",NA,NA
"1618",949227,1996-01-20,"Manchester City","Coventry",NA,"Manchester City","Coventry"
"1619",949086,1996-01-21,"Aston Villa","Tottenham","Aston Villa",NA,NA
"1620",949403,1996-01-23,"West Ham","Manchester United","Manchester United",NA,NA
"1621",949305,1996-01-31,"Nottingham Forest","Leeds","Nottingham Forest",NA,NA
"1622",949077,1996-01-31,"Aston Villa","Liverpool","Liverpool",NA,NA
"1623",949364,1996-01-31,"Southampton","Manchester City",NA,"Southampton","Manchester City"
"1624",949398,1996-01-31,"West Ham","Coventry","West Ham",NA,NA
"1625",949293,1996-02-03,"Newcastle","Sheffield Weds","Newcastle",NA,NA
"1626",949055,1996-02-03,"Arsenal","Coventry",NA,"Arsenal","Coventry"
"1627",949076,1996-02-03,"Aston Villa","Leeds","Aston Villa",NA,NA
"1628",949091,1996-02-03,"Blackburn","Bolton","Blackburn",NA,NA
"1629",949361,1996-02-03,"Southampton","Everton",NA,"Southampton","Everton"
"1630",949406,1996-02-03,"West Ham","Nottingham Forest","West Ham",NA,NA
"1631",949422,1996-02-03,"Wimbledon FC","Manchester United","Manchester United",NA,NA
"1632",949219,1996-02-03,"Liverpool","Tottenham",NA,"Liverpool","Tottenham"
"1633",949235,1996-02-03,"Manchester City","QPR","Manchester City",NA,NA
"1634",949137,1996-02-04,"Chelsea","Middlesbrough","Chelsea",NA,NA
"1635",949271,1996-02-10,"Middlesbrough","Newcastle","Newcastle",NA,NA
"1636",949298,1996-02-10,"Nottingham Forest","Arsenal","Arsenal",NA,NA
"1637",949354,1996-02-10,"Sheffield Weds","Wimbledon FC","Sheffield Weds",NA,NA
"1638",949109,1996-02-10,"Bolton","Aston Villa","Aston Villa",NA,NA
"1639",949150,1996-02-10,"Coventry","Chelsea","Coventry",NA,NA
"1640",949173,1996-02-10,"Everton","Manchester City","Everton",NA,NA
"1641",949243,1996-02-10,"Manchester United","Blackburn","Manchester United",NA,NA
"1642",949325,1996-02-11,"QPR","Liverpool","Liverpool",NA,NA
"1643",949391,1996-02-12,"Tottenham","West Ham","West Ham",NA,NA
"1644",949263,1996-02-17,"Middlesbrough","Bolton","Bolton",NA,NA
"1645",949350,1996-02-17,"Sheffield Weds","QPR","QPR",NA,NA
"1646",949144,1996-02-17,"Chelsea","West Ham","West Ham",NA,NA
"1647",949405,1996-02-21,"West Ham","Newcastle","West Ham",NA,NA
"1648",949247,1996-02-21,"Manchester United","Everton","Manchester United",NA,NA
"1649",949096,1996-02-24,"Blackburn","Liverpool","Liverpool",NA,NA
"1650",949359,1996-02-24,"Southampton","Chelsea","Chelsea",NA,NA
"1651",949389,1996-02-24,"Tottenham","Sheffield Weds","Tottenham",NA,NA
"1652",949393,1996-02-24,"West Ham","Arsenal","Arsenal",NA,NA
"1653",949156,1996-02-24,"Coventry","Middlesbrough",NA,"Coventry","Middlesbrough"
"1654",949413,1996-02-24,"Wimbledon FC","Aston Villa",NA,"Wimbledon FC","Aston Villa"
"1655",949177,1996-02-24,"Everton","Nottingham Forest","Everton",NA,NA
"1656",949233,1996-02-24,"Manchester City","Newcastle",NA,"Manchester City","Newcastle"
"1657",949117,1996-02-25,"Bolton","Manchester United","Manchester United",NA,NA
"1658",949071,1996-02-28,"Aston Villa","Blackburn","Aston Villa",NA,NA
"1659",949266,1996-03-02,"Middlesbrough","Everton","Everton",NA,NA
"1660",949317,1996-03-02,"QPR","Arsenal",NA,"QPR","Arsenal"
"1661",949349,1996-03-02,"Sheffield Weds","Nottingham Forest","Nottingham Forest",NA,NA
"1662",949390,1996-03-02,"Tottenham","Southampton","Tottenham",NA,NA
"1663",949416,1996-03-02,"Wimbledon FC","Chelsea",NA,"Wimbledon FC","Chelsea"
"1664",949163,1996-03-02,"Coventry","West Ham",NA,"Coventry","West Ham"
"1665",949187,1996-03-02,"Leeds","Bolton","Bolton",NA,NA
"1666",949224,1996-03-02,"Manchester City","Blackburn",NA,"Manchester City","Blackburn"
"1667",949204,1996-03-03,"Liverpool","Aston Villa","Liverpool",NA,NA
"1668",949289,1996-03-04,"Newcastle","Manchester United","Manchester United",NA,NA
"1669",949059,1996-03-05,"Arsenal","Manchester City","Arsenal",NA,NA
"1670",949324,1996-03-06,"QPR","Leeds","Leeds",NA,NA
"1671",949084,1996-03-06,"Aston Villa","Sheffield Weds","Aston Villa",NA,NA
"1672",949083,1996-03-09,"Aston Villa","QPR","Aston Villa",NA,NA
"1673",949404,1996-03-09,"West Ham","Middlesbrough","West Ham",NA,NA
"1674",949170,1996-03-09,"Everton","Coventry",NA,"Everton","Coventry"
"1675",949135,1996-03-12,"Chelsea","Manchester City",NA,"Chelsea","Manchester City"
"1676",949095,1996-03-13,"Blackburn","Leeds","Blackburn",NA,NA
"1677",949221,1996-03-13,"Liverpool","Wimbledon FC",NA,"Liverpool","Wimbledon FC"
"1678",949272,1996-03-16,"Middlesbrough","Nottingham Forest",NA,"Middlesbrough","Nottingham Forest"
"1679",949327,1996-03-16,"QPR","Manchester United",NA,"QPR","Manchester United"
"1680",949337,1996-03-16,"Sheffield Weds","Aston Villa","Sheffield Weds",NA,NA
"1681",949376,1996-03-16,"Tottenham","Blackburn","Blackburn",NA,NA
"1682",949149,1996-03-16,"Coventry","Bolton","Bolton",NA,NA
"1683",949412,1996-03-16,"Wimbledon FC","Arsenal","Arsenal",NA,NA
"1684",949207,1996-03-16,"Liverpool","Chelsea","Liverpool",NA,NA
"1685",949237,1996-03-16,"Manchester City","Southampton","Manchester City",NA,NA
"1686",949190,1996-03-17,"Leeds","Everton",NA,"Leeds","Everton"
"1687",949296,1996-03-18,"Newcastle","West Ham","Newcastle",NA,NA
"1688",949080,1996-03-19,"Aston Villa","Middlesbrough",NA,"Aston Villa","Middlesbrough"
"1689",949370,1996-03-20,"Southampton","Sheffield Weds","Sheffield Weds",NA,NA
"1690",949124,1996-03-20,"Bolton","Tottenham","Tottenham",NA,NA
"1691",949241,1996-03-20,"Manchester United","Arsenal","Manchester United",NA,NA
"1692",949306,1996-03-23,"Nottingham Forest","Liverpool","Nottingham Forest",NA,NA
"1693",949062,1996-03-23,"Arsenal","Newcastle","Arsenal",NA,NA
"1694",949122,1996-03-23,"Bolton","Sheffield Weds","Bolton",NA,NA
"1695",949140,1996-03-23,"Chelsea","QPR",NA,"Chelsea","QPR"
"1696",949402,1996-03-23,"West Ham","Manchester City","West Ham",NA,NA
"1697",949183,1996-03-23,"Everton","Wimbledon FC","Wimbledon FC",NA,NA
"1698",949257,1996-03-24,"Manchester United","Tottenham","Manchester United",NA,NA
"1699",949360,1996-03-25,"Southampton","Coventry","Southampton",NA,NA
"1700",949332,1996-03-30,"QPR","Southampton","QPR",NA,NA
"1701",949094,1996-03-30,"Blackburn","Everton","Everton",NA,NA
"1702",949116,1996-03-30,"Bolton","Manchester City",NA,"Bolton","Manchester City"
"1703",949379,1996-03-30,"Tottenham","Coventry","Tottenham",NA,NA
"1704",949425,1996-03-30,"Wimbledon FC","Nottingham Forest","Wimbledon FC",NA,NA
"1705",949194,1996-03-30,"Leeds","Middlesbrough","Middlesbrough",NA,NA
"1706",949199,1996-04-03,"Leeds","Southampton","Leeds",NA,NA
"1707",949214,1996-04-03,"Liverpool","Newcastle","Liverpool",NA,NA
"1708",949274,1996-04-05,"Middlesbrough","Sheffield Weds","Middlesbrough",NA,NA
"1709",949292,1996-04-06,"Newcastle","QPR","Newcastle",NA,NA
"1710",949057,1996-04-06,"Arsenal","Leeds","Arsenal",NA,NA
"1711",949314,1996-04-06,"Nottingham Forest","Tottenham","Nottingham Forest",NA,NA
"1712",949357,1996-04-06,"Southampton","Blackburn","Southampton",NA,NA
"1713",949128,1996-04-06,"Chelsea","Aston Villa","Aston Villa",NA,NA
"1714",949153,1996-04-06,"Coventry","Liverpool","Coventry",NA,NA
"1715",949411,1996-04-06,"West Ham","Wimbledon FC",NA,"West Ham","Wimbledon FC"
"1716",949168,1996-04-06,"Everton","Bolton","Everton",NA,NA
"1717",949231,1996-04-06,"Manchester City","Manchester United","Manchester United",NA,NA
"1718",949323,1996-04-08,"QPR","Everton","QPR",NA,NA
"1719",949336,1996-04-08,"Sheffield Weds","Arsenal","Sheffield Weds",NA,NA
"1720",949085,1996-04-08,"Aston Villa","Southampton","Aston Villa",NA,NA
"1721",949100,1996-04-08,"Blackburn","Newcastle","Blackburn",NA,NA
"1722",949111,1996-04-08,"Bolton","Chelsea","Bolton",NA,NA
"1723",949385,1996-04-08,"Tottenham","Middlesbrough",NA,"Tottenham","Middlesbrough"
"1724",949421,1996-04-08,"Wimbledon FC","Manchester City","Wimbledon FC",NA,NA
"1725",949196,1996-04-08,"Leeds","Nottingham Forest","Nottingham Forest",NA,NA
"1726",949220,1996-04-08,"Liverpool","West Ham","Liverpool",NA,NA
"1727",949246,1996-04-08,"Manchester United","Coventry","Manchester United",NA,NA
"1728",949278,1996-04-13,"Middlesbrough","Wimbledon FC","Wimbledon FC",NA,NA
"1729",949300,1996-04-13,"Nottingham Forest","Blackburn","Blackburn",NA,NA
"1730",949365,1996-04-13,"Southampton","Manchester United","Southampton",NA,NA
"1731",949133,1996-04-13,"Chelsea","Leeds","Chelsea",NA,NA
"1732",949396,1996-04-13,"West Ham","Bolton","West Ham",NA,NA
"1733",949159,1996-04-13,"Coventry","QPR","Coventry",NA,NA
"1734",949236,1996-04-13,"Manchester City","Sheffield Weds","Manchester City",NA,NA
"1735",949280,1996-04-14,"Newcastle","Aston Villa","Newcastle",NA,NA
"1736",949067,1996-04-15,"Arsenal","Tottenham",NA,"Arsenal","Tottenham"
"1737",949172,1996-04-16,"Everton","Liverpool",NA,"Everton","Liverpool"
"1738",949248,1996-04-17,"Manchester United","Leeds","Manchester United",NA,NA
"1739",949294,1996-04-17,"Newcastle","Southampton","Newcastle",NA,NA
"1740",949303,1996-04-17,"Nottingham Forest","Coventry",NA,"Nottingham Forest","Coventry"
"1741",949340,1996-04-17,"Sheffield Weds","Chelsea",NA,"Sheffield Weds","Chelsea"
"1742",949087,1996-04-17,"Aston Villa","West Ham",NA,"Aston Villa","West Ham"
"1743",949107,1996-04-17,"Blackburn","Wimbledon FC","Blackburn",NA,NA
"1744",949078,1996-04-27,"Aston Villa","Manchester City","Manchester City",NA,NA
"1745",949334,1996-04-27,"QPR","West Ham","QPR",NA,NA
"1746",949342,1996-04-27,"Sheffield Weds","Everton","Everton",NA,NA
"1747",949089,1996-04-27,"Blackburn","Arsenal",NA,"Blackburn","Arsenal"
"1748",949378,1996-04-27,"Tottenham","Chelsea",NA,"Tottenham","Chelsea"
"1749",949123,1996-04-27,"Bolton","Southampton","Southampton",NA,NA
"1750",949417,1996-04-27,"Wimbledon FC","Coventry","Coventry",NA,NA
"1751",949213,1996-04-27,"Liverpool","Middlesbrough","Liverpool",NA,NA
"1752",949253,1996-04-28,"Manchester United","Nottingham Forest","Manchester United",NA,NA
"1753",949195,1996-04-29,"Leeds","Newcastle","Newcastle",NA,NA
"1754",949058,1996-05-01,"Arsenal","Liverpool",NA,"Arsenal","Liverpool"
"1755",949310,1996-05-02,"Nottingham Forest","Newcastle",NA,"Nottingham Forest","Newcastle"
"1756",949200,1996-05-02,"Leeds","Tottenham","Tottenham",NA,NA
"1757",949270,1996-05-04,"Middlesbrough","Manchester United","Manchester United",NA,NA
"1758",949295,1996-05-04,"Newcastle","Tottenham",NA,"Newcastle","Tottenham"
"1759",949053,1996-05-04,"Arsenal","Bolton","Arsenal",NA,NA
"1760",949311,1996-05-04,"Nottingham Forest","QPR","Nottingham Forest",NA,NA
"1761",949373,1996-05-04,"Southampton","Wimbledon FC",NA,"Southampton","Wimbledon FC"
"1762",949129,1996-05-04,"Chelsea","Blackburn","Blackburn",NA,NA
"1763",949152,1996-05-04,"Coventry","Leeds",NA,"Coventry","Leeds"
"1764",949408,1996-05-04,"West Ham","Sheffield Weds",NA,"West Ham","Sheffield Weds"
"1765",949166,1996-05-04,"Everton","Aston Villa","Everton",NA,NA
"1766",949230,1996-05-04,"Manchester City","Liverpool",NA,"Manchester City","Liverpool"
"1767",949519,1996-08-17,"Coventry","Nottingham Forest","Nottingham Forest",NA,NA
"1768",949532,1996-08-17,"Derby","Leeds",NA,"Derby","Leeds"
"1769",949802,1996-08-17,"Wimbledon FC","Manchester United","Manchester United",NA,NA
"1770",949556,1996-08-17,"Everton","Newcastle","Everton",NA,NA
"1771",949649,1996-08-17,"Middlesbrough","Liverpool",NA,"Middlesbrough","Liverpool"
"1772",949698,1996-08-17,"Sheffield Weds","Aston Villa","Sheffield Weds",NA,NA
"1773",949448,1996-08-17,"Arsenal","West Ham","Arsenal",NA,NA
"1774",949485,1996-08-17,"Blackburn","Tottenham","Tottenham",NA,NA
"1775",949743,1996-08-17,"Sunderland","Leicester",NA,"Sunderland","Leicester"
"1776",949719,1996-08-18,"Southampton","Chelsea",NA,"Southampton","Chelsea"
"1777",949602,1996-08-19,"Liverpool","Arsenal","Liverpool",NA,NA
"1778",949577,1996-08-20,"Leeds","Sheffield Weds","Sheffield Weds",NA,NA
"1779",949777,1996-08-21,"West Ham","Coventry",NA,"West Ham","Coventry"
"1780",949597,1996-08-21,"Leicester","Southampton","Leicester",NA,NA
"1781",949627,1996-08-21,"Manchester United","Everton",NA,"Manchester United","Everton"
"1782",949677,1996-08-21,"Newcastle","Wimbledon FC","Newcastle",NA,NA
"1783",949693,1996-08-21,"Nottingham Forest","Sunderland","Sunderland",NA,NA
"1784",949451,1996-08-21,"Aston Villa","Blackburn","Aston Villa",NA,NA
"1785",949498,1996-08-21,"Chelsea","Middlesbrough","Chelsea",NA,NA
"1786",949759,1996-08-21,"Tottenham","Derby",NA,"Tottenham","Derby"
"1787",949760,1996-08-24,"Tottenham","Everton",NA,"Tottenham","Everton"
"1788",949788,1996-08-24,"West Ham","Southampton","West Ham",NA,NA
"1789",949583,1996-08-24,"Leicester","Arsenal","Arsenal",NA,NA
"1790",949617,1996-08-24,"Liverpool","Sunderland",NA,"Liverpool","Sunderland"
"1791",949672,1996-08-24,"Newcastle","Sheffield Weds","Sheffield Weds",NA,NA
"1792",949689,1996-08-24,"Nottingham Forest","Middlesbrough",NA,"Nottingham Forest","Middlesbrough"
"1793",949454,1996-08-24,"Aston Villa","Derby","Aston Villa",NA,NA
"1794",949491,1996-08-24,"Chelsea","Coventry","Chelsea",NA,NA
"1795",949623,1996-08-25,"Manchester United","Blackburn",NA,"Manchester United","Blackburn"
"1796",949582,1996-08-26,"Leeds","Wimbledon FC","Leeds",NA,NA
"1797",949705,1996-09-02,"Sheffield Weds","Leicester","Sheffield Weds",NA,NA
"1798",949515,1996-09-04,"Coventry","Liverpool","Liverpool",NA,NA
"1799",949535,1996-09-04,"Derby","Manchester United",NA,"Derby","Manchester United"
"1800",949546,1996-09-04,"Everton","Aston Villa","Aston Villa",NA,NA
"1801",949809,1996-09-04,"Wimbledon FC","Tottenham","Wimbledon FC",NA,NA
"1802",949657,1996-09-04,"Middlesbrough","West Ham","Middlesbrough",NA,NA
"1803",949433,1996-09-04,"Arsenal","Chelsea",NA,"Arsenal","Chelsea"
"1804",949729,1996-09-04,"Southampton","Nottingham Forest",NA,"Southampton","Nottingham Forest"
"1805",949475,1996-09-04,"Blackburn","Leeds","Leeds",NA,NA
"1806",949747,1996-09-04,"Sunderland","Newcastle","Newcastle",NA,NA
"1807",949766,1996-09-07,"Tottenham","Newcastle","Newcastle",NA,NA
"1808",949798,1996-09-07,"Wimbledon FC","Everton","Wimbledon FC",NA,NA
"1809",949573,1996-09-07,"Leeds","Manchester United","Manchester United",NA,NA
"1810",949616,1996-09-07,"Liverpool","Southampton","Liverpool",NA,NA
"1811",949644,1996-09-07,"Middlesbrough","Coventry","Middlesbrough",NA,NA
"1812",949686,1996-09-07,"Nottingham Forest","Leicester",NA,"Nottingham Forest","Leicester"
"1813",949700,1996-09-07,"Sheffield Weds","Chelsea","Chelsea",NA,NA
"1814",949450,1996-09-07,"Aston Villa","Arsenal",NA,"Aston Villa","Arsenal"
"1815",949752,1996-09-08,"Sunderland","West Ham",NA,"Sunderland","West Ham"
"1816",949473,1996-09-09,"Blackburn","Derby","Derby",NA,NA
"1817",949513,1996-09-14,"Coventry","Leeds","Coventry",NA,NA
"1818",949791,1996-09-14,"West Ham","Wimbledon FC","Wimbledon FC",NA,NA
"1819",949541,1996-09-14,"Derby","Sunderland","Derby",NA,NA
"1820",949555,1996-09-14,"Everton","Middlesbrough","Middlesbrough",NA,NA
"1821",949633,1996-09-14,"Manchester United","Nottingham Forest","Manchester United",NA,NA
"1822",949661,1996-09-14,"Newcastle","Blackburn","Newcastle",NA,NA
"1823",949732,1996-09-14,"Southampton","Tottenham","Tottenham",NA,NA
"1824",949591,1996-09-15,"Leicester","Liverpool","Liverpool",NA,NA
"1825",949489,1996-09-15,"Chelsea","Aston Villa",NA,"Chelsea","Aston Villa"
"1826",949444,1996-09-16,"Arsenal","Sheffield Weds","Arsenal",NA,NA
"1827",949575,1996-09-21,"Leeds","Newcastle","Newcastle",NA,NA
"1828",949605,1996-09-21,"Liverpool","Chelsea","Liverpool",NA,NA
"1829",949640,1996-09-21,"Middlesbrough","Arsenal","Arsenal",NA,NA
"1830",949695,1996-09-21,"Nottingham Forest","West Ham","West Ham",NA,NA
"1831",949702,1996-09-21,"Sheffield Weds","Derby",NA,"Sheffield Weds","Derby"
"1832",949459,1996-09-21,"Aston Villa","Manchester United",NA,"Aston Villa","Manchester United"
"1833",949474,1996-09-21,"Blackburn","Everton",NA,"Blackburn","Everton"
"1834",949739,1996-09-21,"Sunderland","Coventry","Sunderland",NA,NA
"1835",949762,1996-09-22,"Tottenham","Leicester","Leicester",NA,NA
"1836",949807,1996-09-23,"Wimbledon FC","Southampton","Wimbledon FC",NA,NA
"1837",949509,1996-09-28,"Coventry","Blackburn",NA,"Coventry","Blackburn"
"1838",949544,1996-09-28,"Derby","Wimbledon FC","Wimbledon FC",NA,NA
"1839",949558,1996-09-28,"Everton","Sheffield Weds","Everton",NA,NA
"1840",949590,1996-09-28,"Leicester","Leeds","Leicester",NA,NA
"1841",949446,1996-09-28,"Arsenal","Sunderland","Arsenal",NA,NA
"1842",949727,1996-09-28,"Southampton","Middlesbrough","Southampton",NA,NA
"1843",949500,1996-09-28,"Chelsea","Nottingham Forest",NA,"Chelsea","Nottingham Forest"
"1844",949782,1996-09-29,"West Ham","Liverpool","Liverpool",NA,NA
"1845",949637,1996-09-29,"Manchester United","Tottenham","Manchester United",NA,NA
"1846",949660,1996-09-30,"Newcastle","Aston Villa","Newcastle",NA,NA
"1847",949537,1996-10-12,"Derby","Newcastle","Newcastle",NA,NA
"1848",949806,1996-10-12,"Wimbledon FC","Sheffield Weds","Wimbledon FC",NA,NA
"1849",949562,1996-10-12,"Everton","West Ham","Everton",NA,NA
"1850",949576,1996-10-12,"Leeds","Nottingham Forest","Leeds",NA,NA
"1851",949586,1996-10-12,"Leicester","Chelsea","Chelsea",NA,NA
"1852",949630,1996-10-12,"Manchester United","Liverpool","Manchester United",NA,NA
"1853",949469,1996-10-12,"Blackburn","Arsenal","Arsenal",NA,NA
"1854",949755,1996-10-12,"Tottenham","Aston Villa","Tottenham",NA,NA
"1855",949521,1996-10-13,"Coventry","Southampton",NA,"Coventry","Southampton"
"1856",949746,1996-10-14,"Sunderland","Middlesbrough",NA,"Sunderland","Middlesbrough"
"1857",949506,1996-10-19,"Chelsea","Wimbledon FC","Wimbledon FC",NA,NA
"1858",949781,1996-10-19,"West Ham","Leicester","West Ham",NA,NA
"1859",949656,1996-10-19,"Middlesbrough","Tottenham","Tottenham",NA,NA
"1860",949683,1996-10-19,"Nottingham Forest","Derby",NA,"Nottingham Forest","Derby"
"1861",949434,1996-10-19,"Arsenal","Coventry",NA,"Arsenal","Coventry"
"1862",949699,1996-10-19,"Sheffield Weds","Blackburn",NA,"Sheffield Weds","Blackburn"
"1863",949456,1996-10-19,"Aston Villa","Leeds","Aston Villa",NA,NA
"1864",949731,1996-10-19,"Southampton","Sunderland","Southampton",NA,NA
"1865",949669,1996-10-20,"Newcastle","Manchester United","Newcastle",NA,NA
"1866",949504,1996-10-26,"Chelsea","Tottenham","Chelsea",NA,NA
"1867",949775,1996-10-26,"West Ham","Blackburn","West Ham",NA,NA
"1868",949520,1996-10-26,"Coventry","Sheffield Weds",NA,"Coventry","Sheffield Weds"
"1869",949594,1996-10-26,"Leicester","Newcastle","Leicester",NA,NA
"1870",949658,1996-10-26,"Middlesbrough","Wimbledon FC",NA,"Middlesbrough","Wimbledon FC"
"1871",949437,1996-10-26,"Arsenal","Leeds","Arsenal",NA,NA
"1872",949726,1996-10-26,"Southampton","Manchester United","Southampton",NA,NA
"1873",949736,1996-10-26,"Sunderland","Aston Villa","Sunderland",NA,NA
"1874",949607,1996-10-27,"Liverpool","Derby","Liverpool",NA,NA
"1875",949684,1996-10-28,"Nottingham Forest","Everton","Everton",NA,NA
"1876",949771,1996-11-02,"Tottenham","West Ham","Tottenham",NA,NA
"1877",949533,1996-11-02,"Derby","Leicester","Derby",NA,NA
"1878",949792,1996-11-02,"Wimbledon FC","Arsenal",NA,"Wimbledon FC","Arsenal"
"1879",949579,1996-11-02,"Leeds","Sunderland","Leeds",NA,NA
"1880",949624,1996-11-02,"Manchester United","Chelsea","Chelsea",NA,NA
"1881",949711,1996-11-02,"Sheffield Weds","Southampton",NA,"Sheffield Weds","Southampton"
"1882",949462,1996-11-02,"Aston Villa","Nottingham Forest","Aston Villa",NA,NA
"1883",949670,1996-11-03,"Newcastle","Middlesbrough","Newcastle",NA,NA
"1884",949477,1996-11-03,"Blackburn","Liverpool","Blackburn",NA,NA
"1885",949549,1996-11-04,"Everton","Coventry",NA,"Everton","Coventry"
"1886",949770,1996-11-16,"Tottenham","Sunderland","Tottenham",NA,NA
"1887",949796,1996-11-16,"Wimbledon FC","Coventry",NA,"Wimbledon FC","Coventry"
"1888",949559,1996-11-16,"Everton","Southampton","Everton",NA,NA
"1889",949572,1996-11-16,"Leeds","Liverpool","Liverpool",NA,NA
"1890",949621,1996-11-16,"Manchester United","Arsenal","Manchester United",NA,NA
"1891",949676,1996-11-16,"Newcastle","West Ham",NA,"Newcastle","West Ham"
"1892",949457,1996-11-16,"Aston Villa","Leicester","Leicester",NA,NA
"1893",949471,1996-11-16,"Blackburn","Chelsea",NA,"Blackburn","Chelsea"
"1894",949536,1996-11-17,"Derby","Middlesbrough","Derby",NA,NA
"1895",949710,1996-11-18,"Sheffield Weds","Nottingham Forest","Sheffield Weds",NA,NA
"1896",949608,1996-11-20,"Liverpool","Everton",NA,"Liverpool","Everton"
"1897",949508,1996-11-23,"Coventry","Aston Villa","Aston Villa",NA,NA
"1898",949778,1996-11-23,"West Ham","Derby",NA,"West Ham","Derby"
"1899",949589,1996-11-23,"Leicester","Everton","Everton",NA,NA
"1900",949620,1996-11-23,"Liverpool","Wimbledon FC",NA,"Liverpool","Wimbledon FC"
"1901",949650,1996-11-23,"Middlesbrough","Manchester United",NA,"Middlesbrough","Manchester United"
"1902",949723,1996-11-23,"Southampton","Leeds","Leeds",NA,NA
"1903",949749,1996-11-23,"Sunderland","Sheffield Weds",NA,"Sunderland","Sheffield Weds"
"1904",949499,1996-11-23,"Chelsea","Newcastle",NA,"Chelsea","Newcastle"
"1905",949447,1996-11-24,"Arsenal","Tottenham","Arsenal",NA,NA
"1906",949680,1996-11-25,"Nottingham Forest","Blackburn",NA,"Nottingham Forest","Blackburn"
"1907",949530,1996-11-30,"Derby","Coventry","Derby",NA,NA
"1908",949805,1996-11-30,"Wimbledon FC","Nottingham Forest","Wimbledon FC",NA,NA
"1909",949560,1996-11-30,"Everton","Sunderland","Sunderland",NA,NA
"1910",949629,1996-11-30,"Manchester United","Leicester","Manchester United",NA,NA
"1911",949659,1996-11-30,"Newcastle","Arsenal","Arsenal",NA,NA
"1912",949714,1996-11-30,"Sheffield Weds","West Ham",NA,"Sheffield Weds","West Ham"
"1913",949460,1996-11-30,"Aston Villa","Middlesbrough","Aston Villa",NA,NA
"1914",949483,1996-11-30,"Blackburn","Southampton","Blackburn",NA,NA
"1915",949567,1996-12-01,"Leeds","Chelsea","Leeds",NA,NA
"1916",949763,1996-12-02,"Tottenham","Liverpool","Liverpool",NA,NA
"1917",949648,1996-12-03,"Middlesbrough","Leicester","Leicester",NA,NA
"1918",949774,1996-12-04,"West Ham","Aston Villa","Aston Villa",NA,NA
"1919",949445,1996-12-04,"Arsenal","Southampton","Arsenal",NA,NA
"1920",949523,1996-12-07,"Coventry","Tottenham","Tottenham",NA,NA
"1921",949585,1996-12-07,"Leicester","Blackburn",NA,"Leicester","Blackburn"
"1922",949615,1996-12-07,"Liverpool","Sheffield Weds","Sheffield Weds",NA,NA
"1923",949647,1996-12-07,"Middlesbrough","Leeds",NA,"Middlesbrough","Leeds"
"1924",949435,1996-12-07,"Arsenal","Derby",NA,"Arsenal","Derby"
"1925",949717,1996-12-07,"Southampton","Aston Villa","Aston Villa",NA,NA
"1926",949493,1996-12-07,"Chelsea","Everton",NA,"Chelsea","Everton"
"1927",949753,1996-12-07,"Sunderland","Wimbledon FC","Wimbledon FC",NA,NA
"1928",949783,1996-12-08,"West Ham","Manchester United",NA,"West Ham","Manchester United"
"1929",949690,1996-12-09,"Nottingham Forest","Newcastle",NA,"Nottingham Forest","Newcastle"
"1930",949794,1996-12-14,"Wimbledon FC","Blackburn","Wimbledon FC",NA,NA
"1931",949580,1996-12-14,"Leeds","Tottenham",NA,"Leeds","Tottenham"
"1932",949612,1996-12-14,"Liverpool","Middlesbrough","Liverpool",NA,NA
"1933",949738,1996-12-15,"Sunderland","Chelsea","Sunderland",NA,NA
"1934",949531,1996-12-16,"Derby","Everton","Everton",NA,NA
"1935",949518,1996-12-17,"Coventry","Newcastle","Coventry",NA,NA
"1936",949614,1996-12-17,"Liverpool","Nottingham Forest","Liverpool",NA,NA
"1937",949707,1996-12-18,"Sheffield Weds","Manchester United",NA,"Sheffield Weds","Manchester United"
"1938",949505,1996-12-21,"Chelsea","West Ham","Chelsea",NA,NA
"1939",949768,1996-12-21,"Tottenham","Sheffield Weds",NA,"Tottenham","Sheffield Weds"
"1940",949551,1996-12-21,"Everton","Leeds",NA,"Everton","Leeds"
"1941",949587,1996-12-21,"Leicester","Coventry","Coventry",NA,NA
"1942",949636,1996-12-21,"Manchester United","Sunderland","Manchester United",NA,NA
"1943",949678,1996-12-21,"Nottingham Forest","Arsenal","Nottingham Forest",NA,NA
"1944",949721,1996-12-21,"Southampton","Derby","Southampton",NA,NA
"1945",949468,1996-12-22,"Aston Villa","Wimbledon FC","Aston Villa",NA,NA
"1946",949668,1996-12-23,"Newcastle","Liverpool",NA,"Newcastle","Liverpool"
"1947",949769,1996-12-26,"Tottenham","Southampton","Tottenham",NA,NA
"1948",949568,1996-12-26,"Leeds","Coventry","Coventry",NA,NA
"1949",949610,1996-12-26,"Liverpool","Leicester",NA,"Liverpool","Leicester"
"1950",949646,1996-12-26,"Middlesbrough","Everton","Middlesbrough",NA,NA
"1951",949688,1996-12-26,"Nottingham Forest","Manchester United","Manchester United",NA,NA
"1952",949697,1996-12-26,"Sheffield Weds","Arsenal",NA,"Sheffield Weds","Arsenal"
"1953",949452,1996-12-26,"Aston Villa","Chelsea","Chelsea",NA,NA
"1954",949480,1996-12-26,"Blackburn","Newcastle","Blackburn",NA,NA
"1955",949740,1996-12-26,"Sunderland","Derby","Sunderland",NA,NA
"1956",949517,1996-12-28,"Coventry","Middlesbrough","Coventry",NA,NA
"1957",949528,1996-12-28,"Derby","Blackburn",NA,"Derby","Blackburn"
"1958",949789,1996-12-28,"West Ham","Sunderland","West Ham",NA,NA
"1959",949563,1996-12-28,"Everton","Wimbledon FC","Wimbledon FC",NA,NA
"1960",949595,1996-12-28,"Leicester","Nottingham Forest",NA,"Leicester","Nottingham Forest"
"1961",949628,1996-12-28,"Manchester United","Leeds","Manchester United",NA,NA
"1962",949675,1996-12-28,"Newcastle","Tottenham","Newcastle",NA,NA
"1963",949431,1996-12-28,"Arsenal","Aston Villa",NA,"Arsenal","Aston Villa"
"1964",949501,1996-12-28,"Chelsea","Sheffield Weds",NA,"Chelsea","Sheffield Weds"
"1965",949725,1996-12-29,"Southampton","Liverpool","Liverpool",NA,NA
"1966",949522,1997-01-01,"Coventry","Sunderland",NA,"Coventry","Sunderland"
"1967",949786,1997-01-01,"West Ham","Nottingham Forest","Nottingham Forest",NA,NA
"1968",949547,1997-01-01,"Everton","Blackburn","Blackburn",NA,NA
"1969",949622,1997-01-01,"Manchester United","Aston Villa",NA,"Manchester United","Aston Villa"
"1970",949666,1997-01-01,"Newcastle","Leeds","Newcastle",NA,NA
"1971",949441,1997-01-01,"Arsenal","Middlesbrough","Arsenal",NA,NA
"1972",949496,1997-01-01,"Chelsea","Liverpool","Chelsea",NA,NA
"1973",949797,1997-01-11,"Wimbledon FC","Derby",NA,"Wimbledon FC","Derby"
"1974",949571,1997-01-11,"Leeds","Leicester","Leeds",NA,NA
"1975",949619,1997-01-11,"Liverpool","West Ham",NA,"Liverpool","West Ham"
"1976",949654,1997-01-11,"Middlesbrough","Southampton","Southampton",NA,NA
"1977",949681,1997-01-11,"Nottingham Forest","Chelsea","Nottingham Forest",NA,NA
"1978",949703,1997-01-11,"Sheffield Weds","Everton","Sheffield Weds",NA,NA
"1979",949461,1997-01-11,"Aston Villa","Newcastle",NA,"Aston Villa","Newcastle"
"1980",949472,1997-01-11,"Blackburn","Coventry","Blackburn",NA,NA
"1981",949735,1997-01-11,"Sunderland","Arsenal","Sunderland",NA,NA
"1982",949764,1997-01-12,"Tottenham","Manchester United","Manchester United",NA,NA
"1983",949516,1997-01-18,"Coventry","Manchester United","Manchester United",NA,NA
"1984",949601,1997-01-18,"Leicester","Wimbledon FC","Leicester",NA,NA
"1985",949603,1997-01-18,"Liverpool","Aston Villa","Liverpool",NA,NA
"1986",949653,1997-01-18,"Middlesbrough","Sheffield Weds","Middlesbrough",NA,NA
"1987",949728,1997-01-18,"Southampton","Newcastle",NA,"Southampton","Newcastle"
"1988",949737,1997-01-18,"Sunderland","Blackburn",NA,"Sunderland","Blackburn"
"1989",949492,1997-01-18,"Chelsea","Derby","Chelsea",NA,NA
"1990",949436,1997-01-19,"Arsenal","Everton","Arsenal",NA,NA
"1991",949694,1997-01-19,"Nottingham Forest","Tottenham","Nottingham Forest",NA,NA
"1992",949780,1997-01-20,"West Ham","Leeds","Leeds",NA,NA
"1993",949773,1997-01-29,"West Ham","Arsenal","Arsenal",NA,NA
"1994",949569,1997-01-29,"Leeds","Derby",NA,"Leeds","Derby"
"1995",949598,1997-01-29,"Leicester","Sunderland",NA,"Leicester","Sunderland"
"1996",949639,1997-01-29,"Manchester United","Wimbledon FC","Manchester United",NA,NA
"1997",949665,1997-01-29,"Newcastle","Everton","Newcastle",NA,NA
"1998",949682,1997-01-29,"Nottingham Forest","Coventry","Coventry",NA,NA
"1999",949463,1997-01-29,"Aston Villa","Sheffield Weds","Sheffield Weds",NA,NA
"2000",949756,1997-01-29,"Tottenham","Blackburn","Tottenham",NA,NA
"2001",949534,1997-02-01,"Derby","Liverpool","Liverpool",NA,NA
"2002",949803,1997-02-01,"Wimbledon FC","Middlesbrough",NA,"Wimbledon FC","Middlesbrough"
"2003",949557,1997-02-01,"Everton","Nottingham Forest","Everton",NA,NA
"2004",949564,1997-02-01,"Leeds","Arsenal",NA,"Leeds","Arsenal"
"2005",949635,1997-02-01,"Manchester United","Southampton","Manchester United",NA,NA
"2006",949701,1997-02-01,"Sheffield Weds","Coventry",NA,"Sheffield Weds","Coventry"
"2007",949465,1997-02-01,"Aston Villa","Sunderland","Aston Villa",NA,NA
"2008",949486,1997-02-01,"Blackburn","West Ham","Blackburn",NA,NA
"2009",949757,1997-02-01,"Tottenham","Chelsea","Chelsea",NA,NA
"2010",949667,1997-02-02,"Newcastle","Leicester","Newcastle",NA,NA
"2011",949543,1997-02-15,"Derby","West Ham","Derby",NA,NA
"2012",949754,1997-02-15,"Tottenham","Arsenal",NA,"Tottenham","Arsenal"
"2013",949539,1997-02-19,"Derby","Sheffield Weds",NA,"Derby","Sheffield Weds"
"2014",949609,1997-02-19,"Liverpool","Leeds","Liverpool",NA,NA
"2015",949440,1997-02-19,"Arsenal","Manchester United","Manchester United",NA,NA
"2016",949453,1997-02-19,"Aston Villa","Coventry","Aston Villa",NA,NA
"2017",949512,1997-02-22,"Coventry","Everton",NA,"Coventry","Everton"
"2018",949588,1997-02-22,"Leicester","Derby","Leicester",NA,NA
"2019",949604,1997-02-22,"Liverpool","Blackburn",NA,"Liverpool","Blackburn"
"2020",949651,1997-02-22,"Middlesbrough","Newcastle","Newcastle",NA,NA
"2021",949679,1997-02-22,"Nottingham Forest","Aston Villa",NA,"Nottingham Forest","Aston Villa"
"2022",949730,1997-02-22,"Southampton","Sheffield Weds","Sheffield Weds",NA,NA
"2023",949742,1997-02-22,"Sunderland","Leeds","Leeds",NA,NA
"2024",949497,1997-02-22,"Chelsea","Manchester United",NA,"Chelsea","Manchester United"
"2025",949449,1997-02-23,"Arsenal","Wimbledon FC","Wimbledon FC",NA,NA
"2026",949790,1997-02-24,"West Ham","Tottenham","West Ham",NA,NA
"2027",949734,1997-02-26,"Southampton","Wimbledon FC",NA,"Southampton","Wimbledon FC"
"2028",949767,1997-03-01,"Tottenham","Nottingham Forest","Nottingham Forest",NA,NA
"2029",949529,1997-03-01,"Derby","Chelsea","Derby",NA,NA
"2030",949800,1997-03-01,"Wimbledon FC","Leicester","Leicester",NA,NA
"2031",949545,1997-03-01,"Everton","Arsenal","Arsenal",NA,NA
"2032",949581,1997-03-01,"Leeds","West Ham","Leeds",NA,NA
"2033",949625,1997-03-01,"Manchester United","Coventry","Manchester United",NA,NA
"2034",949673,1997-03-01,"Newcastle","Southampton","Southampton",NA,NA
"2035",949708,1997-03-01,"Sheffield Weds","Middlesbrough","Sheffield Weds",NA,NA
"2036",949484,1997-03-01,"Blackburn","Sunderland","Blackburn",NA,NA
"2037",949458,1997-03-02,"Aston Villa","Liverpool","Aston Villa",NA,NA
"2038",949525,1997-03-03,"Coventry","Wimbledon FC",NA,"Coventry","Wimbledon FC"
"2039",949751,1997-03-04,"Sunderland","Tottenham","Tottenham",NA,NA
"2040",949584,1997-03-05,"Leicester","Aston Villa","Leicester",NA,NA
"2041",949645,1997-03-05,"Middlesbrough","Derby","Middlesbrough",NA,NA
"2042",949691,1997-03-05,"Nottingham Forest","Sheffield Weds","Sheffield Weds",NA,NA
"2043",949722,1997-03-05,"Southampton","Everton",NA,"Southampton","Everton"
"2044",949490,1997-03-05,"Chelsea","Blackburn",NA,"Chelsea","Blackburn"
"2045",949514,1997-03-08,"Coventry","Leicester",NA,"Coventry","Leicester"
"2046",949570,1997-03-08,"Leeds","Everton","Leeds",NA,NA
"2047",949443,1997-03-08,"Arsenal","Nottingham Forest","Arsenal",NA,NA
"2048",949745,1997-03-08,"Sunderland","Manchester United","Sunderland",NA,NA
"2049",949613,1997-03-10,"Liverpool","Newcastle","Liverpool",NA,NA
"2050",949481,1997-03-11,"Blackburn","Nottingham Forest",NA,"Blackburn","Nottingham Forest"
"2051",949776,1997-03-12,"West Ham","Chelsea","West Ham",NA,NA
"2052",949578,1997-03-12,"Leeds","Southampton",NA,"Leeds","Southampton"
"2053",949712,1997-03-12,"Sheffield Weds","Sunderland","Sheffield Weds",NA,NA
"2054",949761,1997-03-15,"Tottenham","Leeds","Tottenham",NA,NA
"2055",949550,1997-03-15,"Everton","Derby","Everton",NA,NA
"2056",949593,1997-03-15,"Leicester","Middlesbrough","Middlesbrough",NA,NA
"2057",949634,1997-03-15,"Manchester United","Sheffield Weds","Manchester United",NA,NA
"2058",949663,1997-03-15,"Newcastle","Coventry","Newcastle",NA,NA
"2059",949687,1997-03-15,"Nottingham Forest","Liverpool",NA,"Nottingham Forest","Liverpool"
"2060",949716,1997-03-15,"Southampton","Arsenal","Arsenal",NA,NA
"2061",949467,1997-03-15,"Aston Villa","West Ham",NA,"Aston Villa","West Ham"
"2062",949487,1997-03-15,"Blackburn","Wimbledon FC","Blackburn",NA,NA
"2063",949503,1997-03-16,"Chelsea","Sunderland","Chelsea",NA,NA
"2064",949810,1997-03-18,"Wimbledon FC","West Ham",NA,"Wimbledon FC","West Ham"
"2065",949599,1997-03-19,"Leicester","Tottenham",NA,"Leicester","Tottenham"
"2066",949642,1997-03-19,"Middlesbrough","Blackburn","Middlesbrough",NA,NA
"2067",949502,1997-03-19,"Chelsea","Southampton","Chelsea",NA,NA
"2068",949524,1997-03-22,"Coventry","West Ham","West Ham",NA,NA
"2069",949542,1997-03-22,"Derby","Tottenham","Derby",NA,NA
"2070",949554,1997-03-22,"Everton","Manchester United","Manchester United",NA,NA
"2071",949643,1997-03-22,"Middlesbrough","Chelsea","Middlesbrough",NA,NA
"2072",949704,1997-03-22,"Sheffield Weds","Leeds",NA,"Sheffield Weds","Leeds"
"2073",949724,1997-03-22,"Southampton","Leicester",NA,"Southampton","Leicester"
"2074",949470,1997-03-22,"Blackburn","Aston Villa","Aston Villa",NA,NA
"2075",949748,1997-03-22,"Sunderland","Nottingham Forest",NA,"Sunderland","Nottingham Forest"
"2076",949804,1997-03-23,"Wimbledon FC","Newcastle",NA,"Wimbledon FC","Newcastle"
"2077",949652,1997-03-24,"Middlesbrough","Nottingham Forest",NA,"Middlesbrough","Nottingham Forest"
"2078",949439,1997-03-24,"Arsenal","Liverpool","Liverpool",NA,NA
"2079",949772,1997-04-05,"Tottenham","Wimbledon FC","Tottenham",NA,NA
"2080",949626,1997-04-05,"Manchester United","Derby","Derby",NA,NA
"2081",949674,1997-04-05,"Newcastle","Sunderland",NA,"Newcastle","Sunderland"
"2082",949692,1997-04-05,"Nottingham Forest","Southampton","Southampton",NA,NA
"2083",949455,1997-04-05,"Aston Villa","Everton","Aston Villa",NA,NA
"2084",949488,1997-04-05,"Chelsea","Arsenal","Arsenal",NA,NA
"2085",949606,1997-04-06,"Liverpool","Coventry","Coventry",NA,NA
"2086",949566,1997-04-07,"Leeds","Blackburn",NA,"Leeds","Blackburn"
"2087",949510,1997-04-09,"Coventry","Chelsea","Coventry",NA,NA
"2088",949784,1997-04-09,"West Ham","Middlesbrough",NA,"West Ham","Middlesbrough"
"2089",949793,1997-04-09,"Wimbledon FC","Aston Villa","Aston Villa",NA,NA
"2090",949540,1997-04-09,"Derby","Southampton",NA,"Derby","Southampton"
"2091",949552,1997-04-09,"Everton","Leicester",NA,"Everton","Leicester"
"2092",949713,1997-04-09,"Sheffield Weds","Tottenham","Sheffield Weds",NA,NA
"2093",949527,1997-04-12,"Derby","Aston Villa","Derby",NA,NA
"2094",949561,1997-04-12,"Everton","Tottenham","Everton",NA,NA
"2095",949438,1997-04-12,"Arsenal","Leicester","Arsenal",NA,NA
"2096",949733,1997-04-12,"Southampton","West Ham","Southampton",NA,NA
"2097",949478,1997-04-12,"Blackburn","Manchester United","Manchester United",NA,NA
"2098",949709,1997-04-13,"Sheffield Weds","Newcastle",NA,"Sheffield Weds","Newcastle"
"2099",949744,1997-04-13,"Sunderland","Liverpool","Liverpool",NA,NA
"2100",949799,1997-04-16,"Wimbledon FC","Leeds","Wimbledon FC",NA,NA
"2101",949553,1997-04-16,"Everton","Liverpool",NA,"Everton","Liverpool"
"2102",949662,1997-04-16,"Newcastle","Chelsea","Newcastle",NA,NA
"2103",949779,1997-04-19,"West Ham","Everton",NA,"West Ham","Everton"
"2104",949611,1997-04-19,"Liverpool","Manchester United","Manchester United",NA,NA
"2105",949655,1997-04-19,"Middlesbrough","Sunderland","Sunderland",NA,NA
"2106",949664,1997-04-19,"Newcastle","Derby","Newcastle",NA,NA
"2107",949685,1997-04-19,"Nottingham Forest","Leeds",NA,"Nottingham Forest","Leeds"
"2108",949432,1997-04-19,"Arsenal","Blackburn",NA,"Arsenal","Blackburn"
"2109",949715,1997-04-19,"Sheffield Weds","Wimbledon FC","Sheffield Weds",NA,NA
"2110",949720,1997-04-19,"Southampton","Coventry",NA,"Southampton","Coventry"
"2111",949466,1997-04-19,"Aston Villa","Tottenham",NA,"Aston Villa","Tottenham"
"2112",949495,1997-04-19,"Chelsea","Leicester","Chelsea",NA,NA
"2113",949507,1997-04-21,"Coventry","Arsenal",NA,"Coventry","Arsenal"
"2114",949795,1997-04-22,"Wimbledon FC","Chelsea","Chelsea",NA,NA
"2115",949565,1997-04-22,"Leeds","Aston Villa",NA,"Leeds","Aston Villa"
"2116",949482,1997-04-22,"Blackburn","Sheffield Weds","Blackburn",NA,NA
"2117",949750,1997-04-22,"Sunderland","Southampton","Southampton",NA,NA
"2118",949538,1997-04-23,"Derby","Nottingham Forest",NA,"Derby","Nottingham Forest"
"2119",949600,1997-04-23,"Leicester","West Ham","West Ham",NA,NA
"2120",949765,1997-04-24,"Tottenham","Middlesbrough","Tottenham",NA,NA
"2121",949511,1997-05-03,"Coventry","Derby","Derby",NA,NA
"2122",949787,1997-05-03,"West Ham","Sheffield Weds","West Ham",NA,NA
"2123",949592,1997-05-03,"Leicester","Manchester United",NA,"Leicester","Manchester United"
"2124",949618,1997-05-03,"Liverpool","Tottenham","Liverpool",NA,NA
"2125",949641,1997-05-03,"Middlesbrough","Aston Villa","Middlesbrough",NA,NA
"2126",949696,1997-05-03,"Nottingham Forest","Wimbledon FC",NA,"Nottingham Forest","Wimbledon FC"
"2127",949442,1997-05-03,"Arsenal","Newcastle","Newcastle",NA,NA
"2128",949718,1997-05-03,"Southampton","Blackburn","Southampton",NA,NA
"2129",949741,1997-05-03,"Sunderland","Everton","Sunderland",NA,NA
"2130",949494,1997-05-03,"Chelsea","Leeds",NA,"Chelsea","Leeds"
"2131",949631,1997-05-05,"Manchester United","Middlesbrough",NA,"Manchester United","Middlesbrough"
"2132",949785,1997-05-06,"West Ham","Newcastle",NA,"West Ham","Newcastle"
"2133",949801,1997-05-06,"Wimbledon FC","Liverpool","Wimbledon FC",NA,NA
"2134",949596,1997-05-07,"Leicester","Sheffield Weds","Leicester",NA,NA
"2135",949632,1997-05-08,"Manchester United","Newcastle",NA,"Manchester United","Newcastle"
"2136",949479,1997-05-08,"Blackburn","Middlesbrough",NA,"Blackburn","Middlesbrough"
"2137",949526,1997-05-11,"Derby","Arsenal","Arsenal",NA,NA
"2138",949548,1997-05-11,"Everton","Chelsea","Chelsea",NA,NA
"2139",949808,1997-05-11,"Wimbledon FC","Sunderland","Wimbledon FC",NA,NA
"2140",949574,1997-05-11,"Leeds","Middlesbrough",NA,"Leeds","Middlesbrough"
"2141",949638,1997-05-11,"Manchester United","West Ham","Manchester United",NA,NA
"2142",949671,1997-05-11,"Newcastle","Nottingham Forest","Newcastle",NA,NA
"2143",949706,1997-05-11,"Sheffield Weds","Liverpool",NA,"Sheffield Weds","Liverpool"
"2144",949464,1997-05-11,"Aston Villa","Southampton","Aston Villa",NA,NA
"2145",949476,1997-05-11,"Blackburn","Leicester","Leicester",NA,NA
"2146",949758,1997-05-11,"Tottenham","Coventry","Coventry",NA,NA
"2147",950021,1997-08-09,"Leicester","Aston Villa","Leicester",NA,NA
"2148",950091,1997-08-09,"Newcastle","Sheffield Weds","Newcastle",NA,NA
"2149",950119,1997-08-09,"Southampton","Bolton","Bolton",NA,NA
"2150",949866,1997-08-09,"Barnsley","West Ham","West Ham",NA,NA
"2151",949875,1997-08-09,"Blackburn","Derby","Blackburn",NA,NA
"2152",950184,1997-08-09,"Wimbledon FC","Liverpool",NA,"Wimbledon FC","Liverpool"
"2153",949930,1997-08-09,"Coventry","Chelsea","Coventry",NA,NA
"2154",949989,1997-08-09,"Everton","Crystal Palace","Crystal Palace",NA,NA
"2155",950001,1997-08-09,"Leeds","Arsenal",NA,"Leeds","Arsenal"
"2156",950147,1997-08-10,"Tottenham","Manchester United","Manchester United",NA,NA
"2157",949816,1997-08-11,"Arsenal","Coventry","Arsenal",NA,NA
"2158",949946,1997-08-12,"Crystal Palace","Barnsley","Barnsley",NA,NA
"2159",950050,1997-08-13,"Liverpool","Leicester","Leicester",NA,NA
"2160",950073,1997-08-13,"Manchester United","Southampton","Manchester United",NA,NA
"2161",949832,1997-08-13,"Aston Villa","Blackburn","Blackburn",NA,NA
"2162",950106,1997-08-13,"Sheffield Weds","Leeds","Leeds",NA,NA
"2163",950170,1997-08-13,"West Ham","Tottenham","West Ham",NA,NA
"2164",950032,1997-08-23,"Leicester","Manchester United",NA,"Leicester","Manchester United"
"2165",950078,1997-08-23,"Newcastle","Aston Villa","Newcastle",NA,NA
"2166",950115,1997-08-23,"Southampton","Arsenal","Arsenal",NA,NA
"2167",949879,1997-08-23,"Blackburn","Liverpool",NA,"Blackburn","Liverpool"
"2168",950142,1997-08-23,"Tottenham","Derby","Tottenham",NA,NA
"2169",949929,1997-08-23,"Coventry","Bolton",NA,"Coventry","Bolton"
"2170",950187,1997-08-23,"Wimbledon FC","Sheffield Weds",NA,"Wimbledon FC","Sheffield Weds"
"2171",949999,1997-08-23,"Everton","West Ham","Everton",NA,NA
"2172",950008,1997-08-23,"Leeds","Crystal Palace","Crystal Palace",NA,NA
"2173",949853,1997-08-24,"Barnsley","Chelsea","Chelsea",NA,NA
"2174",949882,1997-08-25,"Blackburn","Sheffield Weds","Blackburn",NA,NA
"2175",950012,1997-08-26,"Leeds","Liverpool","Liverpool",NA,NA
"2176",950020,1997-08-27,"Leicester","Arsenal",NA,"Leicester","Arsenal"
"2177",949852,1997-08-27,"Barnsley","Bolton","Barnsley",NA,NA
"2178",950122,1997-08-27,"Southampton","Crystal Palace","Southampton",NA,NA
"2179",950135,1997-08-27,"Tottenham","Aston Villa","Tottenham",NA,NA
"2180",950177,1997-08-27,"Wimbledon FC","Chelsea","Chelsea",NA,NA
"2181",949942,1997-08-27,"Coventry","West Ham",NA,"Coventry","West Ham"
"2182",949994,1997-08-27,"Everton","Manchester United","Manchester United",NA,NA
"2183",950064,1997-08-30,"Manchester United","Coventry","Manchester United",NA,NA
"2184",949827,1997-08-30,"Arsenal","Tottenham",NA,"Arsenal","Tottenham"
"2185",949839,1997-08-30,"Aston Villa","Leeds","Aston Villa",NA,NA
"2186",950107,1997-08-30,"Sheffield Weds","Leicester","Sheffield Weds",NA,NA
"2187",950171,1997-08-30,"West Ham","Wimbledon FC","West Ham",NA,NA
"2188",949921,1997-08-30,"Chelsea","Southampton","Chelsea",NA,NA
"2189",949947,1997-08-30,"Crystal Palace","Blackburn","Blackburn",NA,NA
"2190",949965,1997-08-30,"Derby","Barnsley","Derby",NA,NA
"2191",949895,1997-09-01,"Bolton","Everton",NA,"Bolton","Everton"
"2192",950036,1997-09-13,"Leicester","Tottenham","Leicester",NA,NA
"2193",950053,1997-09-13,"Liverpool","Sheffield Weds","Liverpool",NA,NA
"2194",949814,1997-09-13,"Arsenal","Bolton","Arsenal",NA,NA
"2195",950075,1997-09-13,"Manchester United","West Ham","Manchester United",NA,NA
"2196",950095,1997-09-13,"Newcastle","Wimbledon FC","Wimbledon FC",NA,NA
"2197",949850,1997-09-13,"Barnsley","Aston Villa","Aston Villa",NA,NA
"2198",949940,1997-09-13,"Coventry","Southampton","Coventry",NA,NA
"2199",949949,1997-09-13,"Crystal Palace","Chelsea","Chelsea",NA,NA
"2200",949971,1997-09-13,"Derby","Everton","Derby",NA,NA
"2201",949877,1997-09-14,"Blackburn","Leeds","Leeds",NA,NA
"2202",949837,1997-09-20,"Aston Villa","Derby","Aston Villa",NA,NA
"2203",950102,1997-09-20,"Sheffield Weds","Coventry",NA,"Sheffield Weds","Coventry"
"2204",950127,1997-09-20,"Southampton","Liverpool",NA,"Southampton","Liverpool"
"2205",950137,1997-09-20,"Tottenham","Blackburn",NA,"Tottenham","Blackburn"
"2206",949899,1997-09-20,"Bolton","Manchester United",NA,"Bolton","Manchester United"
"2207",950167,1997-09-20,"West Ham","Newcastle","Newcastle",NA,NA
"2208",950179,1997-09-20,"Wimbledon FC","Crystal Palace","Crystal Palace",NA,NA
"2209",949984,1997-09-20,"Everton","Barnsley","Everton",NA,NA
"2210",950011,1997-09-20,"Leeds","Leicester","Leicester",NA,NA
"2211",949906,1997-09-21,"Chelsea","Arsenal","Arsenal",NA,NA
"2212",950040,1997-09-22,"Liverpool","Aston Villa","Liverpool",NA,NA
"2213",949903,1997-09-23,"Bolton","Tottenham",NA,"Bolton","Tottenham"
"2214",950174,1997-09-23,"Wimbledon FC","Barnsley","Wimbledon FC",NA,NA
"2215",950023,1997-09-24,"Leicester","Blackburn",NA,"Leicester","Blackburn"
"2216",950063,1997-09-24,"Manchester United","Chelsea",NA,"Manchester United","Chelsea"
"2217",949828,1997-09-24,"Arsenal","West Ham","Arsenal",NA,NA
"2218",950086,1997-09-24,"Newcastle","Everton","Newcastle",NA,NA
"2219",950104,1997-09-24,"Sheffield Weds","Derby","Derby",NA,NA
"2220",950125,1997-09-24,"Southampton","Leeds","Leeds",NA,NA
"2221",949931,1997-09-24,"Coventry","Crystal Palace",NA,"Coventry","Crystal Palace"
"2222",949844,1997-09-27,"Aston Villa","Sheffield Weds",NA,"Aston Villa","Sheffield Weds"
"2223",949859,1997-09-27,"Barnsley","Leicester","Leicester",NA,NA
"2224",950152,1997-09-27,"Tottenham","Wimbledon FC",NA,"Tottenham","Wimbledon FC"
"2225",950165,1997-09-27,"West Ham","Liverpool","West Ham",NA,NA
"2226",949919,1997-09-27,"Chelsea","Newcastle","Chelsea",NA,NA
"2227",949948,1997-09-27,"Crystal Palace","Bolton",NA,"Crystal Palace","Bolton"
"2228",949978,1997-09-27,"Derby","Southampton","Derby",NA,NA
"2229",949982,1997-09-27,"Everton","Arsenal",NA,"Everton","Arsenal"
"2230",950013,1997-09-27,"Leeds","Manchester United","Leeds",NA,NA
"2231",949873,1997-09-28,"Blackburn","Coventry",NA,"Blackburn","Coventry"
"2232",950065,1997-10-04,"Manchester United","Crystal Palace","Manchester United",NA,NA
"2233",949812,1997-10-04,"Arsenal","Barnsley","Arsenal",NA,NA
"2234",950093,1997-10-04,"Newcastle","Tottenham","Newcastle",NA,NA
"2235",950105,1997-10-04,"Sheffield Weds","Everton","Sheffield Weds",NA,NA
"2236",950132,1997-10-04,"Southampton","West Ham","Southampton",NA,NA
"2237",949888,1997-10-04,"Bolton","Aston Villa","Aston Villa",NA,NA
"2238",950175,1997-10-04,"Wimbledon FC","Blackburn","Blackburn",NA,NA
"2239",949934,1997-10-04,"Coventry","Leeds",NA,"Coventry","Leeds"
"2240",950044,1997-10-05,"Liverpool","Chelsea","Liverpool",NA,NA
"2241",950028,1997-10-06,"Leicester","Derby","Derby",NA,NA
"2242",949848,1997-10-18,"Aston Villa","Wimbledon FC","Wimbledon FC",NA,NA
"2243",949883,1997-10-18,"Blackburn","Southampton","Blackburn",NA,NA
"2244",950157,1997-10-18,"West Ham","Bolton","West Ham",NA,NA
"2245",949916,1997-10-18,"Chelsea","Leicester","Chelsea",NA,NA
"2246",949944,1997-10-18,"Crystal Palace","Arsenal",NA,"Crystal Palace","Arsenal"
"2247",949975,1997-10-18,"Derby","Manchester United",NA,"Derby","Manchester United"
"2248",949993,1997-10-18,"Everton","Liverpool","Everton",NA,NA
"2249",950014,1997-10-18,"Leeds","Newcastle","Leeds",NA,NA
"2250",950149,1997-10-19,"Tottenham","Sheffield Weds","Tottenham",NA,NA
"2251",949854,1997-10-20,"Barnsley","Coventry","Barnsley",NA,NA
"2252",949981,1997-10-22,"Derby","Wimbledon FC",NA,"Derby","Wimbledon FC"
"2253",950047,1997-10-25,"Liverpool","Derby","Liverpool",NA,NA
"2254",950060,1997-10-25,"Manchester United","Barnsley","Manchester United",NA,NA
"2255",950080,1997-10-25,"Newcastle","Blackburn",NA,"Newcastle","Blackburn"
"2256",950103,1997-10-25,"Sheffield Weds","Crystal Palace","Crystal Palace",NA,NA
"2257",950131,1997-10-25,"Southampton","Tottenham","Southampton",NA,NA
"2258",950182,1997-10-25,"Wimbledon FC","Leeds","Wimbledon FC",NA,NA
"2259",949933,1997-10-25,"Coventry","Everton",NA,"Coventry","Everton"
"2260",949811,1997-10-26,"Arsenal","Aston Villa",NA,"Arsenal","Aston Villa"
"2261",949891,1997-10-26,"Bolton","Chelsea","Bolton",NA,NA
"2262",950037,1997-10-27,"Leicester","West Ham","Leicester",NA,NA
"2263",950072,1997-11-01,"Manchester United","Sheffield Weds","Manchester United",NA,NA
"2264",950088,1997-11-01,"Newcastle","Leicester",NA,"Newcastle","Leicester"
"2265",949834,1997-11-01,"Aston Villa","Chelsea","Chelsea",NA,NA
"2266",949851,1997-11-01,"Barnsley","Blackburn",NA,"Barnsley","Blackburn"
"2267",950144,1997-11-01,"Tottenham","Leeds","Leeds",NA,NA
"2268",949898,1997-11-01,"Bolton","Liverpool",NA,"Bolton","Liverpool"
"2269",950178,1997-11-01,"Wimbledon FC","Coventry","Coventry",NA,NA
"2270",949963,1997-11-01,"Derby","Arsenal","Derby",NA,NA
"2271",949997,1997-11-02,"Everton","Southampton","Southampton",NA,NA
"2272",950055,1997-11-08,"Liverpool","Tottenham","Liverpool",NA,NA
"2273",950100,1997-11-08,"Sheffield Weds","Bolton","Sheffield Weds",NA,NA
"2274",950117,1997-11-08,"Southampton","Barnsley","Southampton",NA,NA
"2275",949876,1997-11-08,"Blackburn","Everton","Blackburn",NA,NA
"2276",949938,1997-11-08,"Coventry","Newcastle",NA,"Coventry","Newcastle"
"2277",949945,1997-11-08,"Crystal Palace","Aston Villa",NA,"Crystal Palace","Aston Villa"
"2278",950009,1997-11-08,"Leeds","Derby","Leeds",NA,NA
"2279",949823,1997-11-09,"Arsenal","Manchester United","Arsenal",NA,NA
"2280",949923,1997-11-09,"Chelsea","West Ham","Chelsea",NA,NA
"2281",950038,1997-11-10,"Leicester","Wimbledon FC","Wimbledon FC",NA,NA
"2282",950024,1997-11-22,"Leicester","Bolton",NA,"Leicester","Bolton"
"2283",950041,1997-11-22,"Liverpool","Barnsley","Barnsley",NA,NA
"2284",950092,1997-11-22,"Newcastle","Southampton","Newcastle",NA,NA
"2285",949838,1997-11-22,"Aston Villa","Everton","Aston Villa",NA,NA
"2286",950096,1997-11-22,"Sheffield Weds","Arsenal","Sheffield Weds",NA,NA
"2287",949872,1997-11-22,"Blackburn","Chelsea","Blackburn",NA,NA
"2288",950185,1997-11-22,"Wimbledon FC","Manchester United","Manchester United",NA,NA
"2289",949969,1997-11-22,"Derby","Coventry","Derby",NA,NA
"2290",950018,1997-11-23,"Leeds","West Ham","Leeds",NA,NA
"2291",950141,1997-11-24,"Tottenham","Crystal Palace","Crystal Palace",NA,NA
"2292",949914,1997-11-26,"Chelsea","Everton","Chelsea",NA,NA
"2293",949858,1997-11-29,"Barnsley","Leeds","Leeds",NA,NA
"2294",950130,1997-11-29,"Southampton","Sheffield Weds","Sheffield Weds",NA,NA
"2295",950154,1997-11-29,"West Ham","Aston Villa","West Ham",NA,NA
"2296",949905,1997-11-29,"Bolton","Wimbledon FC","Bolton",NA,NA
"2297",949913,1997-11-29,"Chelsea","Derby","Chelsea",NA,NA
"2298",949935,1997-11-29,"Coventry","Leicester","Leicester",NA,NA
"2299",949957,1997-11-29,"Crystal Palace","Newcastle","Newcastle",NA,NA
"2300",949998,1997-11-29,"Everton","Tottenham","Tottenham",NA,NA
"2301",950061,1997-11-30,"Manchester United","Blackburn","Manchester United",NA,NA
"2302",949822,1997-11-30,"Arsenal","Liverpool","Liverpool",NA,NA
"2303",949900,1997-12-01,"Bolton","Newcastle","Bolton",NA,NA
"2304",950160,1997-12-03,"West Ham","Crystal Palace","West Ham",NA,NA
"2305",950027,1997-12-06,"Leicester","Crystal Palace",NA,"Leicester","Crystal Palace"
"2306",950051,1997-12-06,"Liverpool","Manchester United","Manchester United",NA,NA
"2307",950077,1997-12-06,"Newcastle","Arsenal","Arsenal",NA,NA
"2308",949835,1997-12-06,"Aston Villa","Coventry","Aston Villa",NA,NA
"2309",949871,1997-12-06,"Blackburn","Bolton","Blackburn",NA,NA
"2310",950139,1997-12-06,"Tottenham","Chelsea","Chelsea",NA,NA
"2311",949980,1997-12-06,"Derby","West Ham","Derby",NA,NA
"2312",950010,1997-12-06,"Leeds","Everton",NA,"Leeds","Everton"
"2313",950188,1997-12-07,"Wimbledon FC","Southampton","Wimbledon FC",NA,NA
"2314",950098,1997-12-08,"Sheffield Weds","Barnsley","Sheffield Weds",NA,NA
"2315",949813,1997-12-13,"Arsenal","Blackburn","Blackburn",NA,NA
"2316",949862,1997-12-13,"Barnsley","Newcastle",NA,"Barnsley","Newcastle"
"2317",950126,1997-12-13,"Southampton","Leicester","Southampton",NA,NA
"2318",950168,1997-12-13,"West Ham","Sheffield Weds","West Ham",NA,NA
"2319",949915,1997-12-13,"Chelsea","Leeds",NA,"Chelsea","Leeds"
"2320",949941,1997-12-13,"Coventry","Tottenham","Coventry",NA,NA
"2321",949955,1997-12-13,"Crystal Palace","Liverpool","Liverpool",NA,NA
"2322",950000,1997-12-13,"Everton","Wimbledon FC",NA,"Everton","Wimbledon FC"
"2323",949894,1997-12-14,"Bolton","Derby",NA,"Bolton","Derby"
"2324",950059,1997-12-15,"Manchester United","Aston Villa","Manchester United",NA,NA
"2325",950085,1997-12-17,"Newcastle","Derby",NA,"Newcastle","Derby"
"2326",950029,1997-12-20,"Leicester","Everton","Everton",NA,NA
"2327",950045,1997-12-20,"Liverpool","Coventry","Liverpool",NA,NA
"2328",949845,1997-12-20,"Aston Villa","Southampton",NA,"Aston Villa","Southampton"
"2329",950101,1997-12-20,"Sheffield Weds","Chelsea","Chelsea",NA,NA
"2330",950136,1997-12-20,"Tottenham","Barnsley","Tottenham",NA,NA
"2331",949885,1997-12-20,"Blackburn","West Ham","Blackburn",NA,NA
"2332",949970,1997-12-20,"Derby","Crystal Palace",NA,"Derby","Crystal Palace"
"2333",950005,1997-12-20,"Leeds","Bolton","Leeds",NA,NA
"2334",950090,1997-12-21,"Newcastle","Manchester United","Manchester United",NA,NA
"2335",950049,1997-12-26,"Liverpool","Leeds","Liverpool",NA,NA
"2336",950067,1997-12-26,"Manchester United","Everton","Manchester United",NA,NA
"2337",949821,1997-12-26,"Arsenal","Leicester","Arsenal",NA,NA
"2338",950099,1997-12-26,"Sheffield Weds","Blackburn",NA,"Sheffield Weds","Blackburn"
"2339",949846,1997-12-26,"Aston Villa","Tottenham","Aston Villa",NA,NA
"2340",949889,1997-12-26,"Bolton","Barnsley",NA,"Bolton","Barnsley"
"2341",950159,1997-12-26,"West Ham","Coventry","West Ham",NA,NA
"2342",949924,1997-12-26,"Chelsea","Wimbledon FC",NA,"Chelsea","Wimbledon FC"
"2343",949959,1997-12-26,"Crystal Palace","Southampton",NA,"Crystal Palace","Southampton"
"2344",949976,1997-12-26,"Derby","Newcastle","Derby",NA,NA
"2345",950034,1997-12-28,"Leicester","Sheffield Weds",NA,"Leicester","Sheffield Weds"
"2346",950089,1997-12-28,"Newcastle","Liverpool","Liverpool",NA,NA
"2347",949856,1997-12-28,"Barnsley","Derby","Barnsley",NA,NA
"2348",949874,1997-12-28,"Blackburn","Crystal Palace",NA,"Blackburn","Crystal Palace"
"2349",950134,1997-12-28,"Tottenham","Arsenal",NA,"Tottenham","Arsenal"
"2350",950190,1997-12-28,"Wimbledon FC","West Ham","West Ham",NA,NA
"2351",949937,1997-12-28,"Coventry","Manchester United","Coventry",NA,NA
"2352",949986,1997-12-28,"Everton","Bolton","Everton",NA,NA
"2353",950002,1997-12-28,"Leeds","Aston Villa",NA,"Leeds","Aston Villa"
"2354",950120,1997-12-29,"Southampton","Chelsea","Southampton",NA,NA
"2355",950057,1998-01-10,"Liverpool","Wimbledon FC","Liverpool",NA,NA
"2356",950074,1998-01-10,"Manchester United","Tottenham","Manchester United",NA,NA
"2357",949820,1998-01-10,"Arsenal","Leeds","Arsenal",NA,NA
"2358",949840,1998-01-10,"Aston Villa","Leicester",NA,"Aston Villa","Leicester"
"2359",950110,1998-01-10,"Sheffield Weds","Newcastle","Sheffield Weds",NA,NA
"2360",950155,1998-01-10,"West Ham","Barnsley","West Ham",NA,NA
"2361",949902,1998-01-10,"Bolton","Southampton",NA,"Bolton","Southampton"
"2362",949911,1998-01-10,"Chelsea","Coventry","Chelsea",NA,NA
"2363",949952,1998-01-10,"Crystal Palace","Everton","Everton",NA,NA
"2364",949966,1998-01-11,"Derby","Blackburn","Derby",NA,NA
"2365",950031,1998-01-17,"Leicester","Liverpool",NA,"Leicester","Liverpool"
"2366",950081,1998-01-17,"Newcastle","Bolton","Newcastle",NA,NA
"2367",949855,1998-01-17,"Barnsley","Crystal Palace","Barnsley",NA,NA
"2368",949869,1998-01-17,"Blackburn","Aston Villa","Blackburn",NA,NA
"2369",950151,1998-01-17,"Tottenham","West Ham","Tottenham",NA,NA
"2370",950180,1998-01-17,"Wimbledon FC","Derby",NA,"Wimbledon FC","Derby"
"2371",949925,1998-01-17,"Coventry","Arsenal",NA,"Coventry","Arsenal"
"2372",950015,1998-01-17,"Leeds","Sheffield Weds","Sheffield Weds",NA,NA
"2373",949987,1998-01-18,"Everton","Chelsea","Everton",NA,NA
"2374",950128,1998-01-19,"Southampton","Manchester United","Southampton",NA,NA
"2375",950052,1998-01-20,"Liverpool","Newcastle","Liverpool",NA,NA
"2376",950042,1998-01-31,"Liverpool","Blackburn",NA,"Liverpool","Blackburn"
"2377",950069,1998-01-31,"Manchester United","Leicester","Leicester",NA,NA
"2378",949826,1998-01-31,"Arsenal","Southampton","Arsenal",NA,NA
"2379",950114,1998-01-31,"Sheffield Weds","Wimbledon FC",NA,"Sheffield Weds","Wimbledon FC"
"2380",949892,1998-01-31,"Bolton","Coventry","Coventry",NA,NA
"2381",950162,1998-01-31,"West Ham","Everton",NA,"West Ham","Everton"
"2382",949908,1998-01-31,"Chelsea","Barnsley","Chelsea",NA,NA
"2383",949953,1998-01-31,"Crystal Palace","Leeds","Leeds",NA,NA
"2384",949979,1998-01-31,"Derby","Tottenham","Derby",NA,NA
"2385",949843,1998-02-01,"Aston Villa","Newcastle","Newcastle",NA,NA
"2386",950030,1998-02-07,"Leicester","Leeds","Leicester",NA,NA
"2387",950054,1998-02-07,"Liverpool","Southampton","Southampton",NA,NA
"2388",950062,1998-02-07,"Manchester United","Bolton",NA,"Manchester United","Bolton"
"2389",950094,1998-02-07,"Newcastle","West Ham","West Ham",NA,NA
"2390",949857,1998-02-07,"Barnsley","Everton",NA,"Barnsley","Everton"
"2391",949884,1998-02-07,"Blackburn","Tottenham","Tottenham",NA,NA
"2392",949939,1998-02-07,"Coventry","Sheffield Weds","Coventry",NA,NA
"2393",949964,1998-02-07,"Derby","Aston Villa","Aston Villa",NA,NA
"2394",949815,1998-02-08,"Arsenal","Chelsea","Arsenal",NA,NA
"2395",949962,1998-02-09,"Crystal Palace","Wimbledon FC","Wimbledon FC",NA,NA
"2396",950108,1998-02-14,"Sheffield Weds","Liverpool",NA,"Sheffield Weds","Liverpool"
"2397",950145,1998-02-14,"Tottenham","Leicester",NA,"Tottenham","Leicester"
"2398",949990,1998-02-14,"Everton","Derby","Derby",NA,NA
"2399",949842,1998-02-18,"Aston Villa","Manchester United","Manchester United",NA,NA
"2400",950121,1998-02-18,"Southampton","Coventry","Coventry",NA,NA
"2401",950025,1998-02-21,"Leicester","Chelsea","Leicester",NA,NA
"2402",950066,1998-02-21,"Manchester United","Derby","Manchester United",NA,NA
"2403",949817,1998-02-21,"Arsenal","Crystal Palace","Arsenal",NA,NA
"2404",950112,1998-02-21,"Sheffield Weds","Tottenham","Sheffield Weds",NA,NA
"2405",950118,1998-02-21,"Southampton","Blackburn","Southampton",NA,NA
"2406",949904,1998-02-21,"Bolton","West Ham",NA,"Bolton","West Ham"
"2407",950173,1998-02-21,"Wimbledon FC","Aston Villa","Wimbledon FC",NA,NA
"2408",949927,1998-02-21,"Coventry","Barnsley","Coventry",NA,NA
"2409",950087,1998-02-22,"Newcastle","Leeds",NA,"Newcastle","Leeds"
"2410",950048,1998-02-23,"Liverpool","Everton",NA,"Liverpool","Everton"
"2411",950016,1998-02-28,"Leeds","Southampton","Southampton",NA,NA
"2412",949841,1998-02-28,"Aston Villa","Liverpool","Aston Villa",NA,NA
"2413",949867,1998-02-28,"Barnsley","Wimbledon FC","Barnsley",NA,NA
"2414",949878,1998-02-28,"Blackburn","Leicester","Blackburn",NA,NA
"2415",949918,1998-02-28,"Chelsea","Manchester United","Manchester United",NA,NA
"2416",949950,1998-02-28,"Crystal Palace","Coventry","Coventry",NA,NA
"2417",949977,1998-02-28,"Derby","Sheffield Weds","Derby",NA,NA
"2418",949995,1998-02-28,"Everton","Newcastle",NA,"Everton","Newcastle"
"2419",950138,1998-03-01,"Tottenham","Bolton","Tottenham",NA,NA
"2420",950153,1998-03-02,"West Ham","Arsenal",NA,"West Ham","Arsenal"
"2421",950017,1998-03-04,"Leeds","Tottenham","Leeds",NA,NA
"2422",950043,1998-03-07,"Liverpool","Bolton","Liverpool",NA,NA
"2423",950109,1998-03-07,"Sheffield Weds","Manchester United","Sheffield Weds",NA,NA
"2424",950124,1998-03-07,"Southampton","Everton","Southampton",NA,NA
"2425",949907,1998-03-08,"Chelsea","Aston Villa","Aston Villa",NA,NA
"2426",949831,1998-03-11,"Aston Villa","Barnsley","Barnsley",NA,NA
"2427",950166,1998-03-11,"West Ham","Manchester United",NA,"West Ham","Manchester United"
"2428",949912,1998-03-11,"Chelsea","Crystal Palace","Chelsea",NA,NA
"2429",950172,1998-03-11,"Wimbledon FC","Arsenal","Arsenal",NA,NA
"2430",950004,1998-03-11,"Leeds","Blackburn","Leeds",NA,NA
"2431",950058,1998-03-14,"Manchester United","Arsenal","Arsenal",NA,NA
"2432",950083,1998-03-14,"Newcastle","Coventry",NA,"Newcastle","Coventry"
"2433",949836,1998-03-14,"Aston Villa","Crystal Palace","Aston Villa",NA,NA
"2434",949864,1998-03-14,"Barnsley","Southampton","Barnsley",NA,NA
"2435",950146,1998-03-14,"Tottenham","Liverpool",NA,"Tottenham","Liverpool"
"2436",949901,1998-03-14,"Bolton","Sheffield Weds","Bolton",NA,NA
"2437",950158,1998-03-14,"West Ham","Chelsea","West Ham",NA,NA
"2438",950183,1998-03-14,"Wimbledon FC","Leicester","Wimbledon FC",NA,NA
"2439",949985,1998-03-14,"Everton","Blackburn","Everton",NA,NA
"2440",949972,1998-03-15,"Derby","Leeds","Leeds",NA,NA
"2441",950084,1998-03-18,"Newcastle","Crystal Palace","Crystal Palace",NA,NA
"2442",950076,1998-03-28,"Manchester United","Wimbledon FC","Manchester United",NA,NA
"2443",949825,1998-03-28,"Arsenal","Sheffield Weds","Arsenal",NA,NA
"2444",949860,1998-03-28,"Barnsley","Liverpool","Liverpool",NA,NA
"2445",950129,1998-03-28,"Southampton","Newcastle","Southampton",NA,NA
"2446",949897,1998-03-28,"Bolton","Leicester","Bolton",NA,NA
"2447",949932,1998-03-28,"Coventry","Derby","Coventry",NA,NA
"2448",949960,1998-03-28,"Crystal Palace","Tottenham","Tottenham",NA,NA
"2449",949983,1998-03-28,"Everton","Aston Villa","Aston Villa",NA,NA
"2450",950163,1998-03-30,"West Ham","Leeds","West Ham",NA,NA
"2451",949870,1998-03-31,"Blackburn","Barnsley","Blackburn",NA,NA
"2452",949887,1998-03-31,"Bolton","Arsenal","Arsenal",NA,NA
"2453",950186,1998-03-31,"Wimbledon FC","Newcastle",NA,"Wimbledon FC","Newcastle"
"2454",950026,1998-04-04,"Leicester","Coventry",NA,"Leicester","Coventry"
"2455",949847,1998-04-04,"Aston Villa","West Ham","Aston Villa",NA,NA
"2456",950111,1998-04-04,"Sheffield Weds","Southampton","Sheffield Weds",NA,NA
"2457",950143,1998-04-04,"Tottenham","Everton",NA,"Tottenham","Everton"
"2458",950176,1998-04-04,"Wimbledon FC","Bolton",NA,"Wimbledon FC","Bolton"
"2459",950003,1998-04-04,"Leeds","Barnsley","Leeds",NA,NA
"2460",949968,1998-04-05,"Derby","Chelsea","Chelsea",NA,NA
"2461",949880,1998-04-06,"Blackburn","Manchester United","Manchester United",NA,NA
"2462",950006,1998-04-08,"Leeds","Chelsea","Leeds",NA,NA
"2463",950070,1998-04-10,"Manchester United","Liverpool",NA,"Manchester United","Liverpool"
"2464",949824,1998-04-11,"Arsenal","Newcastle","Arsenal",NA,NA
"2465",949863,1998-04-11,"Barnsley","Sheffield Weds","Barnsley",NA,NA
"2466",950133,1998-04-11,"Southampton","Wimbledon FC","Wimbledon FC",NA,NA
"2467",949890,1998-04-11,"Bolton","Blackburn","Bolton",NA,NA
"2468",950161,1998-04-11,"West Ham","Derby",NA,"West Ham","Derby"
"2469",949922,1998-04-11,"Chelsea","Tottenham","Chelsea",NA,NA
"2470",949926,1998-04-11,"Coventry","Aston Villa","Aston Villa",NA,NA
"2471",949954,1998-04-11,"Crystal Palace","Leicester","Leicester",NA,NA
"2472",949991,1998-04-11,"Everton","Leeds","Everton",NA,NA
"2473",950046,1998-04-13,"Liverpool","Crystal Palace","Liverpool",NA,NA
"2474",950079,1998-04-13,"Newcastle","Barnsley","Newcastle",NA,NA
"2475",950113,1998-04-13,"Sheffield Weds","West Ham",NA,"Sheffield Weds","West Ham"
"2476",949868,1998-04-13,"Blackburn","Arsenal","Arsenal",NA,NA
"2477",950140,1998-04-13,"Tottenham","Coventry",NA,"Tottenham","Coventry"
"2478",950181,1998-04-13,"Wimbledon FC","Everton",NA,"Wimbledon FC","Everton"
"2479",949967,1998-04-13,"Derby","Bolton","Derby",NA,NA
"2480",950035,1998-04-14,"Leicester","Southampton",NA,"Leicester","Southampton"
"2481",950071,1998-04-18,"Manchester United","Newcastle",NA,"Manchester United","Newcastle"
"2482",949829,1998-04-18,"Arsenal","Wimbledon FC","Arsenal",NA,NA
"2483",950116,1998-04-18,"Southampton","Aston Villa","Aston Villa",NA,NA
"2484",949865,1998-04-18,"Barnsley","Tottenham",NA,"Barnsley","Tottenham"
"2485",949896,1998-04-18,"Bolton","Leeds","Leeds",NA,NA
"2486",950156,1998-04-18,"West Ham","Blackburn","West Ham",NA,NA
"2487",949951,1998-04-18,"Crystal Palace","Derby","Crystal Palace",NA,NA
"2488",949992,1998-04-18,"Everton","Leicester",NA,"Everton","Leicester"
"2489",949920,1998-04-19,"Chelsea","Sheffield Weds","Chelsea",NA,NA
"2490",949936,1998-04-19,"Coventry","Liverpool",NA,"Coventry","Liverpool"
"2491",949833,1998-04-25,"Aston Villa","Bolton","Bolton",NA,NA
"2492",949849,1998-04-25,"Barnsley","Arsenal","Arsenal",NA,NA
"2493",949886,1998-04-25,"Blackburn","Wimbledon FC",NA,"Blackburn","Wimbledon FC"
"2494",950148,1998-04-25,"Tottenham","Newcastle","Tottenham",NA,NA
"2495",950169,1998-04-25,"West Ham","Southampton","Southampton",NA,NA
"2496",949917,1998-04-25,"Chelsea","Liverpool","Chelsea",NA,NA
"2497",949996,1998-04-25,"Everton","Sheffield Weds","Sheffield Weds",NA,NA
"2498",950007,1998-04-25,"Leeds","Coventry",NA,"Leeds","Coventry"
"2499",949973,1998-04-26,"Derby","Leicester","Leicester",NA,NA
"2500",949956,1998-04-27,"Crystal Palace","Manchester United","Manchester United",NA,NA
"2501",950033,1998-04-29,"Leicester","Newcastle",NA,"Leicester","Newcastle"
"2502",949818,1998-04-29,"Arsenal","Derby","Arsenal",NA,NA
"2503",949909,1998-04-29,"Chelsea","Blackburn","Blackburn",NA,NA
"2504",949943,1998-04-29,"Coventry","Wimbledon FC",NA,"Coventry","Wimbledon FC"
"2505",950022,1998-05-02,"Leicester","Barnsley","Leicester",NA,NA
"2506",950056,1998-05-02,"Liverpool","West Ham","Liverpool",NA,NA
"2507",950082,1998-05-02,"Newcastle","Chelsea","Newcastle",NA,NA
"2508",950097,1998-05-02,"Sheffield Weds","Aston Villa","Aston Villa",NA,NA
"2509",950123,1998-05-02,"Southampton","Derby","Derby",NA,NA
"2510",949893,1998-05-02,"Bolton","Crystal Palace","Bolton",NA,NA
"2511",949928,1998-05-02,"Coventry","Blackburn","Coventry",NA,NA
"2512",950189,1998-05-02,"Wimbledon FC","Tottenham","Tottenham",NA,NA
"2513",949819,1998-05-03,"Arsenal","Everton","Arsenal",NA,NA
"2514",950068,1998-05-04,"Manchester United","Leeds","Manchester United",NA,NA
"2515",949961,1998-05-05,"Crystal Palace","West Ham",NA,"Crystal Palace","West Ham"
"2516",950039,1998-05-06,"Liverpool","Arsenal","Liverpool",NA,NA
"2517",950019,1998-05-10,"Leeds","Wimbledon FC",NA,"Leeds","Wimbledon FC"
"2518",949830,1998-05-10,"Aston Villa","Arsenal","Aston Villa",NA,NA
"2519",949861,1998-05-10,"Barnsley","Manchester United","Manchester United",NA,NA
"2520",949881,1998-05-10,"Blackburn","Newcastle","Blackburn",NA,NA
"2521",950150,1998-05-10,"Tottenham","Southampton",NA,"Tottenham","Southampton"
"2522",950164,1998-05-10,"West Ham","Leicester","West Ham",NA,NA
"2523",949910,1998-05-10,"Chelsea","Bolton","Chelsea",NA,NA
"2524",949958,1998-05-10,"Crystal Palace","Sheffield Weds","Crystal Palace",NA,NA
"2525",949974,1998-05-10,"Derby","Liverpool","Derby",NA,NA
"2526",949988,1998-05-10,"Everton","Coventry",NA,"Everton","Coventry"
"2527",950290,1998-08-15,"Coventry","Chelsea","Coventry",NA,NA
"2528",950569,1998-08-15,"Wimbledon FC","Tottenham","Wimbledon FC",NA,NA
"2529",950325,1998-08-15,"Everton","Aston Villa",NA,"Everton","Aston Villa"
"2530",950409,1998-08-15,"Manchester United","Leicester",NA,"Manchester United","Leicester"
"2531",950427,1998-08-15,"Middlesbrough","Leeds",NA,"Middlesbrough","Leeds"
"2532",950441,1998-08-15,"Newcastle","Charlton",NA,"Newcastle","Charlton"
"2533",950234,1998-08-15,"Blackburn","Derby",NA,"Blackburn","Derby"
"2534",950493,1998-08-15,"Sheffield Weds","West Ham","West Ham",NA,NA
"2535",950505,1998-08-16,"Southampton","Liverpool","Liverpool",NA,NA
"2536",950204,1998-08-17,"Arsenal","Nottingham Forest","Arsenal",NA,NA
"2537",950529,1998-08-22,"Tottenham","Sheffield Weds","Sheffield Weds",NA,NA
"2538",950279,1998-08-22,"Chelsea","Newcastle",NA,"Chelsea","Newcastle"
"2539",950544,1998-08-22,"West Ham","Manchester United",NA,"West Ham","Manchester United"
"2540",950323,1998-08-22,"Derby","Wimbledon FC",NA,"Derby","Wimbledon FC"
"2541",950369,1998-08-22,"Leicester","Everton","Leicester",NA,NA
"2542",950381,1998-08-22,"Liverpool","Arsenal",NA,"Liverpool","Arsenal"
"2543",950462,1998-08-22,"Nottingham Forest","Coventry","Nottingham Forest",NA,NA
"2544",950263,1998-08-22,"Charlton","Southampton","Charlton",NA,NA
"2545",950221,1998-08-23,"Aston Villa","Middlesbrough","Aston Villa",NA,NA
"2546",950345,1998-08-24,"Leeds","Blackburn","Leeds",NA,NA
"2547",950303,1998-08-29,"Coventry","West Ham",NA,"Coventry","West Ham"
"2548",950560,1998-08-29,"Wimbledon FC","Leeds",NA,"Wimbledon FC","Leeds"
"2549",950340,1998-08-29,"Everton","Tottenham","Tottenham",NA,NA
"2550",950425,1998-08-29,"Middlesbrough","Derby",NA,"Middlesbrough","Derby"
"2551",950193,1998-08-29,"Arsenal","Charlton",NA,"Arsenal","Charlton"
"2552",950477,1998-08-29,"Sheffield Weds","Aston Villa","Aston Villa",NA,NA
"2553",950237,1998-08-29,"Blackburn","Leicester","Blackburn",NA,NA
"2554",950509,1998-08-29,"Southampton","Nottingham Forest","Nottingham Forest",NA,NA
"2555",950448,1998-08-30,"Newcastle","Liverpool","Liverpool",NA,NA
"2556",950358,1998-09-08,"Leeds","Southampton","Leeds",NA,NA
"2557",950464,1998-09-08,"Nottingham Forest","Everton","Everton",NA,NA
"2558",950551,1998-09-09,"West Ham","Wimbledon FC","Wimbledon FC",NA,NA
"2559",950319,1998-09-09,"Derby","Sheffield Weds","Derby",NA,NA
"2560",950373,1998-09-09,"Leicester","Middlesbrough","Middlesbrough",NA,NA
"2561",950386,1998-09-09,"Liverpool","Coventry","Liverpool",NA,NA
"2562",950403,1998-09-09,"Manchester United","Charlton","Manchester United",NA,NA
"2563",950222,1998-09-09,"Aston Villa","Newcastle","Aston Villa",NA,NA
"2564",950516,1998-09-09,"Tottenham","Blackburn","Tottenham",NA,NA
"2565",950267,1998-09-09,"Chelsea","Arsenal",NA,"Chelsea","Arsenal"
"2566",950280,1998-09-12,"Chelsea","Nottingham Forest","Chelsea",NA,NA
"2567",950543,1998-09-12,"West Ham","Liverpool","West Ham",NA,NA
"2568",950331,1998-09-12,"Everton","Leeds",NA,"Everton","Leeds"
"2569",950362,1998-09-12,"Leicester","Arsenal",NA,"Leicester","Arsenal"
"2570",950405,1998-09-12,"Manchester United","Coventry","Manchester United",NA,NA
"2571",950453,1998-09-12,"Newcastle","Southampton","Newcastle",NA,NA
"2572",950478,1998-09-12,"Sheffield Weds","Blackburn","Sheffield Weds",NA,NA
"2573",950228,1998-09-12,"Aston Villa","Wimbledon FC","Aston Villa",NA,NA
"2574",950253,1998-09-12,"Charlton","Derby","Derby",NA,NA
"2575",950526,1998-09-13,"Tottenham","Middlesbrough","Middlesbrough",NA,NA
"2576",950298,1998-09-19,"Coventry","Newcastle","Newcastle",NA,NA
"2577",950567,1998-09-19,"Wimbledon FC","Sheffield Weds","Wimbledon FC",NA,NA
"2578",950313,1998-09-19,"Derby","Leicester","Derby",NA,NA
"2579",950344,1998-09-19,"Leeds","Aston Villa",NA,"Leeds","Aston Villa"
"2580",950384,1998-09-19,"Liverpool","Charlton",NA,"Liverpool","Charlton"
"2581",950426,1998-09-19,"Middlesbrough","Everton",NA,"Middlesbrough","Everton"
"2582",950474,1998-09-19,"Nottingham Forest","West Ham",NA,"Nottingham Forest","West Ham"
"2583",950511,1998-09-19,"Southampton","Tottenham",NA,"Southampton","Tottenham"
"2584",950201,1998-09-20,"Arsenal","Manchester United","Arsenal",NA,NA
"2585",950232,1998-09-21,"Blackburn","Chelsea","Chelsea",NA,NA
"2586",950410,1998-09-24,"Manchester United","Liverpool","Manchester United",NA,NA
"2587",950278,1998-09-26,"Chelsea","Middlesbrough","Chelsea",NA,NA
"2588",950326,1998-09-26,"Everton","Blackburn",NA,"Everton","Blackburn"
"2589",950451,1998-09-26,"Newcastle","Nottingham Forest","Newcastle",NA,NA
"2590",950215,1998-09-26,"Aston Villa","Derby","Aston Villa",NA,NA
"2591",950476,1998-09-26,"Sheffield Weds","Arsenal","Sheffield Weds",NA,NA
"2592",950252,1998-09-26,"Charlton","Coventry",NA,"Charlton","Coventry"
"2593",950522,1998-09-26,"Tottenham","Leeds",NA,"Tottenham","Leeds"
"2594",950380,1998-09-27,"Leicester","Wimbledon FC",NA,"Leicester","Wimbledon FC"
"2595",950549,1998-09-28,"West Ham","Southampton","West Ham",NA,NA
"2596",950287,1998-10-03,"Coventry","Aston Villa","Aston Villa",NA,NA
"2597",950559,1998-10-03,"Wimbledon FC","Everton","Everton",NA,NA
"2598",950321,1998-10-03,"Derby","Tottenham","Tottenham",NA,NA
"2599",950351,1998-10-03,"Leeds","Leicester","Leicester",NA,NA
"2600",950433,1998-10-03,"Middlesbrough","Sheffield Weds","Middlesbrough",NA,NA
"2601",950460,1998-10-03,"Nottingham Forest","Charlton","Charlton",NA,NA
"2602",950246,1998-10-03,"Blackburn","West Ham","Blackburn",NA,NA
"2603",950506,1998-10-03,"Southampton","Manchester United","Manchester United",NA,NA
"2604",950385,1998-10-04,"Liverpool","Chelsea",NA,"Liverpool","Chelsea"
"2605",950203,1998-10-04,"Arsenal","Newcastle","Arsenal",NA,NA
"2606",950534,1998-10-17,"West Ham","Aston Villa",NA,"West Ham","Aston Villa"
"2607",950333,1998-10-17,"Everton","Liverpool",NA,"Everton","Liverpool"
"2608",950418,1998-10-17,"Manchester United","Wimbledon FC","Manchester United",NA,NA
"2609",950421,1998-10-17,"Middlesbrough","Blackburn","Middlesbrough",NA,NA
"2610",950444,1998-10-17,"Newcastle","Derby","Newcastle",NA,NA
"2611",950206,1998-10-17,"Arsenal","Southampton",NA,"Arsenal","Southampton"
"2612",950465,1998-10-17,"Nottingham Forest","Leeds",NA,"Nottingham Forest","Leeds"
"2613",950270,1998-10-17,"Chelsea","Charlton","Chelsea",NA,NA
"2614",950300,1998-10-18,"Coventry","Sheffield Weds","Coventry",NA,NA
"2615",950378,1998-10-19,"Leicester","Tottenham","Leicester",NA,NA
"2616",950564,1998-10-24,"Wimbledon FC","Middlesbrough",NA,"Wimbledon FC","Middlesbrough"
"2617",950315,1998-10-24,"Derby","Manchester United",NA,"Derby","Manchester United"
"2618",950394,1998-10-24,"Liverpool","Nottingham Forest","Liverpool",NA,NA
"2619",950218,1998-10-24,"Aston Villa","Leicester",NA,"Aston Villa","Leicester"
"2620",950483,1998-10-24,"Sheffield Weds","Everton",NA,"Sheffield Weds","Everton"
"2621",950500,1998-10-24,"Southampton","Coventry","Southampton",NA,NA
"2622",950265,1998-10-24,"Charlton","West Ham","Charlton",NA,NA
"2623",950527,1998-10-24,"Tottenham","Newcastle","Tottenham",NA,NA
"2624",950347,1998-10-25,"Leeds","Chelsea",NA,"Leeds","Chelsea"
"2625",950229,1998-10-25,"Blackburn","Arsenal","Arsenal",NA,NA
"2626",950286,1998-10-31,"Coventry","Arsenal","Arsenal",NA,NA
"2627",950554,1998-10-31,"Wimbledon FC","Blackburn",NA,"Wimbledon FC","Blackburn"
"2628",950312,1998-10-31,"Derby","Leeds",NA,"Derby","Leeds"
"2629",950334,1998-10-31,"Everton","Manchester United","Manchester United",NA,NA
"2630",950371,1998-10-31,"Leicester","Liverpool","Leicester",NA,NA
"2631",950455,1998-10-31,"Newcastle","West Ham","West Ham",NA,NA
"2632",950491,1998-10-31,"Sheffield Weds","Southampton",NA,"Sheffield Weds","Southampton"
"2633",950432,1998-11-01,"Middlesbrough","Nottingham Forest",NA,"Middlesbrough","Nottingham Forest"
"2634",950517,1998-11-02,"Tottenham","Charlton",NA,"Tottenham","Charlton"
"2635",950387,1998-11-07,"Liverpool","Derby","Derby",NA,NA
"2636",950475,1998-11-07,"Nottingham Forest","Wimbledon FC","Wimbledon FC",NA,NA
"2637",950226,1998-11-07,"Aston Villa","Tottenham","Aston Villa",NA,NA
"2638",950233,1998-11-07,"Blackburn","Coventry","Coventry",NA,NA
"2639",950507,1998-11-07,"Southampton","Middlesbrough",NA,"Southampton","Middlesbrough"
"2640",950256,1998-11-07,"Charlton","Leicester",NA,"Charlton","Leicester"
"2641",950537,1998-11-08,"West Ham","Chelsea",NA,"West Ham","Chelsea"
"2642",950357,1998-11-08,"Leeds","Sheffield Weds","Leeds",NA,NA
"2643",950412,1998-11-08,"Manchester United","Newcastle",NA,"Manchester United","Newcastle"
"2644",950197,1998-11-08,"Arsenal","Everton","Arsenal",NA,NA
"2645",950285,1998-11-14,"Chelsea","Wimbledon FC","Chelsea",NA,NA
"2646",950542,1998-11-14,"West Ham","Leicester","West Ham",NA,NA
"2647",950389,1998-11-14,"Liverpool","Leeds","Leeds",NA,NA
"2648",950402,1998-11-14,"Manchester United","Blackburn","Manchester United",NA,NA
"2649",950452,1998-11-14,"Newcastle","Sheffield Weds",NA,"Newcastle","Sheffield Weds"
"2650",950207,1998-11-14,"Arsenal","Tottenham",NA,"Arsenal","Tottenham"
"2651",950496,1998-11-14,"Southampton","Aston Villa","Aston Villa",NA,NA
"2652",950259,1998-11-14,"Charlton","Middlesbrough",NA,"Charlton","Middlesbrough"
"2653",950292,1998-11-15,"Coventry","Everton","Coventry",NA,NA
"2654",950463,1998-11-16,"Nottingham Forest","Derby",NA,"Nottingham Forest","Derby"
"2655",950528,1998-11-21,"Tottenham","Nottingham Forest","Tottenham",NA,NA
"2656",950552,1998-11-21,"Wimbledon FC","Arsenal","Wimbledon FC",NA,NA
"2657",950346,1998-11-21,"Leeds","Charlton","Leeds",NA,NA
"2658",950366,1998-11-21,"Leicester","Chelsea","Chelsea",NA,NA
"2659",950424,1998-11-21,"Middlesbrough","Coventry","Middlesbrough",NA,NA
"2660",950219,1998-11-21,"Aston Villa","Liverpool","Liverpool",NA,NA
"2661",950487,1998-11-21,"Sheffield Weds","Manchester United","Sheffield Weds",NA,NA
"2662",950244,1998-11-21,"Blackburn","Southampton","Southampton",NA,NA
"2663",950322,1998-11-22,"Derby","West Ham","West Ham",NA,NA
"2664",950336,1998-11-23,"Everton","Newcastle","Everton",NA,NA
"2665",950281,1998-11-28,"Chelsea","Sheffield Weds",NA,"Chelsea","Sheffield Weds"
"2666",950294,1998-11-28,"Coventry","Leicester",NA,"Coventry","Leicester"
"2667",950550,1998-11-28,"West Ham","Tottenham","West Ham",NA,NA
"2668",950456,1998-11-28,"Newcastle","Wimbledon FC","Newcastle",NA,NA
"2669",950458,1998-11-28,"Nottingham Forest","Aston Villa",NA,"Nottingham Forest","Aston Villa"
"2670",950501,1998-11-28,"Southampton","Derby","Derby",NA,NA
"2671",950254,1998-11-28,"Charlton","Everton","Everton",NA,NA
"2672",950383,1998-11-29,"Liverpool","Blackburn","Liverpool",NA,NA
"2673",950408,1998-11-29,"Manchester United","Leeds","Manchester United",NA,NA
"2674",950202,1998-11-29,"Arsenal","Middlesbrough",NA,"Arsenal","Middlesbrough"
"2675",950557,1998-12-05,"Wimbledon FC","Coventry","Wimbledon FC",NA,NA
"2676",950305,1998-12-05,"Derby","Arsenal",NA,"Derby","Arsenal"
"2677",950328,1998-12-05,"Everton","Chelsea",NA,"Everton","Chelsea"
"2678",950360,1998-12-05,"Leeds","West Ham","Leeds",NA,NA
"2679",950377,1998-12-05,"Leicester","Southampton","Leicester",NA,NA
"2680",950220,1998-12-05,"Aston Villa","Manchester United",NA,"Aston Villa","Manchester United"
"2681",950231,1998-12-05,"Blackburn","Charlton","Blackburn",NA,NA
"2682",950524,1998-12-05,"Tottenham","Liverpool","Tottenham",NA,NA
"2683",950431,1998-12-06,"Middlesbrough","Newcastle",NA,"Middlesbrough","Newcastle"
"2684",950490,1998-12-07,"Sheffield Weds","Nottingham Forest","Sheffield Weds",NA,NA
"2685",950268,1998-12-09,"Chelsea","Aston Villa","Chelsea",NA,NA
"2686",950309,1998-12-12,"Derby","Chelsea",NA,"Derby","Chelsea"
"2687",950339,1998-12-12,"Everton","Southampton","Everton",NA,NA
"2688",950375,1998-12-12,"Leicester","Nottingham Forest","Leicester",NA,NA
"2689",950436,1998-12-12,"Middlesbrough","West Ham","Middlesbrough",NA,NA
"2690",950479,1998-12-12,"Sheffield Weds","Charlton","Sheffield Weds",NA,NA
"2691",950241,1998-12-12,"Blackburn","Newcastle",NA,"Blackburn","Newcastle"
"2692",950525,1998-12-12,"Tottenham","Manchester United",NA,"Tottenham","Manchester United"
"2693",950562,1998-12-13,"Wimbledon FC","Liverpool","Wimbledon FC",NA,NA
"2694",950210,1998-12-13,"Aston Villa","Arsenal","Aston Villa",NA,NA
"2695",950348,1998-12-14,"Leeds","Coventry","Leeds",NA,NA
"2696",950404,1998-12-16,"Manchester United","Chelsea",NA,"Manchester United","Chelsea"
"2697",950283,1998-12-19,"Chelsea","Tottenham","Chelsea",NA,NA
"2698",950540,1998-12-19,"West Ham","Everton","West Ham",NA,NA
"2699",950291,1998-12-19,"Coventry","Derby",NA,"Coventry","Derby"
"2700",950395,1998-12-19,"Liverpool","Sheffield Weds","Liverpool",NA,NA
"2701",950411,1998-12-19,"Manchester United","Middlesbrough","Middlesbrough",NA,NA
"2702",950447,1998-12-19,"Newcastle","Leicester","Newcastle",NA,NA
"2703",950459,1998-12-19,"Nottingham Forest","Blackburn",NA,"Nottingham Forest","Blackburn"
"2704",950513,1998-12-19,"Southampton","Wimbledon FC","Southampton",NA,NA
"2705",950198,1998-12-20,"Arsenal","Leeds","Arsenal",NA,NA
"2706",950249,1998-12-21,"Charlton","Aston Villa","Aston Villa",NA,NA
"2707",950555,1998-12-26,"Wimbledon FC","Charlton","Wimbledon FC",NA,NA
"2708",950302,1998-12-26,"Coventry","Tottenham",NA,"Coventry","Tottenham"
"2709",950330,1998-12-26,"Everton","Derby",NA,"Everton","Derby"
"2710",950413,1998-12-26,"Manchester United","Nottingham Forest","Manchester United",NA,NA
"2711",950429,1998-12-26,"Middlesbrough","Liverpool","Liverpool",NA,NA
"2712",950446,1998-12-26,"Newcastle","Leeds","Leeds",NA,NA
"2713",950208,1998-12-26,"Arsenal","West Ham","Arsenal",NA,NA
"2714",950485,1998-12-26,"Sheffield Weds","Leicester","Leicester",NA,NA
"2715",950230,1998-12-26,"Blackburn","Aston Villa","Blackburn",NA,NA
"2716",950499,1998-12-26,"Southampton","Chelsea","Chelsea",NA,NA
"2717",950538,1998-12-28,"West Ham","Coventry","West Ham",NA,NA
"2718",950316,1998-12-28,"Derby","Middlesbrough","Derby",NA,NA
"2719",950364,1998-12-28,"Leicester","Blackburn",NA,"Leicester","Blackburn"
"2720",950393,1998-12-28,"Liverpool","Newcastle","Liverpool",NA,NA
"2721",950472,1998-12-28,"Nottingham Forest","Southampton",NA,"Nottingham Forest","Southampton"
"2722",950224,1998-12-28,"Aston Villa","Sheffield Weds","Aston Villa",NA,NA
"2723",950248,1998-12-28,"Charlton","Arsenal","Arsenal",NA,NA
"2724",950521,1998-12-28,"Tottenham","Everton","Tottenham",NA,NA
"2725",950277,1998-12-29,"Chelsea","Manchester United",NA,"Chelsea","Manchester United"
"2726",950361,1998-12-29,"Leeds","Wimbledon FC",NA,"Leeds","Wimbledon FC"
"2727",950299,1999-01-09,"Coventry","Nottingham Forest","Coventry",NA,NA
"2728",950558,1999-01-09,"Wimbledon FC","Derby","Wimbledon FC",NA,NA
"2729",950332,1999-01-09,"Everton","Leicester",NA,"Everton","Leicester"
"2730",950420,1999-01-09,"Middlesbrough","Aston Villa",NA,"Middlesbrough","Aston Villa"
"2731",950442,1999-01-09,"Newcastle","Chelsea","Chelsea",NA,NA
"2732",950200,1999-01-09,"Arsenal","Liverpool",NA,"Arsenal","Liverpool"
"2733",950236,1999-01-09,"Blackburn","Leeds","Blackburn",NA,NA
"2734",950492,1999-01-09,"Sheffield Weds","Tottenham",NA,"Sheffield Weds","Tottenham"
"2735",950498,1999-01-09,"Southampton","Charlton","Southampton",NA,NA
"2736",950417,1999-01-10,"Manchester United","West Ham","Manchester United",NA,NA
"2737",950532,1999-01-16,"Tottenham","Wimbledon FC",NA,"Tottenham","Wimbledon FC"
"2738",950548,1999-01-16,"West Ham","Sheffield Weds","Sheffield Weds",NA,NA
"2739",950307,1999-01-16,"Derby","Blackburn","Derby",NA,NA
"2740",950354,1999-01-16,"Leeds","Middlesbrough","Leeds",NA,NA
"2741",950372,1999-01-16,"Leicester","Manchester United","Manchester United",NA,NA
"2742",950396,1999-01-16,"Liverpool","Southampton","Liverpool",NA,NA
"2743",950457,1999-01-16,"Nottingham Forest","Arsenal","Arsenal",NA,NA
"2744",950271,1999-01-16,"Chelsea","Coventry","Chelsea",NA,NA
"2745",950260,1999-01-17,"Charlton","Newcastle",NA,"Charlton","Newcastle"
"2746",950216,1999-01-18,"Aston Villa","Everton","Aston Villa",NA,NA
"2747",950295,1999-01-30,"Coventry","Liverpool","Coventry",NA,NA
"2748",950570,1999-01-30,"Wimbledon FC","West Ham",NA,"Wimbledon FC","West Ham"
"2749",950337,1999-01-30,"Everton","Nottingham Forest","Nottingham Forest",NA,NA
"2750",950428,1999-01-30,"Middlesbrough","Leicester",NA,"Middlesbrough","Leicester"
"2751",950439,1999-01-30,"Newcastle","Aston Villa","Newcastle",NA,NA
"2752",950482,1999-01-30,"Sheffield Weds","Derby","Derby",NA,NA
"2753",950245,1999-01-30,"Blackburn","Tottenham",NA,"Blackburn","Tottenham"
"2754",950503,1999-01-30,"Southampton","Leeds","Southampton",NA,NA
"2755",950194,1999-01-31,"Arsenal","Chelsea","Arsenal",NA,NA
"2756",950258,1999-01-31,"Charlton","Manchester United","Manchester United",NA,NA
"2757",950406,1999-02-02,"Manchester United","Derby","Manchester United",NA,NA
"2758",950533,1999-02-06,"West Ham","Arsenal","Arsenal",NA,NA
"2759",950282,1999-02-06,"Chelsea","Southampton","Chelsea",NA,NA
"2760",950355,1999-02-06,"Leeds","Newcastle","Newcastle",NA,NA
"2761",950376,1999-02-06,"Leicester","Sheffield Weds","Sheffield Weds",NA,NA
"2762",950392,1999-02-06,"Liverpool","Middlesbrough","Liverpool",NA,NA
"2763",950211,1999-02-06,"Aston Villa","Blackburn","Blackburn",NA,NA
"2764",950468,1999-02-06,"Nottingham Forest","Manchester United","Manchester United",NA,NA
"2765",950519,1999-02-06,"Tottenham","Coventry",NA,"Tottenham","Coventry"
"2766",950311,1999-02-07,"Derby","Everton","Derby",NA,NA
"2767",950266,1999-02-08,"Charlton","Wimbledon FC","Charlton",NA,NA
"2768",950547,1999-02-13,"West Ham","Nottingham Forest","West Ham",NA,NA
"2769",950257,1999-02-13,"Charlton","Liverpool","Charlton",NA,NA
"2770",950335,1999-02-17,"Everton","Middlesbrough","Everton",NA,NA
"2771",950400,1999-02-17,"Manchester United","Arsenal",NA,"Manchester United","Arsenal"
"2772",950443,1999-02-17,"Newcastle","Coventry","Newcastle",NA,NA
"2773",950217,1999-02-17,"Aston Villa","Leeds","Leeds",NA,NA
"2774",950269,1999-02-17,"Chelsea","Blackburn",NA,"Chelsea","Blackburn"
"2775",950296,1999-02-20,"Coventry","Manchester United","Manchester United",NA,NA
"2776",950308,1999-02-20,"Derby","Charlton","Charlton",NA,NA
"2777",950350,1999-02-20,"Leeds","Everton","Leeds",NA,NA
"2778",950398,1999-02-20,"Liverpool","West Ham",NA,"Liverpool","West Ham"
"2779",950435,1999-02-20,"Middlesbrough","Tottenham",NA,"Middlesbrough","Tottenham"
"2780",950199,1999-02-20,"Arsenal","Leicester","Arsenal",NA,NA
"2781",950461,1999-02-20,"Nottingham Forest","Chelsea","Chelsea",NA,NA
"2782",950243,1999-02-20,"Blackburn","Sheffield Weds","Sheffield Weds",NA,NA
"2783",950508,1999-02-20,"Southampton","Newcastle","Southampton",NA,NA
"2784",950553,1999-02-21,"Wimbledon FC","Aston Villa",NA,"Wimbledon FC","Aston Villa"
"2785",950276,1999-02-27,"Chelsea","Liverpool","Chelsea",NA,NA
"2786",950535,1999-02-27,"West Ham","Blackburn","West Ham",NA,NA
"2787",950342,1999-02-27,"Everton","Wimbledon FC",NA,"Everton","Wimbledon FC"
"2788",950415,1999-02-27,"Manchester United","Southampton","Manchester United",NA,NA
"2789",950214,1999-02-27,"Aston Villa","Coventry","Coventry",NA,NA
"2790",950488,1999-02-27,"Sheffield Weds","Middlesbrough","Sheffield Weds",NA,NA
"2791",950261,1999-02-27,"Charlton","Nottingham Forest",NA,"Charlton","Nottingham Forest"
"2792",950520,1999-02-27,"Tottenham","Derby",NA,"Tottenham","Derby"
"2793",950438,1999-02-28,"Newcastle","Arsenal",NA,"Newcastle","Arsenal"
"2794",950370,1999-03-01,"Leicester","Leeds","Leeds",NA,NA
"2795",950530,1999-03-02,"Tottenham","Southampton","Tottenham",NA,NA
"2796",950494,1999-03-03,"Sheffield Weds","Wimbledon FC","Wimbledon FC",NA,NA
"2797",950289,1999-03-06,"Coventry","Charlton","Coventry",NA,NA
"2798",950561,1999-03-06,"Wimbledon FC","Leicester","Leicester",NA,NA
"2799",950512,1999-03-06,"Southampton","West Ham","Southampton",NA,NA
"2800",950205,1999-03-09,"Arsenal","Sheffield Weds","Arsenal",NA,NA
"2801",950306,1999-03-10,"Derby","Aston Villa","Derby",NA,NA
"2802",950359,1999-03-10,"Leeds","Tottenham","Leeds",NA,NA
"2803",950470,1999-03-10,"Nottingham Forest","Newcastle","Newcastle",NA,NA
"2804",950235,1999-03-10,"Blackburn","Everton","Everton",NA,NA
"2805",950284,1999-03-13,"Chelsea","West Ham","West Ham",NA,NA
"2806",950288,1999-03-13,"Coventry","Blackburn",NA,"Coventry","Blackburn"
"2807",950566,1999-03-13,"Wimbledon FC","Nottingham Forest","Nottingham Forest",NA,NA
"2808",950314,1999-03-13,"Derby","Liverpool","Derby",NA,NA
"2809",950324,1999-03-13,"Everton","Arsenal","Arsenal",NA,NA
"2810",950365,1999-03-13,"Leicester","Charlton",NA,"Leicester","Charlton"
"2811",950449,1999-03-13,"Newcastle","Manchester United","Manchester United",NA,NA
"2812",950484,1999-03-13,"Sheffield Weds","Leeds","Leeds",NA,NA
"2813",950515,1999-03-13,"Tottenham","Aston Villa","Tottenham",NA,NA
"2814",950434,1999-03-14,"Middlesbrough","Southampton","Middlesbrough",NA,NA
"2815",950546,1999-03-20,"West Ham","Newcastle","West Ham",NA,NA
"2816",950349,1999-03-20,"Leeds","Derby","Leeds",NA,NA
"2817",950195,1999-03-20,"Arsenal","Coventry","Arsenal",NA,NA
"2818",950469,1999-03-20,"Nottingham Forest","Middlesbrough","Middlesbrough",NA,NA
"2819",950247,1999-03-20,"Blackburn","Wimbledon FC","Blackburn",NA,NA
"2820",950510,1999-03-20,"Southampton","Sheffield Weds","Southampton",NA,NA
"2821",950407,1999-03-21,"Manchester United","Everton","Manchester United",NA,NA
"2822",950213,1999-03-21,"Aston Villa","Chelsea","Chelsea",NA,NA
"2823",950227,1999-04-02,"Aston Villa","West Ham",NA,"Aston Villa","West Ham"
"2824",950563,1999-04-03,"Wimbledon FC","Manchester United",NA,"Wimbledon FC","Manchester United"
"2825",950317,1999-04-03,"Derby","Newcastle","Newcastle",NA,NA
"2826",950356,1999-04-03,"Leeds","Nottingham Forest","Leeds",NA,NA
"2827",950388,1999-04-03,"Liverpool","Everton","Liverpool",NA,NA
"2828",950481,1999-04-03,"Sheffield Weds","Coventry","Coventry",NA,NA
"2829",950495,1999-04-03,"Southampton","Arsenal",NA,"Southampton","Arsenal"
"2830",950240,1999-04-03,"Blackburn","Middlesbrough",NA,"Blackburn","Middlesbrough"
"2831",950251,1999-04-03,"Charlton","Chelsea","Chelsea",NA,NA
"2832",950523,1999-04-03,"Tottenham","Leicester","Leicester",NA,NA
"2833",950536,1999-04-05,"West Ham","Charlton","Charlton",NA,NA
"2834",950301,1999-04-05,"Coventry","Southampton","Coventry",NA,NA
"2835",950338,1999-04-05,"Everton","Sheffield Weds","Sheffield Weds",NA,NA
"2836",950437,1999-04-05,"Middlesbrough","Wimbledon FC","Middlesbrough",NA,NA
"2837",950454,1999-04-05,"Newcastle","Tottenham",NA,"Newcastle","Tottenham"
"2838",950467,1999-04-05,"Nottingham Forest","Liverpool",NA,"Nottingham Forest","Liverpool"
"2839",950363,1999-04-06,"Leicester","Aston Villa",NA,"Leicester","Aston Villa"
"2840",950192,1999-04-06,"Arsenal","Blackburn","Arsenal",NA,NA
"2841",950318,1999-04-10,"Derby","Nottingham Forest","Derby",NA,NA
"2842",950379,1999-04-10,"Leicester","West Ham",NA,"Leicester","West Ham"
"2843",950422,1999-04-10,"Middlesbrough","Charlton","Middlesbrough",NA,NA
"2844",950225,1999-04-10,"Aston Villa","Southampton","Aston Villa",NA,NA
"2845",950556,1999-04-11,"Wimbledon FC","Chelsea","Chelsea",NA,NA
"2846",950329,1999-04-11,"Everton","Coventry","Everton",NA,NA
"2847",950352,1999-04-12,"Leeds","Liverpool",NA,"Leeds","Liverpool"
"2848",950423,1999-04-14,"Middlesbrough","Chelsea",NA,"Middlesbrough","Chelsea"
"2849",950539,1999-04-17,"West Ham","Derby","West Ham",NA,NA
"2850",950297,1999-04-17,"Coventry","Middlesbrough","Middlesbrough",NA,NA
"2851",950382,1999-04-17,"Liverpool","Aston Villa","Aston Villa",NA,NA
"2852",950414,1999-04-17,"Manchester United","Sheffield Weds","Manchester United",NA,NA
"2853",950445,1999-04-17,"Newcastle","Everton","Everton",NA,NA
"2854",950473,1999-04-17,"Nottingham Forest","Tottenham","Tottenham",NA,NA
"2855",950497,1999-04-17,"Southampton","Blackburn",NA,"Southampton","Blackburn"
"2856",950255,1999-04-17,"Charlton","Leeds",NA,"Charlton","Leeds"
"2857",950275,1999-04-18,"Chelsea","Leicester",NA,"Chelsea","Leicester"
"2858",950209,1999-04-19,"Arsenal","Wimbledon FC","Arsenal",NA,NA
"2859",950264,1999-04-20,"Charlton","Tottenham","Tottenham",NA,NA
"2860",950390,1999-04-21,"Liverpool","Leicester","Leicester",NA,NA
"2861",950489,1999-04-21,"Sheffield Weds","Newcastle",NA,"Sheffield Weds","Newcastle"
"2862",950531,1999-04-24,"Tottenham","West Ham","West Ham",NA,NA
"2863",950565,1999-04-24,"Wimbledon FC","Newcastle",NA,"Wimbledon FC","Newcastle"
"2864",950320,1999-04-24,"Derby","Southampton",NA,"Derby","Southampton"
"2865",950327,1999-04-24,"Everton","Charlton","Everton",NA,NA
"2866",950367,1999-04-24,"Leicester","Coventry","Leicester",NA,NA
"2867",950419,1999-04-24,"Middlesbrough","Arsenal","Arsenal",NA,NA
"2868",950223,1999-04-24,"Aston Villa","Nottingham Forest","Aston Villa",NA,NA
"2869",950238,1999-04-24,"Blackburn","Liverpool","Liverpool",NA,NA
"2870",950353,1999-04-25,"Leeds","Manchester United",NA,"Leeds","Manchester United"
"2871",950480,1999-04-25,"Sheffield Weds","Chelsea",NA,"Sheffield Weds","Chelsea"
"2872",950273,1999-05-01,"Chelsea","Everton","Chelsea",NA,NA
"2873",950541,1999-05-01,"West Ham","Leeds","Leeds",NA,NA
"2874",950304,1999-05-01,"Coventry","Wimbledon FC","Coventry",NA,NA
"2875",950397,1999-05-01,"Liverpool","Tottenham","Liverpool",NA,NA
"2876",950401,1999-05-01,"Manchester United","Aston Villa","Manchester United",NA,NA
"2877",950450,1999-05-01,"Newcastle","Middlesbrough",NA,"Newcastle","Middlesbrough"
"2878",950471,1999-05-01,"Nottingham Forest","Sheffield Weds","Nottingham Forest",NA,NA
"2879",950504,1999-05-01,"Southampton","Leicester","Southampton",NA,NA
"2880",950250,1999-05-01,"Charlton","Blackburn",NA,"Charlton","Blackburn"
"2881",950196,1999-05-02,"Arsenal","Derby","Arsenal",NA,NA
"2882",950274,1999-05-05,"Chelsea","Leeds","Chelsea",NA,NA
"2883",950368,1999-05-05,"Leicester","Derby","Derby",NA,NA
"2884",950391,1999-05-05,"Liverpool","Manchester United",NA,"Liverpool","Manchester United"
"2885",950514,1999-05-05,"Tottenham","Arsenal","Arsenal",NA,NA
"2886",950310,1999-05-08,"Derby","Coventry",NA,"Derby","Coventry"
"2887",950568,1999-05-08,"Wimbledon FC","Southampton","Southampton",NA,NA
"2888",950341,1999-05-08,"Everton","West Ham","Everton",NA,NA
"2889",950374,1999-05-08,"Leicester","Newcastle","Leicester",NA,NA
"2890",950212,1999-05-08,"Aston Villa","Charlton","Charlton",NA,NA
"2891",950486,1999-05-08,"Sheffield Weds","Liverpool","Sheffield Weds",NA,NA
"2892",950242,1999-05-08,"Blackburn","Nottingham Forest","Nottingham Forest",NA,NA
"2893",950430,1999-05-09,"Middlesbrough","Manchester United","Manchester United",NA,NA
"2894",950518,1999-05-10,"Tottenham","Chelsea",NA,"Tottenham","Chelsea"
"2895",950343,1999-05-11,"Leeds","Arsenal","Leeds",NA,NA
"2896",950239,1999-05-12,"Blackburn","Manchester United",NA,"Blackburn","Manchester United"
"2897",950272,1999-05-16,"Chelsea","Derby","Chelsea",NA,NA
"2898",950545,1999-05-16,"West Ham","Middlesbrough","West Ham",NA,NA
"2899",950293,1999-05-16,"Coventry","Leeds",NA,"Coventry","Leeds"
"2900",950399,1999-05-16,"Liverpool","Wimbledon FC","Liverpool",NA,NA
"2901",950416,1999-05-16,"Manchester United","Tottenham","Manchester United",NA,NA
"2902",950440,1999-05-16,"Newcastle","Blackburn",NA,"Newcastle","Blackburn"
"2903",950191,1999-05-16,"Arsenal","Aston Villa","Arsenal",NA,NA
"2904",950466,1999-05-16,"Nottingham Forest","Leicester","Nottingham Forest",NA,NA
"2905",950502,1999-05-16,"Southampton","Everton","Southampton",NA,NA
"2906",950262,1999-05-16,"Charlton","Sheffield Weds","Sheffield Weds",NA,NA
"2907",950800,1999-08-07,"Newcastle","Aston Villa","Aston Villa",NA,NA
"2908",950827,1999-08-07,"Sheffield Weds","Liverpool","Liverpool",NA,NA
"2909",950578,1999-08-07,"Arsenal","Leicester","Arsenal",NA,NA
"2910",950642,1999-08-07,"Chelsea","Sunderland","Chelsea",NA,NA
"2911",950912,1999-08-07,"Watford","Wimbledon FC","Wimbledon FC",NA,NA
"2912",950660,1999-08-07,"Coventry","Southampton","Southampton",NA,NA
"2913",950929,1999-08-07,"West Ham","Tottenham","West Ham",NA,NA
"2914",950709,1999-08-07,"Leeds","Derby",NA,"Leeds","Derby"
"2915",950782,1999-08-07,"Middlesbrough","Bradford","Bradford",NA,NA
"2916",950694,1999-08-08,"Everton","Manchester United",NA,"Everton","Manchester United"
"2917",950887,1999-08-09,"Tottenham","Newcastle","Tottenham",NA,NA
"2918",950872,1999-08-10,"Sunderland","Watford","Sunderland",NA,NA
"2919",950666,1999-08-10,"Derby","Arsenal","Arsenal",NA,NA
"2920",950943,1999-08-10,"Wimbledon FC","Middlesbrough","Middlesbrough",NA,NA
"2921",950844,1999-08-11,"Southampton","Leeds","Leeds",NA,NA
"2922",950595,1999-08-11,"Aston Villa","Everton","Aston Villa",NA,NA
"2923",950727,1999-08-11,"Leicester","Coventry","Leicester",NA,NA
"2924",950773,1999-08-11,"Manchester United","Sheffield Weds","Manchester United",NA,NA
"2925",950856,1999-08-14,"Sunderland","Arsenal",NA,"Sunderland","Arsenal"
"2926",950621,1999-08-14,"Bradford","Sheffield Weds",NA,"Bradford","Sheffield Weds"
"2927",950881,1999-08-14,"Tottenham","Everton","Tottenham",NA,NA
"2928",950676,1999-08-14,"Derby","Middlesbrough","Middlesbrough",NA,NA
"2929",950936,1999-08-14,"Wimbledon FC","Coventry",NA,"Wimbledon FC","Coventry"
"2930",950726,1999-08-14,"Leicester","Chelsea",NA,"Leicester","Chelsea"
"2931",950758,1999-08-14,"Liverpool","Watford","Watford",NA,NA
"2932",950768,1999-08-14,"Manchester United","Leeds","Manchester United",NA,NA
"2933",950849,1999-08-15,"Southampton","Newcastle","Southampton",NA,NA
"2934",950607,1999-08-16,"Aston Villa","West Ham",NA,"Aston Villa","West Ham"
"2935",950789,1999-08-21,"Middlesbrough","Liverpool","Middlesbrough",NA,NA
"2936",950817,1999-08-21,"Newcastle","Wimbledon FC",NA,"Newcastle","Wimbledon FC"
"2937",950833,1999-08-21,"Sheffield Weds","Tottenham","Tottenham",NA,NA
"2938",950629,1999-08-21,"Chelsea","Aston Villa","Chelsea",NA,NA
"2939",950896,1999-08-21,"Watford","Bradford","Watford",NA,NA
"2940",950651,1999-08-21,"Coventry","Derby","Coventry",NA,NA
"2941",950921,1999-08-21,"West Ham","Leicester","West Ham",NA,NA
"2942",950698,1999-08-21,"Everton","Southampton","Everton",NA,NA
"2943",950718,1999-08-21,"Leeds","Sunderland","Leeds",NA,NA
"2944",950580,1999-08-22,"Arsenal","Manchester United","Manchester United",NA,NA
"2945",950712,1999-08-23,"Leeds","Liverpool","Liverpool",NA,NA
"2946",950788,1999-08-24,"Middlesbrough","Leicester","Leicester",NA,NA
"2947",950895,1999-08-24,"Watford","Aston Villa","Aston Villa",NA,NA
"2948",950813,1999-08-25,"Newcastle","Sunderland","Sunderland",NA,NA
"2949",950823,1999-08-25,"Sheffield Weds","Derby","Derby",NA,NA
"2950",950572,1999-08-25,"Arsenal","Bradford","Arsenal",NA,NA
"2951",950656,1999-08-25,"Coventry","Manchester United","Manchester United",NA,NA
"2952",950703,1999-08-25,"Everton","Wimbledon FC","Everton",NA,NA
"2953",950850,1999-08-28,"Southampton","Sheffield Weds","Southampton",NA,NA
"2954",950600,1999-08-28,"Aston Villa","Middlesbrough","Aston Villa",NA,NA
"2955",950626,1999-08-28,"Bradford","West Ham","West Ham",NA,NA
"2956",950882,1999-08-28,"Tottenham","Leeds","Leeds",NA,NA
"2957",950671,1999-08-28,"Derby","Everton","Derby",NA,NA
"2958",950935,1999-08-28,"Wimbledon FC","Chelsea","Chelsea",NA,NA
"2959",950742,1999-08-28,"Liverpool","Arsenal","Liverpool",NA,NA
"2960",950860,1999-08-29,"Sunderland","Coventry",NA,"Sunderland","Coventry"
"2961",950739,1999-08-30,"Leicester","Watford","Leicester",NA,NA
"2962",950772,1999-08-30,"Manchester United","Newcastle","Manchester United",NA,NA
"2963",950793,1999-09-11,"Middlesbrough","Southampton","Middlesbrough",NA,NA
"2964",950824,1999-09-11,"Sheffield Weds","Everton","Everton",NA,NA
"2965",950571,1999-09-11,"Arsenal","Aston Villa","Arsenal",NA,NA
"2966",950864,1999-09-11,"Sunderland","Leicester","Sunderland",NA,NA
"2967",950639,1999-09-11,"Chelsea","Newcastle","Chelsea",NA,NA
"2968",950653,1999-09-11,"Coventry","Leeds","Leeds",NA,NA
"2969",950930,1999-09-11,"West Ham","Watford","West Ham",NA,NA
"2970",950937,1999-09-11,"Wimbledon FC","Derby",NA,"Wimbledon FC","Derby"
"2971",950751,1999-09-11,"Liverpool","Manchester United","Manchester United",NA,NA
"2972",950624,1999-09-12,"Bradford","Tottenham",NA,"Bradford","Tottenham"
"2973",950837,1999-09-18,"Southampton","Arsenal","Arsenal",NA,NA
"2974",950591,1999-09-18,"Aston Villa","Bradford","Aston Villa",NA,NA
"2975",950897,1999-09-18,"Watford","Chelsea","Watford",NA,NA
"2976",950680,1999-09-18,"Derby","Sunderland","Sunderland",NA,NA
"2977",950731,1999-09-18,"Leicester","Liverpool",NA,"Leicester","Liverpool"
"2978",950779,1999-09-18,"Manchester United","Wimbledon FC",NA,"Manchester United","Wimbledon FC"
"2979",950811,1999-09-19,"Newcastle","Sheffield Weds","Newcastle",NA,NA
"2980",950879,1999-09-19,"Tottenham","Coventry","Tottenham",NA,NA
"2981",950702,1999-09-19,"Everton","West Ham","Everton",NA,NA
"2982",950714,1999-09-19,"Leeds","Middlesbrough","Leeds",NA,NA
"2983",950587,1999-09-25,"Arsenal","Watford","Arsenal",NA,NA
"2984",950869,1999-09-25,"Sunderland","Sheffield Weds","Sunderland",NA,NA
"2985",950664,1999-09-25,"Coventry","West Ham","Coventry",NA,NA
"2986",950668,1999-09-25,"Derby","Bradford","Bradford",NA,NA
"2987",950715,1999-09-25,"Leeds","Newcastle","Leeds",NA,NA
"2988",950724,1999-09-25,"Leicester","Aston Villa","Leicester",NA,NA
"2989",950774,1999-09-25,"Manchester United","Southampton",NA,"Manchester United","Southampton"
"2990",950783,1999-09-25,"Middlesbrough","Chelsea","Chelsea",NA,NA
"2991",950948,1999-09-26,"Wimbledon FC","Tottenham",NA,"Wimbledon FC","Tottenham"
"2992",950748,1999-09-27,"Liverpool","Everton","Everton",NA,NA
"2993",950836,1999-10-02,"Sheffield Weds","Wimbledon FC","Sheffield Weds",NA,NA
"2994",950598,1999-10-02,"Aston Villa","Liverpool",NA,"Aston Villa","Liverpool"
"2995",950623,1999-10-02,"Bradford","Sunderland","Sunderland",NA,NA
"2996",950689,1999-10-02,"Everton","Coventry",NA,"Everton","Coventry"
"2997",950810,1999-10-03,"Newcastle","Middlesbrough","Newcastle",NA,NA
"2998",950883,1999-10-03,"Tottenham","Leicester","Leicester",NA,NA
"2999",950637,1999-10-03,"Chelsea","Manchester United","Chelsea",NA,NA
"3000",950901,1999-10-03,"Watford","Leeds","Leeds",NA,NA
"3001",950913,1999-10-03,"West Ham","Arsenal","West Ham",NA,NA
"3002",950842,1999-10-04,"Southampton","Derby",NA,"Southampton","Derby"
"3003",950576,1999-10-16,"Arsenal","Everton","Arsenal",NA,NA
"3004",950658,1999-10-16,"Coventry","Newcastle","Coventry",NA,NA
"3005",950934,1999-10-16,"Wimbledon FC","Bradford","Wimbledon FC",NA,NA
"3006",950681,1999-10-16,"Derby","Tottenham","Tottenham",NA,NA
"3007",950716,1999-10-16,"Leeds","Sheffield Weds","Leeds",NA,NA
"3008",950736,1999-10-16,"Leicester","Southampton","Leicester",NA,NA
"3009",950745,1999-10-16,"Liverpool","Chelsea","Liverpool",NA,NA
"3010",950777,1999-10-16,"Manchester United","Watford","Manchester United",NA,NA
"3011",950797,1999-10-17,"Middlesbrough","West Ham","Middlesbrough",NA,NA
"3012",950857,1999-10-18,"Sunderland","Aston Villa","Sunderland",NA,NA
"3013",950822,1999-10-23,"Sheffield Weds","Coventry",NA,"Sheffield Weds","Coventry"
"3014",950846,1999-10-23,"Southampton","Liverpool",NA,"Southampton","Liverpool"
"3015",950608,1999-10-23,"Aston Villa","Wimbledon FC",NA,"Aston Villa","Wimbledon FC"
"3016",950616,1999-10-23,"Bradford","Leicester","Bradford",NA,NA
"3017",950628,1999-10-23,"Chelsea","Arsenal","Arsenal",NA,NA
"3018",950885,1999-10-23,"Tottenham","Manchester United","Tottenham",NA,NA
"3019",950905,1999-10-24,"Watford","Middlesbrough","Middlesbrough",NA,NA
"3020",950928,1999-10-24,"West Ham","Sunderland",NA,"West Ham","Sunderland"
"3021",950691,1999-10-24,"Everton","Leeds",NA,"Everton","Leeds"
"3022",950804,1999-10-25,"Newcastle","Derby","Newcastle",NA,NA
"3023",950759,1999-10-27,"Liverpool","West Ham","Liverpool",NA,NA
"3024",950786,1999-10-30,"Middlesbrough","Everton","Middlesbrough",NA,NA
"3025",950582,1999-10-30,"Arsenal","Newcastle",NA,"Arsenal","Newcastle"
"3026",950669,1999-10-30,"Derby","Chelsea","Derby",NA,NA
"3027",950946,1999-10-30,"Wimbledon FC","Southampton",NA,"Wimbledon FC","Southampton"
"3028",950721,1999-10-30,"Leeds","West Ham","Leeds",NA,NA
"3029",950735,1999-10-30,"Leicester","Sheffield Weds","Leicester",NA,NA
"3030",950762,1999-10-30,"Manchester United","Aston Villa","Manchester United",NA,NA
"3031",950871,1999-10-31,"Sunderland","Tottenham","Sunderland",NA,NA
"3032",950663,1999-10-31,"Coventry","Watford","Coventry",NA,NA
"3033",950744,1999-11-01,"Liverpool","Bradford","Liverpool",NA,NA
"3034",950794,1999-11-06,"Middlesbrough","Sunderland",NA,"Middlesbrough","Sunderland"
"3035",950834,1999-11-06,"Sheffield Weds","Watford",NA,"Sheffield Weds","Watford"
"3036",950603,1999-11-06,"Aston Villa","Southampton","Southampton",NA,NA
"3037",950612,1999-11-06,"Bradford","Coventry",NA,"Bradford","Coventry"
"3038",950747,1999-11-06,"Liverpool","Derby","Liverpool",NA,NA
"3039",950769,1999-11-06,"Manchester United","Leicester","Manchester United",NA,NA
"3040",950805,1999-11-07,"Newcastle","Everton",NA,"Newcastle","Everton"
"3041",950875,1999-11-07,"Tottenham","Arsenal","Tottenham",NA,NA
"3042",950645,1999-11-07,"Chelsea","West Ham",NA,"Chelsea","West Ham"
"3043",950939,1999-11-07,"Wimbledon FC","Leeds","Wimbledon FC",NA,NA
"3044",950581,1999-11-20,"Arsenal","Middlesbrough","Arsenal",NA,NA
"3045",950852,1999-11-20,"Southampton","Tottenham","Tottenham",NA,NA
"3046",950865,1999-11-20,"Sunderland","Liverpool","Liverpool",NA,NA
"3047",950906,1999-11-20,"Watford","Newcastle",NA,"Watford","Newcastle"
"3048",950675,1999-11-20,"Derby","Manchester United","Manchester United",NA,NA
"3049",950688,1999-11-20,"Everton","Chelsea",NA,"Everton","Chelsea"
"3050",950706,1999-11-20,"Leeds","Bradford","Leeds",NA,NA
"3051",950741,1999-11-20,"Leicester","Wimbledon FC","Leicester",NA,NA
"3052",950926,1999-11-21,"West Ham","Sheffield Weds","West Ham",NA,NA
"3053",950648,1999-11-22,"Coventry","Aston Villa","Coventry",NA,NA
"3054",950798,1999-11-27,"Middlesbrough","Wimbledon FC",NA,"Middlesbrough","Wimbledon FC"
"3055",950909,1999-11-27,"Watford","Sunderland","Sunderland",NA,NA
"3056",950654,1999-11-27,"Coventry","Leicester","Leicester",NA,NA
"3057",950922,1999-11-27,"West Ham","Liverpool","West Ham",NA,NA
"3058",950686,1999-11-27,"Everton","Aston Villa",NA,"Everton","Aston Villa"
"3059",950814,1999-11-28,"Newcastle","Tottenham","Newcastle",NA,NA
"3060",950575,1999-11-28,"Arsenal","Derby","Arsenal",NA,NA
"3061",950630,1999-11-28,"Chelsea","Bradford","Chelsea",NA,NA
"3062",950717,1999-11-28,"Leeds","Southampton","Leeds",NA,NA
"3063",950841,1999-12-04,"Southampton","Coventry",NA,"Southampton","Coventry"
"3064",950601,1999-12-04,"Aston Villa","Newcastle","Newcastle",NA,NA
"3065",950859,1999-12-04,"Sunderland","Chelsea","Sunderland",NA,NA
"3066",950619,1999-12-04,"Bradford","Middlesbrough",NA,"Bradford","Middlesbrough"
"3067",950949,1999-12-04,"Wimbledon FC","Watford","Wimbledon FC",NA,NA
"3068",950723,1999-12-04,"Leicester","Arsenal","Arsenal",NA,NA
"3069",950767,1999-12-04,"Manchester United","Everton","Manchester United",NA,NA
"3070",950672,1999-12-05,"Derby","Leeds","Leeds",NA,NA
"3071",950754,1999-12-05,"Liverpool","Sheffield Weds","Liverpool",NA,NA
"3072",950892,1999-12-06,"Tottenham","West Ham",NA,"Tottenham","West Ham"
"3073",950795,1999-12-18,"Middlesbrough","Tottenham","Middlesbrough",NA,NA
"3074",950589,1999-12-18,"Arsenal","Wimbledon FC",NA,"Arsenal","Wimbledon FC"
"3075",950602,1999-12-18,"Aston Villa","Sheffield Weds","Aston Villa",NA,NA
"3076",950870,1999-12-18,"Sunderland","Southampton","Sunderland",NA,NA
"3077",950620,1999-12-18,"Bradford","Newcastle","Bradford",NA,NA
"3078",950900,1999-12-18,"Watford","Everton","Everton",NA,NA
"3079",950923,1999-12-18,"West Ham","Manchester United","Manchester United",NA,NA
"3080",950728,1999-12-18,"Leicester","Derby","Derby",NA,NA
"3081",950746,1999-12-18,"Liverpool","Coventry","Liverpool",NA,NA
"3082",950634,1999-12-19,"Chelsea","Leeds","Leeds",NA,NA
"3083",950808,1999-12-26,"Newcastle","Liverpool",NA,"Newcastle","Liverpool"
"3084",950829,1999-12-26,"Sheffield Weds","Middlesbrough","Sheffield Weds",NA,NA
"3085",950840,1999-12-26,"Southampton","Chelsea","Chelsea",NA,NA
"3086",950891,1999-12-26,"Tottenham","Watford","Tottenham",NA,NA
"3087",950647,1999-12-26,"Coventry","Arsenal","Coventry",NA,NA
"3088",950667,1999-12-26,"Derby","Aston Villa","Aston Villa",NA,NA
"3089",950950,1999-12-26,"Wimbledon FC","West Ham",NA,"Wimbledon FC","West Ham"
"3090",950699,1999-12-26,"Everton","Sunderland","Everton",NA,NA
"3091",950711,1999-12-26,"Leeds","Leicester","Leeds",NA,NA
"3092",950763,1999-12-26,"Manchester United","Bradford","Manchester United",NA,NA
"3093",950577,1999-12-28,"Arsenal","Leeds","Arsenal",NA,NA
"3094",950866,1999-12-28,"Sunderland","Manchester United",NA,"Sunderland","Manchester United"
"3095",950614,1999-12-28,"Bradford","Everton",NA,"Bradford","Everton"
"3096",950908,1999-12-28,"Watford","Southampton","Watford",NA,NA
"3097",950918,1999-12-28,"West Ham","Derby",NA,"West Ham","Derby"
"3098",950734,1999-12-28,"Leicester","Newcastle","Newcastle",NA,NA
"3099",950760,1999-12-28,"Liverpool","Wimbledon FC","Liverpool",NA,NA
"3100",950605,1999-12-29,"Aston Villa","Tottenham",NA,"Aston Villa","Tottenham"
"3101",950640,1999-12-29,"Chelsea","Sheffield Weds","Chelsea",NA,NA
"3102",950816,2000-01-03,"Newcastle","West Ham",NA,"Newcastle","West Ham"
"3103",950818,2000-01-03,"Sheffield Weds","Arsenal",NA,"Sheffield Weds","Arsenal"
"3104",950839,2000-01-03,"Southampton","Bradford","Southampton",NA,NA
"3105",950884,2000-01-03,"Tottenham","Liverpool","Tottenham",NA,NA
"3106",950682,2000-01-03,"Derby","Watford","Derby",NA,NA
"3107",950947,2000-01-03,"Wimbledon FC","Sunderland","Wimbledon FC",NA,NA
"3108",950692,2000-01-03,"Everton","Leicester",NA,"Everton","Leicester"
"3109",950705,2000-01-03,"Leeds","Aston Villa","Aston Villa",NA,NA
"3110",950650,2000-01-04,"Coventry","Chelsea",NA,"Coventry","Chelsea"
"3111",950611,2000-01-08,"Bradford","Chelsea",NA,"Bradford","Chelsea"
"3112",950643,2000-01-12,"Chelsea","Tottenham","Chelsea",NA,NA
"3113",950785,2000-01-15,"Middlesbrough","Derby","Derby",NA,NA
"3114",950820,2000-01-15,"Sheffield Weds","Bradford","Sheffield Weds",NA,NA
"3115",950585,2000-01-15,"Arsenal","Sunderland","Arsenal",NA,NA
"3116",950635,2000-01-15,"Chelsea","Leicester",NA,"Chelsea","Leicester"
"3117",950903,2000-01-15,"Watford","Liverpool","Liverpool",NA,NA
"3118",950914,2000-01-15,"West Ham","Aston Villa",NA,"West Ham","Aston Villa"
"3119",950665,2000-01-15,"Coventry","Wimbledon FC","Coventry",NA,NA
"3120",950700,2000-01-15,"Everton","Tottenham",NA,"Everton","Tottenham"
"3121",950812,2000-01-16,"Newcastle","Southampton","Newcastle",NA,NA
"3122",950843,2000-01-22,"Southampton","Everton","Southampton",NA,NA
"3123",950592,2000-01-22,"Aston Villa","Chelsea",NA,"Aston Villa","Chelsea"
"3124",950625,2000-01-22,"Bradford","Watford","Bradford",NA,NA
"3125",950888,2000-01-22,"Tottenham","Sheffield Weds","Sheffield Weds",NA,NA
"3126",950670,2000-01-22,"Derby","Coventry",NA,"Derby","Coventry"
"3127",950944,2000-01-22,"Wimbledon FC","Newcastle","Wimbledon FC",NA,NA
"3128",950740,2000-01-22,"Leicester","West Ham","West Ham",NA,NA
"3129",950752,2000-01-22,"Liverpool","Middlesbrough",NA,"Liverpool","Middlesbrough"
"3130",950863,2000-01-23,"Sunderland","Leeds","Leeds",NA,NA
"3131",950761,2000-01-24,"Manchester United","Arsenal",NA,"Manchester United","Arsenal"
"3132",950771,2000-01-29,"Manchester United","Middlesbrough","Manchester United",NA,NA
"3133",950828,2000-02-02,"Sheffield Weds","Manchester United","Manchester United",NA,NA
"3134",950854,2000-02-05,"Southampton","West Ham","Southampton",NA,NA
"3135",950606,2000-02-05,"Aston Villa","Watford","Aston Villa",NA,NA
"3136",950609,2000-02-05,"Bradford","Arsenal","Bradford",NA,NA
"3137",950868,2000-02-05,"Sunderland","Newcastle",NA,"Sunderland","Newcastle"
"3138",950878,2000-02-05,"Tottenham","Chelsea","Chelsea",NA,NA
"3139",950678,2000-02-05,"Derby","Sheffield Weds",NA,"Derby","Sheffield Weds"
"3140",950733,2000-02-05,"Leicester","Middlesbrough","Leicester",NA,NA
"3141",950749,2000-02-05,"Liverpool","Leeds","Liverpool",NA,NA
"3142",950765,2000-02-05,"Manchester United","Coventry","Manchester United",NA,NA
"3143",950938,2000-02-06,"Wimbledon FC","Everton","Everton",NA,NA
"3144",950809,2000-02-12,"Newcastle","Manchester United","Newcastle",NA,NA
"3145",950831,2000-02-12,"Sheffield Weds","Southampton","Southampton",NA,NA
"3146",950646,2000-02-12,"Chelsea","Wimbledon FC","Chelsea",NA,NA
"3147",950902,2000-02-12,"Watford","Leicester",NA,"Watford","Leicester"
"3148",950915,2000-02-12,"West Ham","Bradford","West Ham",NA,NA
"3149",950661,2000-02-12,"Coventry","Sunderland","Coventry",NA,NA
"3150",950690,2000-02-12,"Everton","Derby","Everton",NA,NA
"3151",950719,2000-02-12,"Leeds","Tottenham","Leeds",NA,NA
"3152",950579,2000-02-13,"Arsenal","Liverpool","Liverpool",NA,NA
"3153",950781,2000-02-14,"Middlesbrough","Aston Villa","Aston Villa",NA,NA
"3154",950784,2000-02-19,"Middlesbrough","Coventry","Middlesbrough",NA,NA
"3155",950713,2000-02-20,"Leeds","Manchester United","Manchester United",NA,NA
"3156",950787,2000-02-26,"Middlesbrough","Leeds",NA,"Middlesbrough","Leeds"
"3157",950830,2000-02-26,"Sheffield Weds","Newcastle","Newcastle",NA,NA
"3158",950584,2000-02-26,"Arsenal","Southampton","Arsenal",NA,NA
"3159",950861,2000-02-26,"Sunderland","Derby",NA,"Sunderland","Derby"
"3160",950610,2000-02-26,"Bradford","Aston Villa",NA,"Bradford","Aston Villa"
"3161",950644,2000-02-26,"Chelsea","Watford","Chelsea",NA,NA
"3162",950662,2000-02-26,"Coventry","Tottenham","Tottenham",NA,NA
"3163",950919,2000-02-26,"West Ham","Everton","Everton",NA,NA
"3164",950942,2000-02-26,"Wimbledon FC","Manchester United",NA,"Wimbledon FC","Manchester United"
"3165",950802,2000-03-04,"Newcastle","Chelsea","Chelsea",NA,NA
"3166",950848,2000-03-04,"Southampton","Middlesbrough",NA,"Southampton","Middlesbrough"
"3167",950877,2000-03-04,"Tottenham","Bradford",NA,"Tottenham","Bradford"
"3168",950911,2000-03-04,"Watford","West Ham","West Ham",NA,NA
"3169",950684,2000-03-04,"Derby","Wimbledon FC","Derby",NA,NA
"3170",950697,2000-03-04,"Everton","Sheffield Weds",NA,"Everton","Sheffield Weds"
"3171",950770,2000-03-04,"Manchester United","Liverpool",NA,"Manchester United","Liverpool"
"3172",950590,2000-03-05,"Aston Villa","Arsenal",NA,"Aston Villa","Arsenal"
"3173",950708,2000-03-05,"Leeds","Coventry","Leeds",NA,NA
"3174",950737,2000-03-05,"Leicester","Sunderland","Leicester",NA,NA
"3175",950927,2000-03-08,"West Ham","Southampton","West Ham",NA,NA
"3176",950815,2000-03-11,"Newcastle","Watford","Newcastle",NA,NA
"3177",950835,2000-03-11,"Sheffield Weds","West Ham","Sheffield Weds",NA,NA
"3178",950593,2000-03-11,"Aston Villa","Coventry","Aston Villa",NA,NA
"3179",950633,2000-03-11,"Chelsea","Everton",NA,"Chelsea","Everton"
"3180",950889,2000-03-11,"Tottenham","Southampton","Tottenham",NA,NA
"3181",950940,2000-03-11,"Wimbledon FC","Leicester","Wimbledon FC",NA,NA
"3182",950756,2000-03-11,"Liverpool","Sunderland",NA,"Liverpool","Sunderland"
"3183",950766,2000-03-11,"Manchester United","Derby","Manchester United",NA,NA
"3184",950615,2000-03-12,"Bradford","Leeds","Leeds",NA,NA
"3185",950780,2000-03-12,"Middlesbrough","Arsenal","Middlesbrough",NA,NA
"3186",950652,2000-03-15,"Coventry","Everton","Coventry",NA,NA
"3187",950743,2000-03-15,"Liverpool","Aston Villa",NA,"Liverpool","Aston Villa"
"3188",950838,2000-03-18,"Southampton","Aston Villa","Southampton",NA,NA
"3189",950867,2000-03-18,"Sunderland","Middlesbrough",NA,"Sunderland","Middlesbrough"
"3190",950649,2000-03-18,"Coventry","Bradford","Coventry",NA,NA
"3191",950907,2000-03-18,"Watford","Sheffield Weds","Watford",NA,NA
"3192",950916,2000-03-18,"West Ham","Chelsea",NA,"West Ham","Chelsea"
"3193",950674,2000-03-18,"Derby","Liverpool","Liverpool",NA,NA
"3194",950732,2000-03-18,"Leicester","Manchester United","Manchester United",NA,NA
"3195",950586,2000-03-19,"Arsenal","Tottenham","Arsenal",NA,NA
"3196",950696,2000-03-19,"Everton","Newcastle","Newcastle",NA,NA
"3197",950722,2000-03-19,"Leeds","Wimbledon FC","Leeds",NA,NA
"3198",950792,2000-03-25,"Middlesbrough","Sheffield Weds","Middlesbrough",NA,NA
"3199",950594,2000-03-25,"Aston Villa","Derby","Aston Villa",NA,NA
"3200",950862,2000-03-25,"Sunderland","Everton","Sunderland",NA,NA
"3201",950618,2000-03-25,"Bradford","Manchester United","Manchester United",NA,NA
"3202",950641,2000-03-25,"Chelsea","Southampton",NA,"Chelsea","Southampton"
"3203",950910,2000-03-25,"Watford","Tottenham",NA,"Watford","Tottenham"
"3204",950753,2000-03-25,"Liverpool","Newcastle","Liverpool",NA,NA
"3205",950574,2000-03-26,"Arsenal","Coventry","Arsenal",NA,NA
"3206",950931,2000-03-26,"West Ham","Wimbledon FC","West Ham",NA,NA
"3207",950730,2000-03-26,"Leicester","Leeds","Leicester",NA,NA
"3208",950801,2000-04-01,"Newcastle","Bradford","Newcastle",NA,NA
"3209",950851,2000-04-01,"Southampton","Sunderland","Sunderland",NA,NA
"3210",950655,2000-04-01,"Coventry","Liverpool","Liverpool",NA,NA
"3211",950932,2000-04-01,"Wimbledon FC","Arsenal","Arsenal",NA,NA
"3212",950701,2000-04-01,"Everton","Watford","Everton",NA,NA
"3213",950707,2000-04-01,"Leeds","Chelsea","Chelsea",NA,NA
"3214",950778,2000-04-01,"Manchester United","West Ham","Manchester United",NA,NA
"3215",950673,2000-04-02,"Derby","Leicester","Derby",NA,NA
"3216",950886,2000-04-03,"Tottenham","Middlesbrough","Middlesbrough",NA,NA
"3217",950819,2000-04-05,"Sheffield Weds","Aston Villa","Aston Villa",NA,NA
"3218",950874,2000-04-08,"Sunderland","Wimbledon FC","Sunderland",NA,NA
"3219",950622,2000-04-08,"Bradford","Southampton","Southampton",NA,NA
"3220",950899,2000-04-08,"Watford","Derby",NA,"Watford","Derby"
"3221",950729,2000-04-08,"Leicester","Everton",NA,"Leicester","Everton"
"3222",950596,2000-04-09,"Aston Villa","Leeds","Aston Villa",NA,NA
"3223",950757,2000-04-09,"Liverpool","Tottenham","Liverpool",NA,NA
"3224",950790,2000-04-10,"Middlesbrough","Manchester United","Manchester United",NA,NA
"3225",950631,2000-04-12,"Chelsea","Coventry","Chelsea",NA,NA
"3226",950925,2000-04-12,"West Ham","Newcastle","West Ham",NA,NA
"3227",950945,2000-04-12,"Wimbledon FC","Sheffield Weds","Sheffield Weds",NA,NA
"3228",950807,2000-04-15,"Newcastle","Leicester","Leicester",NA,NA
"3229",950821,2000-04-15,"Sheffield Weds","Chelsea","Sheffield Weds",NA,NA
"3230",950853,2000-04-15,"Southampton","Watford","Southampton",NA,NA
"3231",950876,2000-04-15,"Tottenham","Aston Villa","Aston Villa",NA,NA
"3232",950657,2000-04-15,"Coventry","Middlesbrough","Coventry",NA,NA
"3233",950683,2000-04-15,"Derby","West Ham","West Ham",NA,NA
"3234",950687,2000-04-15,"Everton","Bradford","Everton",NA,NA
"3235",950775,2000-04-15,"Manchester United","Sunderland","Manchester United",NA,NA
"3236",950941,2000-04-16,"Wimbledon FC","Liverpool","Liverpool",NA,NA
"3237",950704,2000-04-16,"Leeds","Arsenal","Arsenal",NA,NA
"3238",950738,2000-04-19,"Leicester","Tottenham","Tottenham",NA,NA
"3239",950613,2000-04-21,"Bradford","Derby",NA,"Bradford","Derby"
"3240",950693,2000-04-21,"Everton","Liverpool",NA,"Everton","Liverpool"
"3241",950832,2000-04-22,"Sheffield Weds","Sunderland","Sunderland",NA,NA
"3242",950847,2000-04-22,"Southampton","Manchester United","Manchester United",NA,NA
"3243",950597,2000-04-22,"Aston Villa","Leicester",NA,"Aston Villa","Leicester"
"3244",950893,2000-04-22,"Tottenham","Wimbledon FC","Tottenham",NA,NA
"3245",950638,2000-04-22,"Chelsea","Middlesbrough",NA,"Chelsea","Middlesbrough"
"3246",950917,2000-04-22,"West Ham","Coventry","West Ham",NA,NA
"3247",950806,2000-04-23,"Newcastle","Leeds",NA,"Newcastle","Leeds"
"3248",950894,2000-04-23,"Watford","Arsenal","Arsenal",NA,NA
"3249",950858,2000-04-24,"Sunderland","Bradford","Bradford",NA,NA
"3250",950679,2000-04-24,"Derby","Southampton","Derby",NA,NA
"3251",950764,2000-04-24,"Manchester United","Chelsea","Manchester United",NA,NA
"3252",950803,2000-04-29,"Newcastle","Coventry","Newcastle",NA,NA
"3253",950845,2000-04-29,"Southampton","Leicester","Leicester",NA,NA
"3254",950604,2000-04-29,"Aston Villa","Sunderland",NA,"Aston Villa","Sunderland"
"3255",950880,2000-04-29,"Tottenham","Derby",NA,"Tottenham","Derby"
"3256",950636,2000-04-29,"Chelsea","Liverpool","Chelsea",NA,NA
"3257",950904,2000-04-29,"Watford","Manchester United","Manchester United",NA,NA
"3258",950924,2000-04-29,"West Ham","Middlesbrough","Middlesbrough",NA,NA
"3259",950685,2000-04-29,"Everton","Arsenal","Arsenal",NA,NA
"3260",950825,2000-04-30,"Sheffield Weds","Leeds","Leeds",NA,NA
"3261",950627,2000-04-30,"Bradford","Wimbledon FC","Bradford",NA,NA
"3262",950791,2000-05-02,"Middlesbrough","Newcastle",NA,"Middlesbrough","Newcastle"
"3263",950588,2000-05-02,"Arsenal","West Ham","Arsenal",NA,NA
"3264",950720,2000-05-03,"Leeds","Watford","Leeds",NA,NA
"3265",950750,2000-05-03,"Liverpool","Leicester","Leicester",NA,NA
"3266",950796,2000-05-06,"Middlesbrough","Watford",NA,"Middlesbrough","Watford"
"3267",950573,2000-05-06,"Arsenal","Chelsea","Arsenal",NA,NA
"3268",950873,2000-05-06,"Sunderland","West Ham","Sunderland",NA,NA
"3269",950659,2000-05-06,"Coventry","Sheffield Weds","Coventry",NA,NA
"3270",950677,2000-05-06,"Derby","Newcastle",NA,"Derby","Newcastle"
"3271",950933,2000-05-06,"Wimbledon FC","Aston Villa",NA,"Wimbledon FC","Aston Villa"
"3272",950725,2000-05-06,"Leicester","Bradford","Leicester",NA,NA
"3273",950776,2000-05-06,"Manchester United","Tottenham","Manchester United",NA,NA
"3274",950755,2000-05-07,"Liverpool","Southampton",NA,"Liverpool","Southampton"
"3275",950710,2000-05-08,"Leeds","Everton",NA,"Leeds","Everton"
"3276",950583,2000-05-09,"Arsenal","Sheffield Weds",NA,"Arsenal","Sheffield Weds"
"3277",950799,2000-05-14,"Newcastle","Arsenal","Newcastle",NA,NA
"3278",950826,2000-05-14,"Sheffield Weds","Leicester","Sheffield Weds",NA,NA
"3279",950599,2000-05-14,"Aston Villa","Manchester United","Manchester United",NA,NA
"3280",950855,2000-05-14,"Southampton","Wimbledon FC","Southampton",NA,NA
"3281",950617,2000-05-14,"Bradford","Liverpool","Bradford",NA,NA
"3282",950632,2000-05-14,"Chelsea","Derby","Chelsea",NA,NA
"3283",950890,2000-05-14,"Tottenham","Sunderland","Tottenham",NA,NA
"3284",950898,2000-05-14,"Watford","Coventry","Watford",NA,NA
"3285",950920,2000-05-14,"West Ham","Leeds",NA,"West Ham","Leeds"
"3286",950695,2000-05-14,"Everton","Middlesbrough","Middlesbrough",NA,NA
"3287",467795,2000-08-18,"Charlton","Manchester City","Charlton",NA,NA
"3288",467796,2000-08-18,"Chelsea","West Ham","Chelsea",NA,NA
"3289",467797,2000-08-18,"Coventry","Middlesbrough","Middlesbrough",NA,NA
"3290",467798,2000-08-18,"Derby","Southampton",NA,"Derby","Southampton"
"3291",467799,2000-08-18,"Leeds","Everton","Leeds",NA,NA
"3292",467800,2000-08-18,"Leicester","Aston Villa",NA,"Leicester","Aston Villa"
"3293",467801,2000-08-18,"Liverpool","Bradford","Liverpool",NA,NA
"3294",467802,2000-08-18,"Sunderland","Arsenal","Sunderland",NA,NA
"3295",467803,2000-08-18,"Tottenham","Ipswich","Tottenham",NA,NA
"3296",467804,2000-08-19,"Manchester United","Newcastle","Manchester United",NA,NA
"3297",467805,2000-08-20,"Arsenal","Liverpool","Arsenal",NA,NA
"3298",467806,2000-08-21,"Bradford","Chelsea","Bradford",NA,NA
"3299",467807,2000-08-21,"Ipswich","Manchester United",NA,"Ipswich","Manchester United"
"3300",467808,2000-08-21,"Middlesbrough","Tottenham",NA,"Middlesbrough","Tottenham"
"3301",467809,2000-08-22,"Everton","Charlton","Everton",NA,NA
"3302",467810,2000-08-22,"Manchester City","Sunderland","Manchester City",NA,NA
"3303",467811,2000-08-22,"Newcastle","Derby","Newcastle",NA,NA
"3304",467812,2000-08-22,"Southampton","Coventry","Coventry",NA,NA
"3305",467813,2000-08-22,"West Ham","Leicester","Leicester",NA,NA
"3306",467814,2000-08-25,"Arsenal","Charlton","Arsenal",NA,NA
"3307",467815,2000-08-25,"Bradford","Leicester",NA,"Bradford","Leicester"
"3308",467816,2000-08-25,"Everton","Derby",NA,"Everton","Derby"
"3309",467817,2000-08-25,"Ipswich","Sunderland","Ipswich",NA,NA
"3310",467818,2000-08-25,"Manchester City","Coventry","Coventry",NA,NA
"3311",467819,2000-08-25,"Middlesbrough","Leeds","Leeds",NA,NA
"3312",467820,2000-08-25,"Newcastle","Tottenham","Newcastle",NA,NA
"3313",467821,2000-08-25,"Southampton","Liverpool",NA,"Southampton","Liverpool"
"3314",467822,2000-08-25,"West Ham","Manchester United",NA,"West Ham","Manchester United"
"3315",467823,2000-08-26,"Aston Villa","Chelsea",NA,"Aston Villa","Chelsea"
"3316",467824,2000-09-04,"Leeds","Manchester City","Manchester City",NA,NA
"3317",467825,2000-09-04,"Manchester United","Bradford","Manchester United",NA,NA
"3318",467826,2000-09-04,"Sunderland","West Ham",NA,"Sunderland","West Ham"
"3319",467827,2000-09-04,"Tottenham","Everton","Tottenham",NA,NA
"3320",467828,2000-09-05,"Charlton","Southampton",NA,"Charlton","Southampton"
"3321",467829,2000-09-05,"Chelsea","Arsenal",NA,"Chelsea","Arsenal"
"3322",467830,2000-09-05,"Coventry","Newcastle","Newcastle",NA,NA
"3323",467831,2000-09-05,"Derby","Middlesbrough",NA,"Derby","Middlesbrough"
"3324",467832,2000-09-05,"Leicester","Ipswich","Leicester",NA,NA
"3325",467833,2000-09-05,"Liverpool","Aston Villa","Liverpool",NA,NA
"3326",467834,2000-09-08,"Bradford","Arsenal",NA,"Bradford","Arsenal"
"3327",467835,2000-09-08,"Coventry","Leeds",NA,"Coventry","Leeds"
"3328",467836,2000-09-08,"Ipswich","Aston Villa","Aston Villa",NA,NA
"3329",467837,2000-09-08,"Leicester","Southampton","Leicester",NA,NA
"3330",467838,2000-09-08,"Liverpool","Manchester City","Liverpool",NA,NA
"3331",467839,2000-09-08,"Manchester United","Sunderland","Manchester United",NA,NA
"3332",467840,2000-09-08,"Middlesbrough","Everton","Everton",NA,NA
"3333",467841,2000-09-08,"Newcastle","Chelsea",NA,"Newcastle","Chelsea"
"3334",467842,2000-09-09,"Derby","Charlton",NA,"Derby","Charlton"
"3335",467843,2000-09-10,"Tottenham","West Ham","Tottenham",NA,NA
"3336",467844,2000-09-15,"Arsenal","Coventry","Arsenal",NA,NA
"3337",467845,2000-09-15,"Aston Villa","Bradford","Aston Villa",NA,NA
"3338",467846,2000-09-15,"Charlton","Tottenham","Charlton",NA,NA
"3339",467847,2000-09-15,"Everton","Manchester United","Manchester United",NA,NA
"3340",467848,2000-09-15,"Leeds","Ipswich","Ipswich",NA,NA
"3341",467849,2000-09-15,"Southampton","Newcastle","Southampton",NA,NA
"3342",467850,2000-09-15,"Sunderland","Derby","Sunderland",NA,NA
"3343",467851,2000-09-16,"Chelsea","Leicester","Leicester",NA,NA
"3344",467852,2000-09-16,"Manchester City","Middlesbrough",NA,"Manchester City","Middlesbrough"
"3345",467853,2000-09-16,"West Ham","Liverpool",NA,"West Ham","Liverpool"
"3346",467854,2000-09-22,"Bradford","Southampton","Southampton",NA,NA
"3347",467855,2000-09-22,"Coventry","West Ham","West Ham",NA,NA
"3348",467856,2000-09-22,"Derby","Leeds",NA,"Derby","Leeds"
"3349",467857,2000-09-22,"Ipswich","Arsenal",NA,"Ipswich","Arsenal"
"3350",467858,2000-09-22,"Liverpool","Sunderland",NA,"Liverpool","Sunderland"
"3351",467859,2000-09-22,"Manchester United","Chelsea",NA,"Manchester United","Chelsea"
"3352",467860,2000-09-22,"Middlesbrough","Aston Villa",NA,"Middlesbrough","Aston Villa"
"3353",467861,2000-09-22,"Newcastle","Charlton","Charlton",NA,NA
"3354",467862,2000-09-22,"Tottenham","Manchester City",NA,"Tottenham","Manchester City"
"3355",467863,2000-09-23,"Leicester","Everton",NA,"Leicester","Everton"
"3356",467864,2000-09-29,"Aston Villa","Derby","Aston Villa",NA,NA
"3357",467865,2000-09-29,"Charlton","Coventry",NA,"Charlton","Coventry"
"3358",467866,2000-09-29,"Everton","Ipswich","Ipswich",NA,NA
"3359",467867,2000-09-29,"Leeds","Tottenham","Leeds",NA,NA
"3360",467868,2000-09-29,"Manchester City","Newcastle","Newcastle",NA,NA
"3361",467869,2000-09-29,"Southampton","Middlesbrough","Middlesbrough",NA,NA
"3362",467870,2000-09-29,"West Ham","Bradford",NA,"West Ham","Bradford"
"3363",467871,2000-09-30,"Arsenal","Manchester United","Arsenal",NA,NA
"3364",467872,2000-09-30,"Chelsea","Liverpool","Chelsea",NA,NA
"3365",467873,2000-09-30,"Sunderland","Leicester",NA,"Sunderland","Leicester"
"3366",467874,2000-10-13,"Arsenal","Aston Villa","Arsenal",NA,NA
"3367",467875,2000-10-13,"Coventry","Tottenham","Coventry",NA,NA
"3368",467876,2000-10-13,"Everton","Southampton",NA,"Everton","Southampton"
"3369",467877,2000-10-13,"Ipswich","West Ham",NA,"Ipswich","West Ham"
"3370",467878,2000-10-13,"Leeds","Charlton","Leeds",NA,NA
"3371",467879,2000-10-13,"Leicester","Manchester United","Manchester United",NA,NA
"3372",467880,2000-10-13,"Manchester City","Bradford","Manchester City",NA,NA
"3373",467881,2000-10-13,"Sunderland","Chelsea","Sunderland",NA,NA
"3374",467882,2000-10-14,"Derby","Liverpool","Liverpool",NA,NA
"3375",467883,2000-10-15,"Middlesbrough","Newcastle","Newcastle",NA,NA
"3376",467884,2000-10-20,"Bradford","Ipswich","Ipswich",NA,NA
"3377",467885,2000-10-20,"Charlton","Middlesbrough","Charlton",NA,NA
"3378",467886,2000-10-20,"Chelsea","Coventry","Chelsea",NA,NA
"3379",467887,2000-10-20,"Liverpool","Leicester","Liverpool",NA,NA
"3380",467888,2000-10-20,"Manchester United","Leeds","Manchester United",NA,NA
"3381",467889,2000-10-20,"Newcastle","Everton","Everton",NA,NA
"3382",467890,2000-10-20,"Tottenham","Derby","Tottenham",NA,NA
"3383",467891,2000-10-20,"West Ham","Arsenal","Arsenal",NA,NA
"3384",467892,2000-10-21,"Aston Villa","Sunderland",NA,"Aston Villa","Sunderland"
"3385",467893,2000-10-22,"Southampton","Manchester City","Manchester City",NA,NA
"3386",467894,2000-10-27,"Arsenal","Manchester City","Arsenal",NA,NA
"3387",467895,2000-10-27,"Aston Villa","Charlton","Aston Villa",NA,NA
"3388",467896,2000-10-27,"Chelsea","Tottenham","Chelsea",NA,NA
"3389",467897,2000-10-27,"Ipswich","Middlesbrough","Ipswich",NA,NA
"3390",467898,2000-10-27,"Leicester","Derby","Leicester",NA,NA
"3391",467899,2000-10-27,"Manchester United","Southampton","Manchester United",NA,NA
"3392",467900,2000-10-27,"Sunderland","Coventry","Sunderland",NA,NA
"3393",467901,2000-10-27,"West Ham","Newcastle","West Ham",NA,NA
"3394",467902,2000-10-28,"Bradford","Leeds",NA,"Bradford","Leeds"
"3395",467903,2000-10-28,"Liverpool","Everton","Liverpool",NA,NA
"3396",467904,2000-11-03,"Charlton","Bradford","Charlton",NA,NA
"3397",467905,2000-11-03,"Coventry","Manchester United","Manchester United",NA,NA
"3398",467906,2000-11-03,"Leeds","Liverpool","Leeds",NA,NA
"3399",467907,2000-11-03,"Manchester City","Leicester","Leicester",NA,NA
"3400",467908,2000-11-03,"Middlesbrough","Arsenal","Arsenal",NA,NA
"3401",467909,2000-11-03,"Newcastle","Ipswich","Newcastle",NA,NA
"3402",467910,2000-11-03,"Southampton","Chelsea","Southampton",NA,NA
"3403",467911,2000-11-03,"Tottenham","Sunderland","Tottenham",NA,NA
"3404",467912,2000-11-04,"Everton","Aston Villa","Aston Villa",NA,NA
"3405",467913,2000-11-05,"Derby","West Ham",NA,"Derby","West Ham"
"3406",467914,2000-11-10,"Arsenal","Derby",NA,"Arsenal","Derby"
"3407",467915,2000-11-10,"Aston Villa","Tottenham","Aston Villa",NA,NA
"3408",467916,2000-11-10,"Bradford","Everton","Everton",NA,NA
"3409",467917,2000-11-10,"Ipswich","Charlton","Ipswich",NA,NA
"3410",467918,2000-11-10,"Leicester","Newcastle",NA,"Leicester","Newcastle"
"3411",467919,2000-11-10,"Manchester United","Middlesbrough","Manchester United",NA,NA
"3412",467920,2000-11-10,"Sunderland","Southampton",NA,"Sunderland","Southampton"
"3413",467921,2000-11-10,"West Ham","Manchester City","West Ham",NA,NA
"3414",467922,2000-11-11,"Chelsea","Leeds",NA,"Chelsea","Leeds"
"3415",467923,2000-11-11,"Liverpool","Coventry","Liverpool",NA,NA
"3416",467924,2000-11-17,"Charlton","Chelsea","Charlton",NA,NA
"3417",467925,2000-11-17,"Derby","Bradford","Derby",NA,NA
"3418",467926,2000-11-17,"Everton","Arsenal","Everton",NA,NA
"3419",467927,2000-11-17,"Leeds","West Ham","West Ham",NA,NA
"3420",467928,2000-11-17,"Manchester City","Manchester United","Manchester United",NA,NA
"3421",467929,2000-11-17,"Middlesbrough","Leicester","Leicester",NA,NA
"3422",467930,2000-11-17,"Newcastle","Sunderland","Sunderland",NA,NA
"3423",467931,2000-11-17,"Southampton","Aston Villa","Southampton",NA,NA
"3424",467932,2000-11-18,"Tottenham","Liverpool","Tottenham",NA,NA
"3425",467933,2000-11-19,"Coventry","Ipswich","Ipswich",NA,NA
"3426",467934,2000-11-24,"Charlton","Sunderland","Sunderland",NA,NA
"3427",467935,2000-11-24,"Coventry","Aston Villa",NA,"Coventry","Aston Villa"
"3428",467936,2000-11-24,"Derby","Manchester United","Manchester United",NA,NA
"3429",467937,2000-11-24,"Everton","Chelsea","Everton",NA,NA
"3430",467938,2000-11-24,"Manchester City","Ipswich","Ipswich",NA,NA
"3431",467939,2000-11-24,"Middlesbrough","Bradford",NA,"Middlesbrough","Bradford"
"3432",467940,2000-11-24,"Southampton","West Ham","West Ham",NA,NA
"3433",467941,2000-11-24,"Tottenham","Leicester","Tottenham",NA,NA
"3434",467942,2000-11-25,"Leeds","Arsenal","Leeds",NA,NA
"3435",467943,2000-11-25,"Newcastle","Liverpool","Newcastle",NA,NA
"3436",467944,2000-12-01,"Arsenal","Southampton","Arsenal",NA,NA
"3437",467945,2000-12-01,"Aston Villa","Newcastle",NA,"Aston Villa","Newcastle"
"3438",467946,2000-12-01,"Bradford","Coventry","Bradford",NA,NA
"3439",467947,2000-12-01,"Ipswich","Derby","Derby",NA,NA
"3440",467948,2000-12-01,"Leicester","Leeds","Leicester",NA,NA
"3441",467949,2000-12-01,"Liverpool","Charlton","Liverpool",NA,NA
"3442",467950,2000-12-01,"Manchester United","Tottenham","Manchester United",NA,NA
"3443",467951,2000-12-01,"West Ham","Middlesbrough","West Ham",NA,NA
"3444",467952,2000-12-02,"Chelsea","Manchester City","Chelsea",NA,NA
"3445",467953,2000-12-03,"Sunderland","Everton","Sunderland",NA,NA
"3446",467954,2000-12-08,"Arsenal","Newcastle","Arsenal",NA,NA
"3447",467955,2000-12-08,"Bradford","Tottenham",NA,"Bradford","Tottenham"
"3448",467956,2000-12-08,"Charlton","Manchester United",NA,"Charlton","Manchester United"
"3449",467957,2000-12-08,"Chelsea","Derby","Chelsea",NA,NA
"3450",467958,2000-12-08,"Manchester City","Everton","Manchester City",NA,NA
"3451",467959,2000-12-08,"Southampton","Leeds","Southampton",NA,NA
"3452",467960,2000-12-08,"Sunderland","Middlesbrough","Sunderland",NA,NA
"3453",467961,2000-12-08,"West Ham","Aston Villa",NA,"West Ham","Aston Villa"
"3454",467962,2000-12-09,"Coventry","Leicester","Coventry",NA,NA
"3455",467963,2000-12-09,"Liverpool","Ipswich","Ipswich",NA,NA
"3456",467964,2000-12-15,"Aston Villa","Manchester City",NA,"Aston Villa","Manchester City"
"3457",467965,2000-12-15,"Derby","Coventry","Derby",NA,NA
"3458",467966,2000-12-15,"Everton","West Ham",NA,"Everton","West Ham"
"3459",467967,2000-12-15,"Ipswich","Southampton","Ipswich",NA,NA
"3460",467968,2000-12-15,"Leeds","Sunderland","Leeds",NA,NA
"3461",467969,2000-12-15,"Leicester","Charlton","Leicester",NA,NA
"3462",467970,2000-12-15,"Middlesbrough","Chelsea","Middlesbrough",NA,NA
"3463",467971,2000-12-15,"Newcastle","Bradford","Newcastle",NA,NA
"3464",467972,2000-12-16,"Manchester United","Liverpool","Liverpool",NA,NA
"3465",467973,2000-12-17,"Tottenham","Arsenal",NA,"Tottenham","Arsenal"
"3466",467974,2000-12-21,"Coventry","Southampton",NA,"Coventry","Southampton"
"3467",467975,2000-12-22,"Charlton","Everton","Charlton",NA,NA
"3468",467976,2000-12-22,"Chelsea","Bradford","Chelsea",NA,NA
"3469",467977,2000-12-22,"Derby","Newcastle","Derby",NA,NA
"3470",467978,2000-12-22,"Leeds","Aston Villa","Aston Villa",NA,NA
"3471",467979,2000-12-22,"Leicester","West Ham","Leicester",NA,NA
"3472",467980,2000-12-22,"Liverpool","Arsenal","Liverpool",NA,NA
"3473",467981,2000-12-22,"Manchester United","Ipswich","Manchester United",NA,NA
"3474",467982,2000-12-22,"Sunderland","Manchester City","Sunderland",NA,NA
"3475",467983,2000-12-22,"Tottenham","Middlesbrough",NA,"Tottenham","Middlesbrough"
"3476",467984,2000-12-25,"Arsenal","Leicester","Arsenal",NA,NA
"3477",467985,2000-12-25,"Aston Villa","Manchester United","Manchester United",NA,NA
"3478",467986,2000-12-25,"Bradford","Sunderland","Sunderland",NA,NA
"3479",467987,2000-12-25,"Everton","Coventry","Coventry",NA,NA
"3480",467988,2000-12-25,"Ipswich","Chelsea",NA,"Ipswich","Chelsea"
"3481",467989,2000-12-25,"Manchester City","Derby",NA,"Manchester City","Derby"
"3482",467990,2000-12-25,"Middlesbrough","Liverpool","Middlesbrough",NA,NA
"3483",467991,2000-12-25,"Newcastle","Leeds","Newcastle",NA,NA
"3484",467992,2000-12-25,"West Ham","Charlton","West Ham",NA,NA
"3485",467993,2000-12-26,"Southampton","Tottenham","Southampton",NA,NA
"3486",467994,2000-12-29,"Arsenal","Sunderland",NA,"Arsenal","Sunderland"
"3487",467995,2000-12-29,"Ipswich","Tottenham","Ipswich",NA,NA
"3488",467996,2000-12-29,"Manchester City","Charlton","Charlton",NA,NA
"3489",467997,2000-12-29,"Middlesbrough","Coventry",NA,"Middlesbrough","Coventry"
"3490",467998,2000-12-29,"Newcastle","Manchester United",NA,"Newcastle","Manchester United"
"3491",467999,2000-12-29,"Southampton","Derby","Southampton",NA,NA
"3492",468000,2000-12-31,"Charlton","Arsenal","Charlton",NA,NA
"3493",468001,2000-12-31,"Chelsea","Aston Villa","Chelsea",NA,NA
"3494",468002,2000-12-31,"Coventry","Manchester City",NA,"Coventry","Manchester City"
"3495",468003,2000-12-31,"Derby","Everton","Derby",NA,NA
"3496",468004,2000-12-31,"Leeds","Middlesbrough",NA,"Leeds","Middlesbrough"
"3497",468005,2000-12-31,"Leicester","Bradford","Bradford",NA,NA
"3498",468006,2000-12-31,"Liverpool","Southampton","Liverpool",NA,NA
"3499",468007,2000-12-31,"Manchester United","West Ham","Manchester United",NA,NA
"3500",468008,2000-12-31,"Sunderland","Ipswich","Sunderland",NA,NA
"3501",468009,2001-01-01,"Tottenham","Newcastle","Tottenham",NA,NA
"3502",468010,2001-01-12,"Arsenal","Chelsea",NA,"Arsenal","Chelsea"
"3503",468011,2001-01-12,"Aston Villa","Liverpool","Liverpool",NA,NA
"3504",468012,2001-01-12,"Bradford","Manchester United","Manchester United",NA,NA
"3505",468013,2001-01-12,"Everton","Tottenham",NA,"Everton","Tottenham"
"3506",468014,2001-01-12,"Manchester City","Leeds","Leeds",NA,NA
"3507",468015,2001-01-12,"Middlesbrough","Derby","Middlesbrough",NA,NA
"3508",468016,2001-01-12,"Newcastle","Coventry","Newcastle",NA,NA
"3509",468017,2001-01-12,"Southampton","Charlton",NA,"Southampton","Charlton"
"3510",468018,2001-01-12,"West Ham","Sunderland","Sunderland",NA,NA
"3511",468019,2001-01-13,"Ipswich","Leicester","Ipswich",NA,NA
"3512",468020,2001-01-19,"Chelsea","Ipswich","Chelsea",NA,NA
"3513",468021,2001-01-19,"Coventry","Everton","Everton",NA,NA
"3514",468022,2001-01-19,"Derby","Manchester City",NA,"Derby","Manchester City"
"3515",468023,2001-01-19,"Leeds","Newcastle","Newcastle",NA,NA
"3516",468024,2001-01-19,"Leicester","Arsenal",NA,"Leicester","Arsenal"
"3517",468025,2001-01-19,"Liverpool","Middlesbrough",NA,"Liverpool","Middlesbrough"
"3518",468026,2001-01-19,"Manchester United","Aston Villa","Manchester United",NA,NA
"3519",468027,2001-01-19,"Tottenham","Southampton",NA,"Tottenham","Southampton"
"3520",468028,2001-01-20,"Sunderland","Bradford",NA,"Sunderland","Bradford"
"3521",468029,2001-01-21,"Charlton","West Ham",NA,"Charlton","West Ham"
"3522",468030,2001-01-23,"Aston Villa","Leeds","Leeds",NA,NA
"3523",468031,2001-01-29,"Arsenal","Bradford","Arsenal",NA,NA
"3524",468032,2001-01-29,"Charlton","Derby","Charlton",NA,NA
"3525",468033,2001-01-30,"Chelsea","Newcastle","Chelsea",NA,NA
"3526",468034,2001-01-30,"Everton","Middlesbrough",NA,"Everton","Middlesbrough"
"3527",468035,2001-01-30,"Leeds","Coventry","Leeds",NA,NA
"3528",468036,2001-01-30,"Manchester City","Liverpool",NA,"Manchester City","Liverpool"
"3529",468037,2001-01-30,"Southampton","Leicester","Southampton",NA,NA
"3530",468038,2001-01-30,"Sunderland","Manchester United","Manchester United",NA,NA
"3531",468039,2001-01-30,"West Ham","Tottenham",NA,"West Ham","Tottenham"
"3532",468040,2001-02-02,"Bradford","Aston Villa","Aston Villa",NA,NA
"3533",468041,2001-02-02,"Coventry","Arsenal","Arsenal",NA,NA
"3534",468042,2001-02-02,"Derby","Sunderland","Derby",NA,NA
"3535",468043,2001-02-02,"Ipswich","Leeds","Leeds",NA,NA
"3536",468044,2001-02-02,"Leicester","Chelsea","Leicester",NA,NA
"3537",468045,2001-02-02,"Liverpool","West Ham","Liverpool",NA,NA
"3538",468046,2001-02-02,"Manchester United","Everton","Manchester United",NA,NA
"3539",468047,2001-02-02,"Middlesbrough","Manchester City",NA,"Middlesbrough","Manchester City"
"3540",468048,2001-02-02,"Tottenham","Charlton",NA,"Tottenham","Charlton"
"3541",468049,2001-02-06,"Everton","Leeds",NA,"Everton","Leeds"
"3542",468050,2001-02-09,"Arsenal","Ipswich","Arsenal",NA,NA
"3543",468051,2001-02-09,"Aston Villa","Middlesbrough",NA,"Aston Villa","Middlesbrough"
"3544",468052,2001-02-09,"Chelsea","Manchester United",NA,"Chelsea","Manchester United"
"3545",468053,2001-02-09,"Everton","Leicester","Everton",NA,NA
"3546",468054,2001-02-09,"Leeds","Derby",NA,"Leeds","Derby"
"3547",468055,2001-02-09,"Manchester City","Tottenham","Tottenham",NA,NA
"3548",468056,2001-02-09,"Southampton","Bradford","Southampton",NA,NA
"3549",468057,2001-02-09,"Sunderland","Liverpool",NA,"Sunderland","Liverpool"
"3550",468058,2001-02-10,"Charlton","Newcastle","Charlton",NA,NA
"3551",468059,2001-02-11,"West Ham","Coventry",NA,"West Ham","Coventry"
"3552",468060,2001-02-23,"Bradford","West Ham","West Ham",NA,NA
"3553",468061,2001-02-23,"Coventry","Charlton",NA,"Coventry","Charlton"
"3554",468062,2001-02-23,"Derby","Aston Villa","Derby",NA,NA
"3555",468063,2001-02-23,"Ipswich","Everton","Ipswich",NA,NA
"3556",468064,2001-02-23,"Leicester","Sunderland","Leicester",NA,NA
"3557",468065,2001-02-23,"Middlesbrough","Southampton","Southampton",NA,NA
"3558",468066,2001-02-23,"Newcastle","Manchester City","Manchester City",NA,NA
"3559",468067,2001-02-23,"Tottenham","Leeds","Leeds",NA,NA
"3560",468068,2001-02-24,"Manchester United","Arsenal","Manchester United",NA,NA
"3561",468069,2001-03-02,"Arsenal","West Ham","Arsenal",NA,NA
"3562",468070,2001-03-02,"Coventry","Chelsea",NA,"Coventry","Chelsea"
"3563",468071,2001-03-02,"Derby","Tottenham","Derby",NA,NA
"3564",468072,2001-03-02,"Everton","Newcastle",NA,"Everton","Newcastle"
"3565",468073,2001-03-02,"Leeds","Manchester United",NA,"Leeds","Manchester United"
"3566",468074,2001-03-02,"Leicester","Liverpool","Leicester",NA,NA
"3567",468075,2001-03-02,"Manchester City","Southampton","Southampton",NA,NA
"3568",468076,2001-03-02,"Middlesbrough","Charlton",NA,"Middlesbrough","Charlton"
"3569",468077,2001-03-03,"Ipswich","Bradford","Ipswich",NA,NA
"3570",468078,2001-03-04,"Sunderland","Aston Villa",NA,"Sunderland","Aston Villa"
"3571",468079,2001-03-06,"West Ham","Chelsea","Chelsea",NA,NA
"3572",468080,2001-03-09,"Aston Villa","Ipswich","Aston Villa",NA,NA
"3573",468081,2001-03-16,"Bradford","Manchester City",NA,"Bradford","Manchester City"
"3574",468082,2001-03-16,"Charlton","Leeds","Leeds",NA,NA
"3575",468083,2001-03-16,"Chelsea","Sunderland","Sunderland",NA,NA
"3576",468084,2001-03-16,"Manchester United","Leicester","Manchester United",NA,NA
"3577",468085,2001-03-16,"Newcastle","Middlesbrough","Middlesbrough",NA,NA
"3578",468086,2001-03-16,"Southampton","Everton","Southampton",NA,NA
"3579",468087,2001-03-16,"Tottenham","Coventry","Tottenham",NA,NA
"3580",468088,2001-03-16,"West Ham","Ipswich","Ipswich",NA,NA
"3581",468089,2001-03-17,"Aston Villa","Arsenal",NA,"Aston Villa","Arsenal"
"3582",468090,2001-03-17,"Liverpool","Derby",NA,"Liverpool","Derby"
"3583",468091,2001-03-30,"Arsenal","Tottenham","Arsenal",NA,NA
"3584",468092,2001-03-30,"Bradford","Newcastle",NA,"Bradford","Newcastle"
"3585",468093,2001-03-30,"Chelsea","Middlesbrough","Chelsea",NA,NA
"3586",468094,2001-03-30,"Coventry","Derby","Coventry",NA,NA
"3587",468095,2001-03-30,"Liverpool","Manchester United","Liverpool",NA,NA
"3588",468096,2001-03-30,"Manchester City","Aston Villa","Aston Villa",NA,NA
"3589",468097,2001-03-30,"Sunderland","Leeds","Leeds",NA,NA
"3590",468098,2001-03-30,"West Ham","Everton","Everton",NA,NA
"3591",468099,2001-03-31,"Charlton","Leicester","Charlton",NA,NA
"3592",468100,2001-04-01,"Southampton","Ipswich","Ipswich",NA,NA
"3593",468101,2001-04-03,"Aston Villa","Leicester","Aston Villa",NA,NA
"3594",468102,2001-04-06,"Aston Villa","West Ham",NA,"Aston Villa","West Ham"
"3595",468103,2001-04-06,"Derby","Chelsea","Chelsea",NA,NA
"3596",468104,2001-04-06,"Leeds","Southampton","Leeds",NA,NA
"3597",468105,2001-04-06,"Leicester","Coventry","Coventry",NA,NA
"3598",468106,2001-04-07,"Everton","Manchester City","Everton",NA,NA
"3599",468107,2001-04-08,"Middlesbrough","Sunderland",NA,"Middlesbrough","Sunderland"
"3600",468108,2001-04-09,"Ipswich","Liverpool",NA,"Ipswich","Liverpool"
"3601",468109,2001-04-09,"Manchester United","Charlton","Manchester United",NA,NA
"3602",468110,2001-04-09,"Tottenham","Bradford","Tottenham",NA,NA
"3603",468111,2001-04-10,"Manchester City","Arsenal","Arsenal",NA,NA
"3604",468112,2001-04-12,"Bradford","Charlton","Bradford",NA,NA
"3605",468113,2001-04-12,"Liverpool","Leeds","Leeds",NA,NA
"3606",468114,2001-04-13,"Arsenal","Middlesbrough","Middlesbrough",NA,NA
"3607",468115,2001-04-13,"Aston Villa","Everton","Aston Villa",NA,NA
"3608",468116,2001-04-13,"Chelsea","Southampton","Chelsea",NA,NA
"3609",468117,2001-04-13,"Ipswich","Newcastle","Ipswich",NA,NA
"3610",468118,2001-04-13,"Leicester","Manchester City","Manchester City",NA,NA
"3611",468119,2001-04-13,"Manchester United","Coventry","Manchester United",NA,NA
"3612",468120,2001-04-13,"Sunderland","Tottenham","Tottenham",NA,NA
"3613",468121,2001-04-13,"West Ham","Derby","West Ham",NA,NA
"3614",468122,2001-04-15,"Coventry","Sunderland","Coventry",NA,NA
"3615",468123,2001-04-15,"Derby","Leicester","Derby",NA,NA
"3616",468124,2001-04-15,"Everton","Liverpool","Liverpool",NA,NA
"3617",468125,2001-04-15,"Middlesbrough","Ipswich","Ipswich",NA,NA
"3618",468126,2001-04-15,"Newcastle","West Ham","Newcastle",NA,NA
"3619",468127,2001-04-16,"Charlton","Aston Villa",NA,"Charlton","Aston Villa"
"3620",468128,2001-04-16,"Tottenham","Chelsea","Chelsea",NA,NA
"3621",468129,2001-04-20,"Arsenal","Everton","Arsenal",NA,NA
"3622",468130,2001-04-20,"Aston Villa","Southampton",NA,"Aston Villa","Southampton"
"3623",468131,2001-04-20,"Bradford","Derby","Bradford",NA,NA
"3624",468132,2001-04-20,"Chelsea","Charlton","Charlton",NA,NA
"3625",468133,2001-04-20,"Ipswich","Coventry","Ipswich",NA,NA
"3626",468134,2001-04-20,"Leicester","Middlesbrough","Middlesbrough",NA,NA
"3627",468135,2001-04-20,"Manchester United","Manchester City",NA,"Manchester United","Manchester City"
"3628",468136,2001-04-20,"Sunderland","Newcastle",NA,"Sunderland","Newcastle"
"3629",468137,2001-04-20,"West Ham","Leeds","Leeds",NA,NA
"3630",468138,2001-04-21,"Liverpool","Tottenham","Liverpool",NA,NA
"3631",468139,2001-04-27,"Coventry","Liverpool","Liverpool",NA,NA
"3632",468140,2001-04-27,"Derby","Arsenal","Arsenal",NA,NA
"3633",468141,2001-04-27,"Everton","Bradford","Everton",NA,NA
"3634",468142,2001-04-27,"Leeds","Chelsea","Leeds",NA,NA
"3635",468143,2001-04-27,"Manchester City","West Ham","Manchester City",NA,NA
"3636",468144,2001-04-27,"Middlesbrough","Manchester United","Manchester United",NA,NA
"3637",468145,2001-04-27,"Newcastle","Leicester","Newcastle",NA,NA
"3638",468146,2001-04-27,"Southampton","Sunderland","Sunderland",NA,NA
"3639",468147,2001-04-27,"Tottenham","Aston Villa",NA,"Tottenham","Aston Villa"
"3640",468148,2001-04-29,"Charlton","Ipswich","Charlton",NA,NA
"3641",468149,2001-04-30,"Bradford","Liverpool","Liverpool",NA,NA
"3642",468150,2001-04-30,"Newcastle","Southampton",NA,"Newcastle","Southampton"
"3643",468151,2001-05-04,"Arsenal","Leeds","Arsenal",NA,NA
"3644",468152,2001-05-04,"Aston Villa","Coventry","Aston Villa",NA,NA
"3645",468153,2001-05-04,"Bradford","Middlesbrough",NA,"Bradford","Middlesbrough"
"3646",468154,2001-05-04,"Chelsea","Everton","Chelsea",NA,NA
"3647",468155,2001-05-04,"Leicester","Tottenham","Leicester",NA,NA
"3648",468156,2001-05-04,"Liverpool","Newcastle","Liverpool",NA,NA
"3649",468157,2001-05-04,"Manchester United","Derby","Derby",NA,NA
"3650",468158,2001-05-04,"Sunderland","Charlton","Sunderland",NA,NA
"3651",468159,2001-05-04,"West Ham","Southampton","West Ham",NA,NA
"3652",468160,2001-05-06,"Ipswich","Manchester City","Ipswich",NA,NA
"3653",468161,2001-05-07,"Liverpool","Chelsea",NA,"Liverpool","Chelsea"
"3654",468162,2001-05-12,"Leeds","Bradford","Leeds",NA,NA
"3655",468163,2001-05-12,"Southampton","Manchester United","Southampton",NA,NA
"3656",468164,2001-05-14,"Newcastle","Arsenal",NA,"Newcastle","Arsenal"
"3657",468165,2001-05-18,"Charlton","Liverpool","Liverpool",NA,NA
"3658",468166,2001-05-18,"Coventry","Bradford",NA,"Coventry","Bradford"
"3659",468167,2001-05-18,"Derby","Ipswich",NA,"Derby","Ipswich"
"3660",468168,2001-05-18,"Everton","Sunderland",NA,"Everton","Sunderland"
"3661",468169,2001-05-18,"Leeds","Leicester","Leeds",NA,NA
"3662",468170,2001-05-18,"Manchester City","Chelsea","Chelsea",NA,NA
"3663",468171,2001-05-18,"Middlesbrough","West Ham","Middlesbrough",NA,NA
"3664",468172,2001-05-18,"Newcastle","Aston Villa","Newcastle",NA,NA
"3665",468173,2001-05-18,"Southampton","Arsenal","Southampton",NA,NA
"3666",468174,2001-05-18,"Tottenham","Manchester United","Tottenham",NA,NA
"3667",467415,2001-08-17,"Charlton","Everton","Everton",NA,NA
"3668",467416,2001-08-17,"Derby","Blackburn","Derby",NA,NA
"3669",467417,2001-08-17,"Leeds","Southampton","Leeds",NA,NA
"3670",467418,2001-08-17,"Leicester","Bolton","Bolton",NA,NA
"3671",467419,2001-08-17,"Liverpool","West Ham","Liverpool",NA,NA
"3672",467420,2001-08-17,"Middlesbrough","Arsenal","Arsenal",NA,NA
"3673",467421,2001-08-17,"Sunderland","Ipswich","Sunderland",NA,NA
"3674",467422,2001-08-17,"Tottenham","Aston Villa",NA,"Tottenham","Aston Villa"
"3675",467423,2001-08-18,"Chelsea","Newcastle",NA,"Chelsea","Newcastle"
"3676",467424,2001-08-18,"Manchester United","Fulham","Manchester United",NA,NA
"3677",467425,2001-08-19,"Everton","Tottenham",NA,"Everton","Tottenham"
"3678",467426,2001-08-20,"Arsenal","Leeds","Leeds",NA,NA
"3679",467427,2001-08-20,"Bolton","Middlesbrough","Bolton",NA,NA
"3680",467428,2001-08-20,"Ipswich","Derby","Ipswich",NA,NA
"3681",467429,2001-08-21,"Blackburn","Manchester United",NA,"Blackburn","Manchester United"
"3682",467430,2001-08-21,"Fulham","Sunderland","Fulham",NA,NA
"3683",467431,2001-08-24,"Arsenal","Leicester","Arsenal",NA,NA
"3684",467432,2001-08-24,"Blackburn","Tottenham","Blackburn",NA,NA
"3685",467433,2001-08-24,"Everton","Middlesbrough","Everton",NA,NA
"3686",467434,2001-08-24,"Fulham","Derby",NA,"Fulham","Derby"
"3687",467435,2001-08-24,"Ipswich","Charlton","Charlton",NA,NA
"3688",467436,2001-08-24,"Southampton","Chelsea","Chelsea",NA,NA
"3689",467437,2001-08-24,"West Ham","Leeds",NA,"West Ham","Leeds"
"3690",467438,2001-08-25,"Aston Villa","Manchester United",NA,"Aston Villa","Manchester United"
"3691",467439,2001-08-25,"Newcastle","Sunderland",NA,"Newcastle","Sunderland"
"3692",467440,2001-08-26,"Bolton","Liverpool","Bolton",NA,NA
"3693",467441,2001-09-07,"Chelsea","Arsenal",NA,"Chelsea","Arsenal"
"3694",467442,2001-09-07,"Derby","West Ham",NA,"Derby","West Ham"
"3695",467443,2001-09-07,"Leeds","Bolton",NA,"Leeds","Bolton"
"3696",467444,2001-09-07,"Leicester","Ipswich",NA,"Leicester","Ipswich"
"3697",467445,2001-09-07,"Liverpool","Aston Villa","Aston Villa",NA,NA
"3698",467446,2001-09-07,"Manchester United","Everton","Manchester United",NA,NA
"3699",467447,2001-09-07,"Middlesbrough","Newcastle","Newcastle",NA,NA
"3700",467448,2001-09-07,"Sunderland","Blackburn","Sunderland",NA,NA
"3701",467449,2001-09-08,"Charlton","Fulham",NA,"Charlton","Fulham"
"3702",467450,2001-09-08,"Tottenham","Southampton","Tottenham",NA,NA
"3703",467451,2001-09-14,"Bolton","Southampton","Southampton",NA,NA
"3704",467452,2001-09-14,"Derby","Leicester","Leicester",NA,NA
"3705",467453,2001-09-14,"Everton","Liverpool","Liverpool",NA,NA
"3706",467454,2001-09-14,"Fulham","Arsenal","Arsenal",NA,NA
"3707",467455,2001-09-14,"Middlesbrough","West Ham","Middlesbrough",NA,NA
"3708",467456,2001-09-14,"Newcastle","Manchester United","Newcastle",NA,NA
"3709",467457,2001-09-15,"Aston Villa","Sunderland",NA,"Aston Villa","Sunderland"
"3710",467458,2001-09-15,"Charlton","Leeds","Leeds",NA,NA
"3711",467459,2001-09-15,"Ipswich","Blackburn",NA,"Ipswich","Blackburn"
"3712",467460,2001-09-15,"Tottenham","Chelsea","Chelsea",NA,NA
"3713",467461,2001-09-16,"Leicester","Middlesbrough","Middlesbrough",NA,NA
"3714",467462,2001-09-18,"Blackburn","Bolton",NA,"Blackburn","Bolton"
"3715",467463,2001-09-18,"Sunderland","Tottenham","Tottenham",NA,NA
"3716",467464,2001-09-21,"Arsenal","Bolton",NA,"Arsenal","Bolton"
"3717",467465,2001-09-21,"Blackburn","Everton","Blackburn",NA,NA
"3718",467466,2001-09-21,"Leicester","Fulham",NA,"Leicester","Fulham"
"3719",467467,2001-09-21,"Liverpool","Tottenham","Liverpool",NA,NA
"3720",467468,2001-09-21,"Manchester United","Ipswich","Manchester United",NA,NA
"3721",467469,2001-09-21,"Sunderland","Charlton",NA,"Sunderland","Charlton"
"3722",467470,2001-09-22,"Chelsea","Middlesbrough",NA,"Chelsea","Middlesbrough"
"3723",467471,2001-09-22,"Leeds","Derby","Leeds",NA,NA
"3724",467472,2001-09-22,"West Ham","Newcastle","West Ham",NA,NA
"3725",467473,2001-09-23,"Southampton","Aston Villa","Aston Villa",NA,NA
"3726",467474,2001-09-25,"Newcastle","Leicester","Newcastle",NA,NA
"3727",467475,2001-09-28,"Bolton","Sunderland","Sunderland",NA,NA
"3728",467476,2001-09-28,"Charlton","Leicester","Charlton",NA,NA
"3729",467477,2001-09-28,"Derby","Arsenal","Arsenal",NA,NA
"3730",467478,2001-09-28,"Everton","West Ham","Everton",NA,NA
"3731",467479,2001-09-28,"Middlesbrough","Southampton","Southampton",NA,NA
"3732",467480,2001-09-28,"Tottenham","Manchester United","Manchester United",NA,NA
"3733",467481,2001-09-29,"Aston Villa","Blackburn","Aston Villa",NA,NA
"3734",467482,2001-09-29,"Fulham","Chelsea",NA,"Fulham","Chelsea"
"3735",467483,2001-09-29,"Ipswich","Leeds","Leeds",NA,NA
"3736",467484,2001-09-29,"Newcastle","Liverpool","Liverpool",NA,NA
"3737",467485,2001-10-12,"Bolton","Newcastle","Newcastle",NA,NA
"3738",467486,2001-10-12,"Charlton","Middlesbrough",NA,"Charlton","Middlesbrough"
"3739",467487,2001-10-12,"Chelsea","Leicester","Chelsea",NA,NA
"3740",467488,2001-10-12,"Ipswich","Everton",NA,"Ipswich","Everton"
"3741",467489,2001-10-12,"Liverpool","Leeds",NA,"Liverpool","Leeds"
"3742",467490,2001-10-12,"Southampton","Arsenal","Arsenal",NA,NA
"3743",467491,2001-10-12,"Sunderland","Manchester United","Manchester United",NA,NA
"3744",467492,2001-10-13,"Aston Villa","Fulham","Aston Villa",NA,NA
"3745",467493,2001-10-13,"Blackburn","West Ham","Blackburn",NA,NA
"3746",467494,2001-10-14,"Tottenham","Derby","Tottenham",NA,NA
"3747",467495,2001-10-19,"Arsenal","Blackburn",NA,"Arsenal","Blackburn"
"3748",467496,2001-10-19,"Derby","Charlton",NA,"Derby","Charlton"
"3749",467497,2001-10-19,"Everton","Aston Villa","Everton",NA,NA
"3750",467498,2001-10-19,"Leicester","Liverpool","Liverpool",NA,NA
"3751",467499,2001-10-19,"Manchester United","Bolton","Bolton",NA,NA
"3752",467500,2001-10-19,"West Ham","Southampton","West Ham",NA,NA
"3753",467501,2001-10-20,"Fulham","Ipswich",NA,"Fulham","Ipswich"
"3754",467502,2001-10-20,"Leeds","Chelsea",NA,"Leeds","Chelsea"
"3755",467503,2001-10-20,"Newcastle","Tottenham","Tottenham",NA,NA
"3756",467504,2001-10-21,"Middlesbrough","Sunderland","Middlesbrough",NA,NA
"3757",467505,2001-10-23,"Aston Villa","Charlton","Aston Villa",NA,NA
"3758",467506,2001-10-23,"Southampton","Ipswich",NA,"Southampton","Ipswich"
"3759",467507,2001-10-23,"West Ham","Chelsea","West Ham",NA,NA
"3760",467508,2001-10-26,"Aston Villa","Bolton","Aston Villa",NA,NA
"3761",467509,2001-10-26,"Charlton","Liverpool","Liverpool",NA,NA
"3762",467510,2001-10-26,"Everton","Newcastle","Newcastle",NA,NA
"3763",467511,2001-10-26,"Fulham","Southampton","Fulham",NA,NA
"3764",467512,2001-10-26,"Manchester United","Leeds",NA,"Manchester United","Leeds"
"3765",467513,2001-10-26,"Sunderland","Arsenal",NA,"Sunderland","Arsenal"
"3766",467514,2001-10-26,"Tottenham","Middlesbrough","Tottenham",NA,NA
"3767",467515,2001-10-27,"Derby","Chelsea",NA,"Derby","Chelsea"
"3768",467516,2001-10-27,"Ipswich","West Ham","West Ham",NA,NA
"3769",467517,2001-10-28,"Blackburn","Leicester",NA,"Blackburn","Leicester"
"3770",467518,2001-11-02,"Bolton","Everton",NA,"Bolton","Everton"
"3771",467519,2001-11-02,"Leicester","Sunderland","Leicester",NA,NA
"3772",467520,2001-11-02,"Middlesbrough","Derby","Middlesbrough",NA,NA
"3773",467521,2001-11-02,"Newcastle","Aston Villa","Newcastle",NA,NA
"3774",467522,2001-11-02,"Southampton","Blackburn","Blackburn",NA,NA
"3775",467523,2001-11-02,"West Ham","Fulham","Fulham",NA,NA
"3776",467524,2001-11-03,"Arsenal","Charlton","Charlton",NA,NA
"3777",467525,2001-11-03,"Chelsea","Ipswich","Chelsea",NA,NA
"3778",467526,2001-11-03,"Leeds","Tottenham","Leeds",NA,NA
"3779",467527,2001-11-03,"Liverpool","Manchester United","Liverpool",NA,NA
"3780",467528,2001-11-16,"Aston Villa","Middlesbrough",NA,"Aston Villa","Middlesbrough"
"3781",467529,2001-11-16,"Blackburn","Liverpool",NA,"Blackburn","Liverpool"
"3782",467530,2001-11-16,"Derby","Southampton","Derby",NA,NA
"3783",467531,2001-11-16,"Fulham","Newcastle","Fulham",NA,NA
"3784",467532,2001-11-16,"Manchester United","Leicester","Manchester United",NA,NA
"3785",467533,2001-11-16,"Tottenham","Arsenal",NA,"Tottenham","Arsenal"
"3786",467534,2001-11-17,"Everton","Chelsea",NA,"Everton","Chelsea"
"3787",467535,2001-11-17,"Ipswich","Bolton","Bolton",NA,NA
"3788",467536,2001-11-17,"Sunderland","Leeds","Sunderland",NA,NA
"3789",467537,2001-11-18,"Charlton","West Ham",NA,"Charlton","West Ham"
"3790",467538,2001-11-23,"Bolton","Fulham",NA,"Bolton","Fulham"
"3791",467539,2001-11-23,"Chelsea","Blackburn",NA,"Chelsea","Blackburn"
"3792",467540,2001-11-23,"Leicester","Everton",NA,"Leicester","Everton"
"3793",467541,2001-11-23,"Newcastle","Derby","Newcastle",NA,NA
"3794",467542,2001-11-23,"Southampton","Charlton","Southampton",NA,NA
"3795",467543,2001-11-23,"West Ham","Tottenham","Tottenham",NA,NA
"3796",467544,2001-11-24,"Arsenal","Manchester United","Arsenal",NA,NA
"3797",467545,2001-11-24,"Leeds","Aston Villa",NA,"Leeds","Aston Villa"
"3798",467546,2001-11-24,"Liverpool","Sunderland","Liverpool",NA,NA
"3799",467547,2001-11-24,"Middlesbrough","Ipswich",NA,"Middlesbrough","Ipswich"
"3800",467548,2001-11-30,"Aston Villa","Leicester","Leicester",NA,NA
"3801",467549,2001-11-30,"Blackburn","Middlesbrough","Middlesbrough",NA,NA
"3802",467550,2001-11-30,"Charlton","Newcastle",NA,"Charlton","Newcastle"
"3803",467551,2001-11-30,"Derby","Liverpool","Liverpool",NA,NA
"3804",467552,2001-11-30,"Ipswich","Arsenal","Arsenal",NA,NA
"3805",467553,2001-11-30,"Manchester United","Chelsea","Chelsea",NA,NA
"3806",467554,2001-11-30,"Sunderland","West Ham","Sunderland",NA,NA
"3807",467555,2001-12-01,"Everton","Southampton","Everton",NA,NA
"3808",467556,2001-12-01,"Fulham","Leeds",NA,"Fulham","Leeds"
"3809",467557,2001-12-02,"Tottenham","Bolton","Tottenham",NA,NA
"3810",467558,2001-12-04,"Chelsea","Charlton","Charlton",NA,NA
"3811",467559,2001-12-04,"West Ham","Aston Villa",NA,"West Ham","Aston Villa"
"3812",467560,2001-12-07,"Charlton","Tottenham","Charlton",NA,NA
"3813",467561,2001-12-07,"Derby","Bolton","Derby",NA,NA
"3814",467562,2001-12-07,"Fulham","Everton","Fulham",NA,NA
"3815",467563,2001-12-07,"Leicester","Southampton","Southampton",NA,NA
"3816",467564,2001-12-07,"Liverpool","Middlesbrough","Liverpool",NA,NA
"3817",467565,2001-12-07,"Manchester United","West Ham","West Ham",NA,NA
"3818",467566,2001-12-08,"Arsenal","Aston Villa","Arsenal",NA,NA
"3819",467567,2001-12-08,"Blackburn","Leeds","Leeds",NA,NA
"3820",467568,2001-12-08,"Ipswich","Newcastle","Newcastle",NA,NA
"3821",467569,2001-12-08,"Sunderland","Chelsea",NA,"Sunderland","Chelsea"
"3822",467570,2001-12-11,"Liverpool","Fulham",NA,"Liverpool","Fulham"
"3823",467571,2001-12-11,"Manchester United","Derby","Manchester United",NA,NA
"3824",467572,2001-12-14,"Bolton","Charlton",NA,"Bolton","Charlton"
"3825",467573,2001-12-14,"Everton","Derby","Everton",NA,NA
"3826",467574,2001-12-14,"Middlesbrough","Manchester United","Manchester United",NA,NA
"3827",467575,2001-12-14,"Newcastle","Blackburn","Newcastle",NA,NA
"3828",467576,2001-12-14,"Southampton","Sunderland","Southampton",NA,NA
"3829",467577,2001-12-14,"Tottenham","Fulham","Tottenham",NA,NA
"3830",467578,2001-12-14,"West Ham","Arsenal",NA,"West Ham","Arsenal"
"3831",467579,2001-12-15,"Chelsea","Liverpool","Chelsea",NA,NA
"3832",467580,2001-12-15,"Leeds","Leicester",NA,"Leeds","Leicester"
"3833",467581,2001-12-16,"Aston Villa","Ipswich","Aston Villa",NA,NA
"3834",467582,2001-12-17,"Arsenal","Newcastle","Newcastle",NA,NA
"3835",467583,2001-12-18,"Leeds","Everton","Leeds",NA,NA
"3836",467584,2001-12-21,"Charlton","Blackburn","Blackburn",NA,NA
"3837",467585,2001-12-21,"Derby","Aston Villa","Derby",NA,NA
"3838",467586,2001-12-21,"Leeds","Newcastle","Newcastle",NA,NA
"3839",467587,2001-12-21,"Leicester","West Ham",NA,"Leicester","West Ham"
"3840",467588,2001-12-21,"Manchester United","Southampton","Manchester United",NA,NA
"3841",467589,2001-12-21,"Sunderland","Everton","Sunderland",NA,NA
"3842",467590,2001-12-21,"Tottenham","Ipswich","Ipswich",NA,NA
"3843",467591,2001-12-22,"Chelsea","Bolton","Chelsea",NA,NA
"3844",467592,2001-12-22,"Liverpool","Arsenal","Arsenal",NA,NA
"3845",467593,2001-12-25,"Arsenal","Chelsea","Arsenal",NA,NA
"3846",467594,2001-12-25,"Aston Villa","Liverpool","Liverpool",NA,NA
"3847",467595,2001-12-25,"Blackburn","Sunderland","Sunderland",NA,NA
"3848",467596,2001-12-25,"Bolton","Leeds","Leeds",NA,NA
"3849",467597,2001-12-25,"Everton","Manchester United","Manchester United",NA,NA
"3850",467598,2001-12-25,"Fulham","Charlton",NA,"Fulham","Charlton"
"3851",467599,2001-12-25,"Ipswich","Leicester","Ipswich",NA,NA
"3852",467600,2001-12-25,"Newcastle","Middlesbrough","Newcastle",NA,NA
"3853",467601,2001-12-25,"Southampton","Tottenham","Southampton",NA,NA
"3854",467602,2001-12-25,"West Ham","Derby","West Ham",NA,NA
"3855",467603,2001-12-28,"Arsenal","Middlesbrough","Arsenal",NA,NA
"3856",467604,2001-12-28,"Aston Villa","Tottenham",NA,"Aston Villa","Tottenham"
"3857",467605,2001-12-28,"Blackburn","Derby","Derby",NA,NA
"3858",467606,2001-12-28,"Bolton","Leicester",NA,"Bolton","Leicester"
"3859",467607,2001-12-28,"Everton","Charlton","Charlton",NA,NA
"3860",467608,2001-12-28,"Ipswich","Sunderland","Ipswich",NA,NA
"3861",467609,2001-12-28,"Newcastle","Chelsea","Chelsea",NA,NA
"3862",467610,2001-12-28,"Southampton","Leeds","Leeds",NA,NA
"3863",467611,2001-12-28,"West Ham","Liverpool",NA,"West Ham","Liverpool"
"3864",467612,2001-12-29,"Fulham","Manchester United","Manchester United",NA,NA
"3865",467613,2001-12-31,"Charlton","Ipswich","Charlton",NA,NA
"3866",467614,2001-12-31,"Chelsea","Southampton","Southampton",NA,NA
"3867",467615,2001-12-31,"Leeds","West Ham","Leeds",NA,NA
"3868",467616,2001-12-31,"Liverpool","Bolton",NA,"Liverpool","Bolton"
"3869",467617,2001-12-31,"Middlesbrough","Everton","Middlesbrough",NA,NA
"3870",467618,2001-12-31,"Sunderland","Aston Villa",NA,"Sunderland","Aston Villa"
"3871",467619,2001-12-31,"Tottenham","Blackburn","Tottenham",NA,NA
"3872",467620,2002-01-01,"Derby","Fulham","Fulham",NA,NA
"3873",467621,2002-01-01,"Manchester United","Newcastle","Manchester United",NA,NA
"3874",467622,2002-01-08,"Southampton","Liverpool","Southampton",NA,NA
"3875",467623,2002-01-11,"Aston Villa","Derby","Aston Villa",NA,NA
"3876",467624,2002-01-11,"Blackburn","Charlton","Blackburn",NA,NA
"3877",467625,2002-01-11,"Bolton","Chelsea",NA,"Bolton","Chelsea"
"3878",467626,2002-01-11,"Everton","Sunderland","Everton",NA,NA
"3879",467627,2002-01-11,"Fulham","Middlesbrough","Fulham",NA,NA
"3880",467628,2002-01-11,"Ipswich","Tottenham","Ipswich",NA,NA
"3881",467629,2002-01-11,"Newcastle","Leeds","Newcastle",NA,NA
"3882",467630,2002-01-11,"West Ham","Leicester","West Ham",NA,NA
"3883",467631,2002-01-12,"Arsenal","Liverpool",NA,"Arsenal","Liverpool"
"3884",467632,2002-01-12,"Southampton","Manchester United","Manchester United",NA,NA
"3885",467633,2002-01-18,"Derby","Ipswich","Ipswich",NA,NA
"3886",467634,2002-01-18,"Leicester","Newcastle",NA,"Leicester","Newcastle"
"3887",467635,2002-01-18,"Liverpool","Southampton",NA,"Liverpool","Southampton"
"3888",467636,2002-01-18,"Manchester United","Blackburn","Manchester United",NA,NA
"3889",467637,2002-01-18,"Middlesbrough","Bolton",NA,"Middlesbrough","Bolton"
"3890",467638,2002-01-18,"Sunderland","Fulham",NA,"Sunderland","Fulham"
"3891",467639,2002-01-18,"Tottenham","Everton",NA,"Tottenham","Everton"
"3892",467640,2002-01-19,"Chelsea","West Ham","Chelsea",NA,NA
"3893",467641,2002-01-19,"Leeds","Arsenal",NA,"Leeds","Arsenal"
"3894",467642,2002-01-20,"Charlton","Aston Villa","Aston Villa",NA,NA
"3895",467643,2002-01-21,"Manchester United","Liverpool","Liverpool",NA,NA
"3896",467644,2002-01-22,"Leicester","Arsenal","Arsenal",NA,NA
"3897",467645,2002-01-28,"Bolton","Manchester United","Manchester United",NA,NA
"3898",467646,2002-01-28,"Charlton","Derby","Charlton",NA,NA
"3899",467647,2002-01-28,"Sunderland","Middlesbrough","Middlesbrough",NA,NA
"3900",467648,2002-01-29,"Aston Villa","Everton",NA,"Aston Villa","Everton"
"3901",467649,2002-01-29,"Blackburn","Arsenal","Arsenal",NA,NA
"3902",467650,2002-01-29,"Chelsea","Leeds","Chelsea",NA,NA
"3903",467651,2002-01-29,"Ipswich","Fulham","Ipswich",NA,NA
"3904",467652,2002-01-29,"Liverpool","Leicester","Liverpool",NA,NA
"3905",467653,2002-01-29,"Southampton","West Ham","Southampton",NA,NA
"3906",467654,2002-01-29,"Tottenham","Newcastle","Newcastle",NA,NA
"3907",467655,2002-02-01,"Arsenal","Southampton",NA,"Arsenal","Southampton"
"3908",467656,2002-02-01,"Derby","Tottenham","Derby",NA,NA
"3909",467657,2002-02-01,"Everton","Ipswich","Ipswich",NA,NA
"3910",467658,2002-02-01,"Fulham","Aston Villa",NA,"Fulham","Aston Villa"
"3911",467659,2002-02-01,"Leicester","Chelsea","Chelsea",NA,NA
"3912",467660,2002-02-01,"Manchester United","Sunderland","Manchester United",NA,NA
"3913",467661,2002-02-01,"Newcastle","Bolton","Newcastle",NA,NA
"3914",467662,2002-02-01,"West Ham","Blackburn","West Ham",NA,NA
"3915",467663,2002-02-02,"Leeds","Liverpool","Liverpool",NA,NA
"3916",467664,2002-02-02,"Middlesbrough","Charlton",NA,"Middlesbrough","Charlton"
"3917",467665,2002-02-08,"Aston Villa","Chelsea",NA,"Aston Villa","Chelsea"
"3918",467666,2002-02-08,"Bolton","West Ham","Bolton",NA,NA
"3919",467667,2002-02-08,"Derby","Sunderland","Sunderland",NA,NA
"3920",467668,2002-02-08,"Fulham","Blackburn","Fulham",NA,NA
"3921",467669,2002-02-08,"Ipswich","Liverpool","Liverpool",NA,NA
"3922",467670,2002-02-08,"Middlesbrough","Leeds",NA,"Middlesbrough","Leeds"
"3923",467671,2002-02-08,"Newcastle","Southampton","Newcastle",NA,NA
"3924",467672,2002-02-08,"Tottenham","Leicester","Tottenham",NA,NA
"3925",467673,2002-02-09,"Charlton","Manchester United","Manchester United",NA,NA
"3926",467674,2002-02-09,"Everton","Arsenal","Arsenal",NA,NA
"3927",467675,2002-02-18,"Middlesbrough","Fulham","Middlesbrough",NA,NA
"3928",467676,2002-02-22,"Arsenal","Fulham","Arsenal",NA,NA
"3929",467677,2002-02-22,"Leicester","Derby","Derby",NA,NA
"3930",467678,2002-02-22,"Liverpool","Everton",NA,"Liverpool","Everton"
"3931",467679,2002-02-22,"Manchester United","Aston Villa","Manchester United",NA,NA
"3932",467680,2002-02-22,"Southampton","Bolton",NA,"Southampton","Bolton"
"3933",467681,2002-02-22,"West Ham","Middlesbrough","West Ham",NA,NA
"3934",467682,2002-02-23,"Leeds","Charlton",NA,"Leeds","Charlton"
"3935",467683,2002-02-23,"Sunderland","Newcastle","Newcastle",NA,NA
"3936",467684,2002-03-01,"Aston Villa","West Ham","Aston Villa",NA,NA
"3937",467685,2002-03-01,"Bolton","Blackburn",NA,"Bolton","Blackburn"
"3938",467686,2002-03-01,"Charlton","Chelsea","Charlton",NA,NA
"3939",467687,2002-03-01,"Fulham","Liverpool","Liverpool",NA,NA
"3940",467688,2002-03-01,"Ipswich","Southampton","Southampton",NA,NA
"3941",467689,2002-03-01,"Middlesbrough","Leicester","Middlesbrough",NA,NA
"3942",467690,2002-03-01,"Newcastle","Arsenal","Arsenal",NA,NA
"3943",467691,2002-03-01,"Tottenham","Sunderland","Tottenham",NA,NA
"3944",467692,2002-03-02,"Derby","Manchester United",NA,"Derby","Manchester United"
"3945",467693,2002-03-02,"Everton","Leeds",NA,"Everton","Leeds"
"3946",467694,2002-03-04,"Arsenal","Derby","Arsenal",NA,NA
"3947",467695,2002-03-04,"Blackburn","Aston Villa","Blackburn",NA,NA
"3948",467696,2002-03-04,"Sunderland","Bolton","Sunderland",NA,NA
"3949",467697,2002-03-05,"Chelsea","Fulham","Chelsea",NA,NA
"3950",467698,2002-03-05,"Leeds","Ipswich","Leeds",NA,NA
"3951",467699,2002-03-05,"Liverpool","Newcastle","Liverpool",NA,NA
"3952",467700,2002-03-05,"Manchester United","Tottenham","Manchester United",NA,NA
"3953",467701,2002-03-05,"Southampton","Middlesbrough",NA,"Southampton","Middlesbrough"
"3954",467702,2002-03-05,"West Ham","Everton","West Ham",NA,NA
"3955",467703,2002-03-08,"Leicester","Charlton",NA,"Leicester","Charlton"
"3956",467704,2002-03-12,"Blackburn","Ipswich","Blackburn",NA,NA
"3957",467705,2002-03-12,"Chelsea","Tottenham","Chelsea",NA,NA
"3958",467706,2002-03-15,"Bolton","Derby","Derby",NA,NA
"3959",467707,2002-03-15,"Chelsea","Sunderland","Chelsea",NA,NA
"3960",467708,2002-03-15,"Everton","Fulham","Everton",NA,NA
"3961",467709,2002-03-15,"Middlesbrough","Liverpool","Liverpool",NA,NA
"3962",467710,2002-03-15,"Newcastle","Ipswich",NA,"Newcastle","Ipswich"
"3963",467711,2002-03-15,"Southampton","Leicester",NA,"Southampton","Leicester"
"3964",467712,2002-03-15,"West Ham","Manchester United","Manchester United",NA,NA
"3965",467713,2002-03-16,"Aston Villa","Arsenal","Arsenal",NA,NA
"3966",467714,2002-03-16,"Leeds","Blackburn","Leeds",NA,NA
"3967",467715,2002-03-17,"Tottenham","Charlton","Charlton",NA,NA
"3968",467716,2002-03-22,"Charlton","Bolton","Bolton",NA,NA
"3969",467717,2002-03-22,"Derby","Everton","Everton",NA,NA
"3970",467718,2002-03-22,"Ipswich","Aston Villa",NA,"Ipswich","Aston Villa"
"3971",467719,2002-03-22,"Leicester","Leeds","Leeds",NA,NA
"3972",467720,2002-03-22,"Manchester United","Middlesbrough","Middlesbrough",NA,NA
"3973",467721,2002-03-22,"Sunderland","Southampton",NA,"Sunderland","Southampton"
"3974",467722,2002-03-23,"Fulham","Tottenham","Tottenham",NA,NA
"3975",467723,2002-03-23,"Liverpool","Chelsea","Liverpool",NA,NA
"3976",467724,2002-03-28,"Newcastle","Everton","Newcastle",NA,NA
"3977",467725,2002-03-29,"Arsenal","Sunderland","Arsenal",NA,NA
"3978",467726,2002-03-29,"Bolton","Aston Villa","Bolton",NA,NA
"3979",467727,2002-03-29,"Chelsea","Derby","Chelsea",NA,NA
"3980",467728,2002-03-29,"Leeds","Manchester United","Manchester United",NA,NA
"3981",467729,2002-03-29,"Leicester","Blackburn","Leicester",NA,NA
"3982",467730,2002-03-29,"Liverpool","Charlton","Liverpool",NA,NA
"3983",467731,2002-03-29,"Middlesbrough","Tottenham",NA,"Middlesbrough","Tottenham"
"3984",467732,2002-03-29,"Southampton","Fulham",NA,"Southampton","Fulham"
"3985",467733,2002-03-29,"West Ham","Ipswich","West Ham",NA,NA
"3986",467734,2002-03-31,"Blackburn","Southampton","Blackburn",NA,NA
"3987",467735,2002-03-31,"Charlton","Arsenal","Arsenal",NA,NA
"3988",467736,2002-03-31,"Derby","Middlesbrough","Middlesbrough",NA,NA
"3989",467737,2002-03-31,"Everton","Bolton","Everton",NA,NA
"3990",467738,2002-03-31,"Fulham","West Ham","West Ham",NA,NA
"3991",467739,2002-03-31,"Ipswich","Chelsea",NA,"Ipswich","Chelsea"
"3992",467740,2002-03-31,"Sunderland","Leicester","Sunderland",NA,NA
"3993",467741,2002-03-31,"Tottenham","Leeds","Tottenham",NA,NA
"3994",467742,2002-04-01,"Aston Villa","Newcastle",NA,"Aston Villa","Newcastle"
"3995",467743,2002-04-05,"Arsenal","Tottenham","Arsenal",NA,NA
"3996",467744,2002-04-05,"Bolton","Ipswich","Bolton",NA,NA
"3997",467745,2002-04-05,"Chelsea","Everton","Chelsea",NA,NA
"3998",467746,2002-04-05,"Leicester","Manchester United","Manchester United",NA,NA
"3999",467747,2002-04-05,"Middlesbrough","Aston Villa","Middlesbrough",NA,NA
"4000",467748,2002-04-05,"Southampton","Derby","Southampton",NA,NA
"4001",467749,2002-04-05,"West Ham","Charlton","West Ham",NA,NA
"4002",467750,2002-04-06,"Leeds","Sunderland","Leeds",NA,NA
"4003",467751,2002-04-07,"Newcastle","Fulham",NA,"Newcastle","Fulham"
"4004",467752,2002-04-09,"Blackburn","Chelsea",NA,"Blackburn","Chelsea"
"4005",467753,2002-04-12,"Aston Villa","Leeds","Leeds",NA,NA
"4006",467754,2002-04-12,"Charlton","Southampton",NA,"Charlton","Southampton"
"4007",467755,2002-04-12,"Derby","Newcastle","Newcastle",NA,NA
"4008",467756,2002-04-12,"Everton","Leicester",NA,"Everton","Leicester"
"4009",467757,2002-04-12,"Sunderland","Liverpool","Liverpool",NA,NA
"4010",467758,2002-04-12,"Tottenham","West Ham",NA,"Tottenham","West Ham"
"4011",467759,2002-04-19,"Bolton","Tottenham",NA,"Bolton","Tottenham"
"4012",467760,2002-04-19,"Chelsea","Manchester United","Manchester United",NA,NA
"4013",467761,2002-04-19,"Leeds","Fulham","Fulham",NA,NA
"4014",467762,2002-04-19,"Leicester","Aston Villa",NA,"Leicester","Aston Villa"
"4015",467763,2002-04-19,"Liverpool","Derby","Liverpool",NA,NA
"4016",467764,2002-04-19,"Middlesbrough","Blackburn","Blackburn",NA,NA
"4017",467765,2002-04-19,"Newcastle","Charlton","Newcastle",NA,NA
"4018",467766,2002-04-19,"Southampton","Everton","Everton",NA,NA
"4019",467767,2002-04-19,"West Ham","Sunderland","West Ham",NA,NA
"4020",467768,2002-04-20,"Arsenal","Ipswich","Arsenal",NA,NA
"4021",467769,2002-04-22,"Blackburn","Newcastle",NA,"Blackburn","Newcastle"
"4022",467770,2002-04-22,"Fulham","Bolton","Fulham",NA,NA
"4023",467771,2002-04-23,"Arsenal","West Ham","Arsenal",NA,NA
"4024",467772,2002-04-23,"Ipswich","Middlesbrough","Ipswich",NA,NA
"4025",467773,2002-04-26,"Aston Villa","Southampton","Aston Villa",NA,NA
"4026",467774,2002-04-26,"Charlton","Sunderland",NA,"Charlton","Sunderland"
"4027",467775,2002-04-26,"Derby","Leeds","Leeds",NA,NA
"4028",467776,2002-04-26,"Fulham","Leicester",NA,"Fulham","Leicester"
"4029",467777,2002-04-26,"Ipswich","Manchester United","Manchester United",NA,NA
"4030",467778,2002-04-26,"Middlesbrough","Chelsea","Chelsea",NA,NA
"4031",467779,2002-04-26,"Newcastle","West Ham","Newcastle",NA,NA
"4032",467780,2002-04-26,"Tottenham","Liverpool","Tottenham",NA,NA
"4033",467781,2002-04-27,"Everton","Blackburn","Blackburn",NA,NA
"4034",467782,2002-04-28,"Bolton","Arsenal","Arsenal",NA,NA
"4035",467783,2002-05-07,"Liverpool","Blackburn","Liverpool",NA,NA
"4036",467784,2002-05-07,"Manchester United","Arsenal","Arsenal",NA,NA
"4037",467785,2002-05-10,"Arsenal","Everton","Arsenal",NA,NA
"4038",467786,2002-05-10,"Blackburn","Fulham","Blackburn",NA,NA
"4039",467787,2002-05-10,"Chelsea","Aston Villa","Aston Villa",NA,NA
"4040",467788,2002-05-10,"Leeds","Middlesbrough","Leeds",NA,NA
"4041",467789,2002-05-10,"Leicester","Tottenham","Leicester",NA,NA
"4042",467790,2002-05-10,"Liverpool","Ipswich","Liverpool",NA,NA
"4043",467791,2002-05-10,"Manchester United","Charlton",NA,"Manchester United","Charlton"
"4044",467792,2002-05-10,"Southampton","Newcastle","Southampton",NA,NA
"4045",467793,2002-05-10,"Sunderland","Derby",NA,"Sunderland","Derby"
"4046",467794,2002-05-10,"West Ham","Bolton","West Ham",NA,NA
"4047",467035,2002-08-16,"Blackburn","Sunderland",NA,"Blackburn","Sunderland"
"4048",467036,2002-08-16,"Charlton","Chelsea","Chelsea",NA,NA
"4049",467037,2002-08-16,"Everton","Tottenham",NA,"Everton","Tottenham"
"4050",467038,2002-08-16,"Fulham","Bolton","Fulham",NA,NA
"4051",467039,2002-08-16,"Leeds","Manchester City","Leeds",NA,NA
"4052",467040,2002-08-16,"Manchester United","West Brom","Manchester United",NA,NA
"4053",467041,2002-08-16,"Southampton","Middlesbrough",NA,"Southampton","Middlesbrough"
"4054",467042,2002-08-17,"Arsenal","Birmingham","Arsenal",NA,NA
"4055",467043,2002-08-17,"Aston Villa","Liverpool","Liverpool",NA,NA
"4056",467044,2002-08-18,"Newcastle","West Ham","Newcastle",NA,NA
"4057",467045,2002-08-22,"Chelsea","Manchester United",NA,"Chelsea","Manchester United"
"4058",467046,2002-08-23,"Birmingham","Blackburn","Blackburn",NA,NA
"4059",467047,2002-08-23,"Bolton","Charlton","Charlton",NA,NA
"4060",467048,2002-08-23,"Liverpool","Southampton","Liverpool",NA,NA
"4061",467049,2002-08-23,"Manchester City","Newcastle","Manchester City",NA,NA
"4062",467050,2002-08-23,"Middlesbrough","Fulham",NA,"Middlesbrough","Fulham"
"4063",467051,2002-08-23,"Sunderland","Everton","Everton",NA,NA
"4064",467052,2002-08-23,"Tottenham","Aston Villa","Tottenham",NA,NA
"4065",467053,2002-08-23,"West Brom","Leeds","Leeds",NA,NA
"4066",467054,2002-08-23,"West Ham","Arsenal",NA,"West Ham","Arsenal"
"4067",467055,2002-08-26,"Arsenal","West Brom","Arsenal",NA,NA
"4068",467056,2002-08-26,"Charlton","Tottenham","Tottenham",NA,NA
"4069",467057,2002-08-27,"Aston Villa","Manchester City","Aston Villa",NA,NA
"4070",467058,2002-08-27,"Blackburn","Liverpool",NA,"Blackburn","Liverpool"
"4071",467059,2002-08-27,"Everton","Birmingham",NA,"Everton","Birmingham"
"4072",467060,2002-08-27,"Leeds","Sunderland","Sunderland",NA,NA
"4073",467061,2002-08-27,"Southampton","Chelsea",NA,"Southampton","Chelsea"
"4074",467062,2002-08-30,"Birmingham","Leeds","Birmingham",NA,NA
"4075",467063,2002-08-30,"Manchester City","Everton","Manchester City",NA,NA
"4076",467064,2002-08-30,"Middlesbrough","Blackburn","Middlesbrough",NA,NA
"4077",467065,2002-08-30,"Sunderland","Manchester United",NA,"Sunderland","Manchester United"
"4078",467066,2002-08-30,"Tottenham","Southampton","Tottenham",NA,NA
"4079",467067,2002-08-30,"West Brom","Fulham","West Brom",NA,NA
"4080",467068,2002-08-30,"West Ham","Charlton","Charlton",NA,NA
"4081",467069,2002-08-31,"Bolton","Aston Villa","Bolton",NA,NA
"4082",467070,2002-08-31,"Chelsea","Arsenal",NA,"Chelsea","Arsenal"
"4083",467071,2002-09-01,"Liverpool","Newcastle",NA,"Liverpool","Newcastle"
"4084",467072,2002-09-02,"Manchester United","Middlesbrough","Manchester United",NA,NA
"4085",467073,2002-09-09,"Arsenal","Manchester City","Arsenal",NA,NA
"4086",467074,2002-09-09,"Middlesbrough","Sunderland","Middlesbrough",NA,NA
"4087",467075,2002-09-10,"Aston Villa","Charlton","Aston Villa",NA,NA
"4088",467076,2002-09-10,"Blackburn","Chelsea","Chelsea",NA,NA
"4089",467077,2002-09-10,"Fulham","Tottenham","Fulham",NA,NA
"4090",467078,2002-09-10,"Liverpool","Birmingham",NA,"Liverpool","Birmingham"
"4091",467079,2002-09-10,"Manchester United","Bolton","Bolton",NA,NA
"4092",467080,2002-09-10,"Newcastle","Leeds","Leeds",NA,NA
"4093",467081,2002-09-10,"Southampton","Everton","Southampton",NA,NA
"4094",467082,2002-09-10,"West Ham","West Brom","West Brom",NA,NA
"4095",467083,2002-09-13,"Bolton","Liverpool","Liverpool",NA,NA
"4096",467084,2002-09-13,"Charlton","Arsenal","Arsenal",NA,NA
"4097",467085,2002-09-13,"Chelsea","Newcastle","Chelsea",NA,NA
"4098",467086,2002-09-13,"Everton","Middlesbrough","Everton",NA,NA
"4099",467087,2002-09-13,"Leeds","Manchester United","Leeds",NA,NA
"4100",467088,2002-09-13,"Sunderland","Fulham","Fulham",NA,NA
"4101",467089,2002-09-13,"West Brom","Southampton","West Brom",NA,NA
"4102",467090,2002-09-14,"Manchester City","Blackburn",NA,"Manchester City","Blackburn"
"4103",467091,2002-09-14,"Tottenham","West Ham","Tottenham",NA,NA
"4104",467092,2002-09-15,"Birmingham","Aston Villa","Birmingham",NA,NA
"4105",467093,2002-09-20,"Arsenal","Bolton","Arsenal",NA,NA
"4106",467094,2002-09-20,"Liverpool","West Brom","Liverpool",NA,NA
"4107",467095,2002-09-20,"Manchester United","Tottenham","Manchester United",NA,NA
"4108",467096,2002-09-20,"Middlesbrough","Birmingham","Middlesbrough",NA,NA
"4109",467097,2002-09-20,"Newcastle","Sunderland","Newcastle",NA,NA
"4110",467098,2002-09-20,"Southampton","Charlton",NA,"Southampton","Charlton"
"4111",467099,2002-09-20,"West Ham","Manchester City",NA,"West Ham","Manchester City"
"4112",467100,2002-09-21,"Aston Villa","Everton","Aston Villa",NA,NA
"4113",467101,2002-09-21,"Blackburn","Leeds","Blackburn",NA,NA
"4114",467102,2002-09-22,"Fulham","Chelsea",NA,"Fulham","Chelsea"
"4115",467103,2002-09-27,"Birmingham","Newcastle","Newcastle",NA,NA
"4116",467104,2002-09-27,"Bolton","Southampton",NA,"Bolton","Southampton"
"4117",467105,2002-09-27,"Charlton","Manchester United","Manchester United",NA,NA
"4118",467106,2002-09-27,"Chelsea","West Ham","West Ham",NA,NA
"4119",467107,2002-09-27,"Everton","Fulham","Everton",NA,NA
"4120",467108,2002-09-27,"Leeds","Arsenal","Arsenal",NA,NA
"4121",467109,2002-09-27,"Manchester City","Liverpool","Liverpool",NA,NA
"4122",467110,2002-09-27,"Sunderland","Aston Villa","Sunderland",NA,NA
"4123",467111,2002-09-27,"Tottenham","Middlesbrough","Middlesbrough",NA,NA
"4124",467112,2002-09-29,"West Brom","Blackburn","Blackburn",NA,NA
"4125",467113,2002-10-04,"Middlesbrough","Bolton","Middlesbrough",NA,NA
"4126",467114,2002-10-04,"Newcastle","West Brom","Newcastle",NA,NA
"4127",467115,2002-10-04,"Southampton","Manchester City","Southampton",NA,NA
"4128",467116,2002-10-04,"West Ham","Birmingham","Birmingham",NA,NA
"4129",467117,2002-10-05,"Arsenal","Sunderland","Arsenal",NA,NA
"4130",467118,2002-10-05,"Aston Villa","Leeds",NA,"Aston Villa","Leeds"
"4131",467119,2002-10-05,"Blackburn","Tottenham","Tottenham",NA,NA
"4132",467120,2002-10-05,"Fulham","Charlton","Fulham",NA,NA
"4133",467121,2002-10-05,"Liverpool","Chelsea","Liverpool",NA,NA
"4134",467122,2002-10-06,"Manchester United","Everton","Manchester United",NA,NA
"4135",467123,2002-10-18,"Blackburn","Newcastle","Blackburn",NA,NA
"4136",467124,2002-10-18,"Everton","Arsenal","Everton",NA,NA
"4137",467125,2002-10-18,"Fulham","Manchester United",NA,"Fulham","Manchester United"
"4138",467126,2002-10-18,"Leeds","Liverpool","Liverpool",NA,NA
"4139",467127,2002-10-18,"Manchester City","Chelsea","Chelsea",NA,NA
"4140",467128,2002-10-18,"Sunderland","West Ham","West Ham",NA,NA
"4141",467129,2002-10-18,"West Brom","Birmingham",NA,"West Brom","Birmingham"
"4142",467130,2002-10-19,"Charlton","Middlesbrough","Charlton",NA,NA
"4143",467131,2002-10-19,"Tottenham","Bolton","Tottenham",NA,NA
"4144",467132,2002-10-20,"Aston Villa","Southampton","Southampton",NA,NA
"4145",467133,2002-10-22,"Fulham","West Ham","West Ham",NA,NA
"4146",467134,2002-10-25,"Arsenal","Blackburn","Blackburn",NA,NA
"4147",467135,2002-10-25,"Birmingham","Manchester City","Manchester City",NA,NA
"4148",467136,2002-10-25,"Chelsea","West Brom","Chelsea",NA,NA
"4149",467137,2002-10-25,"Liverpool","Tottenham","Liverpool",NA,NA
"4150",467138,2002-10-25,"Manchester United","Aston Villa",NA,"Manchester United","Aston Villa"
"4151",467139,2002-10-25,"Middlesbrough","Leeds",NA,"Middlesbrough","Leeds"
"4152",467140,2002-10-25,"Newcastle","Charlton","Newcastle",NA,NA
"4153",467141,2002-10-26,"Southampton","Fulham","Southampton",NA,NA
"4154",467142,2002-10-26,"West Ham","Everton","Everton",NA,NA
"4155",467143,2002-10-27,"Bolton","Sunderland",NA,"Bolton","Sunderland"
"4156",467144,2002-11-01,"Birmingham","Bolton","Birmingham",NA,NA
"4157",467145,2002-11-01,"Liverpool","West Ham","Liverpool",NA,NA
"4158",467146,2002-11-01,"Manchester United","Southampton","Manchester United",NA,NA
"4159",467147,2002-11-01,"West Brom","Manchester City","Manchester City",NA,NA
"4160",467148,2002-11-02,"Blackburn","Aston Villa",NA,"Blackburn","Aston Villa"
"4161",467149,2002-11-02,"Charlton","Sunderland",NA,"Charlton","Sunderland"
"4162",467150,2002-11-02,"Fulham","Arsenal","Arsenal",NA,NA
"4163",467151,2002-11-02,"Leeds","Everton","Everton",NA,NA
"4164",467152,2002-11-02,"Tottenham","Chelsea",NA,"Tottenham","Chelsea"
"4165",467153,2002-11-03,"Newcastle","Middlesbrough","Newcastle",NA,NA
"4166",467154,2002-11-08,"Arsenal","Newcastle","Arsenal",NA,NA
"4167",467155,2002-11-08,"Aston Villa","Fulham","Aston Villa",NA,NA
"4168",467156,2002-11-08,"Bolton","West Brom",NA,"Bolton","West Brom"
"4169",467157,2002-11-08,"Chelsea","Birmingham","Chelsea",NA,NA
"4170",467158,2002-11-08,"Everton","Charlton","Everton",NA,NA
"4171",467159,2002-11-08,"Manchester City","Manchester United","Manchester City",NA,NA
"4172",467160,2002-11-08,"Middlesbrough","Liverpool","Middlesbrough",NA,NA
"4173",467161,2002-11-08,"Southampton","Blackburn",NA,"Southampton","Blackburn"
"4174",467162,2002-11-09,"Sunderland","Tottenham","Sunderland",NA,NA
"4175",467163,2002-11-09,"West Ham","Leeds","Leeds",NA,NA
"4176",467164,2002-11-15,"Arsenal","Tottenham","Arsenal",NA,NA
"4177",467165,2002-11-15,"Chelsea","Middlesbrough","Chelsea",NA,NA
"4178",467166,2002-11-15,"Manchester City","Charlton","Charlton",NA,NA
"4179",467167,2002-11-15,"Newcastle","Southampton","Newcastle",NA,NA
"4180",467168,2002-11-15,"West Brom","Aston Villa",NA,"West Brom","Aston Villa"
"4181",467169,2002-11-16,"Birmingham","Fulham",NA,"Birmingham","Fulham"
"4182",467170,2002-11-16,"Blackburn","Everton","Everton",NA,NA
"4183",467171,2002-11-16,"Leeds","Bolton","Bolton",NA,NA
"4184",467172,2002-11-16,"Liverpool","Sunderland",NA,"Liverpool","Sunderland"
"4185",467173,2002-11-16,"West Ham","Manchester United",NA,"West Ham","Manchester United"
"4186",467174,2002-11-22,"Aston Villa","West Ham","Aston Villa",NA,NA
"4187",467175,2002-11-22,"Bolton","Chelsea",NA,"Bolton","Chelsea"
"4188",467176,2002-11-22,"Everton","West Brom","Everton",NA,NA
"4189",467177,2002-11-22,"Fulham","Liverpool","Fulham",NA,NA
"4190",467178,2002-11-22,"Manchester United","Newcastle","Manchester United",NA,NA
"4191",467179,2002-11-22,"Middlesbrough","Manchester City","Middlesbrough",NA,NA
"4192",467180,2002-11-22,"Southampton","Arsenal","Southampton",NA,NA
"4193",467181,2002-11-22,"Sunderland","Birmingham","Birmingham",NA,NA
"4194",467182,2002-11-23,"Charlton","Blackburn","Charlton",NA,NA
"4195",467183,2002-11-23,"Tottenham","Leeds","Tottenham",NA,NA
"4196",467184,2002-11-29,"Arsenal","Aston Villa","Arsenal",NA,NA
"4197",467185,2002-11-29,"Birmingham","Tottenham",NA,"Birmingham","Tottenham"
"4198",467186,2002-11-29,"Blackburn","Fulham","Blackburn",NA,NA
"4199",467187,2002-11-29,"Chelsea","Sunderland","Chelsea",NA,NA
"4200",467188,2002-11-29,"Manchester City","Bolton","Manchester City",NA,NA
"4201",467189,2002-11-29,"West Brom","Middlesbrough","West Brom",NA,NA
"4202",467190,2002-11-30,"Leeds","Charlton","Charlton",NA,NA
"4203",467191,2002-11-30,"Liverpool","Manchester United","Manchester United",NA,NA
"4204",467192,2002-11-30,"Newcastle","Everton","Newcastle",NA,NA
"4205",467193,2002-12-01,"West Ham","Southampton","Southampton",NA,NA
"4206",467194,2002-12-06,"Aston Villa","Newcastle","Newcastle",NA,NA
"4207",467195,2002-12-06,"Bolton","Blackburn",NA,"Bolton","Blackburn"
"4208",467196,2002-12-06,"Charlton","Liverpool","Charlton",NA,NA
"4209",467197,2002-12-06,"Everton","Chelsea","Chelsea",NA,NA
"4210",467198,2002-12-06,"Fulham","Leeds","Fulham",NA,NA
"4211",467199,2002-12-06,"Manchester United","Arsenal","Manchester United",NA,NA
"4212",467200,2002-12-06,"Middlesbrough","West Ham",NA,"Middlesbrough","West Ham"
"4213",467201,2002-12-06,"Southampton","Birmingham","Southampton",NA,NA
"4214",467202,2002-12-07,"Tottenham","West Brom","Tottenham",NA,NA
"4215",467203,2002-12-08,"Sunderland","Manchester City","Manchester City",NA,NA
"4216",467204,2002-12-13,"Aston Villa","West Brom","Aston Villa",NA,NA
"4217",467205,2002-12-13,"Charlton","Manchester City",NA,"Charlton","Manchester City"
"4218",467206,2002-12-13,"Everton","Blackburn","Everton",NA,NA
"4219",467207,2002-12-13,"Manchester United","West Ham","Manchester United",NA,NA
"4220",467208,2002-12-13,"Middlesbrough","Chelsea",NA,"Middlesbrough","Chelsea"
"4221",467209,2002-12-13,"Southampton","Newcastle",NA,"Southampton","Newcastle"
"4222",467210,2002-12-14,"Fulham","Birmingham","Birmingham",NA,NA
"4223",467211,2002-12-14,"Sunderland","Liverpool","Sunderland",NA,NA
"4224",467212,2002-12-14,"Tottenham","Arsenal",NA,"Tottenham","Arsenal"
"4225",467213,2002-12-15,"Bolton","Leeds","Leeds",NA,NA
"4226",467214,2002-12-20,"Arsenal","Middlesbrough","Arsenal",NA,NA
"4227",467215,2002-12-20,"Birmingham","Charlton",NA,"Birmingham","Charlton"
"4228",467216,2002-12-20,"Chelsea","Aston Villa","Chelsea",NA,NA
"4229",467217,2002-12-20,"Leeds","Southampton",NA,"Leeds","Southampton"
"4230",467218,2002-12-20,"Newcastle","Fulham","Newcastle",NA,NA
"4231",467219,2002-12-20,"West Brom","Sunderland",NA,"West Brom","Sunderland"
"4232",467220,2002-12-20,"West Ham","Bolton",NA,"West Ham","Bolton"
"4233",467221,2002-12-21,"Blackburn","Manchester United","Blackburn",NA,NA
"4234",467222,2002-12-21,"Liverpool","Everton",NA,"Liverpool","Everton"
"4235",467223,2002-12-22,"Manchester City","Tottenham","Tottenham",NA,NA
"4236",467224,2002-12-25,"Birmingham","Everton",NA,"Birmingham","Everton"
"4237",467225,2002-12-25,"Bolton","Newcastle","Bolton",NA,NA
"4238",467226,2002-12-25,"Chelsea","Southampton",NA,"Chelsea","Southampton"
"4239",467227,2002-12-25,"Liverpool","Blackburn",NA,"Liverpool","Blackburn"
"4240",467228,2002-12-25,"Manchester City","Aston Villa","Manchester City",NA,NA
"4241",467229,2002-12-25,"Middlesbrough","Manchester United","Middlesbrough",NA,NA
"4242",467230,2002-12-25,"Sunderland","Leeds","Leeds",NA,NA
"4243",467231,2002-12-25,"Tottenham","Charlton",NA,"Tottenham","Charlton"
"4244",467232,2002-12-25,"West Brom","Arsenal","Arsenal",NA,NA
"4245",467233,2002-12-25,"West Ham","Fulham",NA,"West Ham","Fulham"
"4246",467234,2002-12-27,"Aston Villa","Middlesbrough","Aston Villa",NA,NA
"4247",467235,2002-12-27,"Blackburn","West Ham",NA,"Blackburn","West Ham"
"4248",467236,2002-12-27,"Charlton","West Brom","Charlton",NA,NA
"4249",467237,2002-12-27,"Everton","Bolton",NA,"Everton","Bolton"
"4250",467238,2002-12-27,"Fulham","Manchester City","Manchester City",NA,NA
"4251",467239,2002-12-27,"Leeds","Chelsea","Leeds",NA,NA
"4252",467240,2002-12-27,"Manchester United","Birmingham","Manchester United",NA,NA
"4253",467241,2002-12-27,"Southampton","Sunderland","Southampton",NA,NA
"4254",467242,2002-12-28,"Arsenal","Liverpool",NA,"Arsenal","Liverpool"
"4255",467243,2002-12-28,"Newcastle","Tottenham","Newcastle",NA,NA
"4256",467244,2002-12-31,"Arsenal","Chelsea","Arsenal",NA,NA
"4257",467245,2002-12-31,"Aston Villa","Bolton","Aston Villa",NA,NA
"4258",467246,2002-12-31,"Blackburn","Middlesbrough","Blackburn",NA,NA
"4259",467247,2002-12-31,"Everton","Manchester City",NA,"Everton","Manchester City"
"4260",467248,2002-12-31,"Leeds","Birmingham","Leeds",NA,NA
"4261",467249,2002-12-31,"Manchester United","Sunderland","Manchester United",NA,NA
"4262",467250,2002-12-31,"Newcastle","Liverpool","Newcastle",NA,NA
"4263",467251,2002-12-31,"Southampton","Tottenham","Southampton",NA,NA
"4264",467252,2003-01-10,"Bolton","Fulham",NA,"Bolton","Fulham"
"4265",467253,2003-01-10,"Chelsea","Charlton","Chelsea",NA,NA
"4266",467254,2003-01-10,"Liverpool","Aston Villa",NA,"Liverpool","Aston Villa"
"4267",467255,2003-01-10,"Manchester City","Leeds","Manchester City",NA,NA
"4268",467256,2003-01-10,"Middlesbrough","Southampton",NA,"Middlesbrough","Southampton"
"4269",467257,2003-01-10,"Sunderland","Blackburn",NA,"Sunderland","Blackburn"
"4270",467258,2003-01-10,"West Brom","Manchester United","Manchester United",NA,NA
"4271",467259,2003-01-10,"West Ham","Newcastle",NA,"West Ham","Newcastle"
"4272",467260,2003-01-11,"Birmingham","Arsenal","Arsenal",NA,NA
"4273",467261,2003-01-11,"Tottenham","Everton","Tottenham",NA,NA
"4274",467262,2003-01-17,"Aston Villa","Tottenham","Tottenham",NA,NA
"4275",467263,2003-01-17,"Blackburn","Birmingham",NA,"Blackburn","Birmingham"
"4276",467264,2003-01-17,"Charlton","Bolton",NA,"Charlton","Bolton"
"4277",467265,2003-01-17,"Everton","Sunderland","Everton",NA,NA
"4278",467266,2003-01-17,"Leeds","West Brom",NA,"Leeds","West Brom"
"4279",467267,2003-01-17,"Manchester United","Chelsea","Manchester United",NA,NA
"4280",467268,2003-01-17,"Newcastle","Manchester City","Newcastle",NA,NA
"4281",467269,2003-01-17,"Southampton","Liverpool","Liverpool",NA,NA
"4282",467270,2003-01-18,"Arsenal","West Ham","Arsenal",NA,NA
"4283",467271,2003-01-18,"Fulham","Middlesbrough","Fulham",NA,NA
"4284",467272,2003-01-21,"Charlton","West Ham","Charlton",NA,NA
"4285",467273,2003-01-21,"Newcastle","Bolton","Newcastle",NA,NA
"4286",467274,2003-01-27,"Bolton","Everton","Everton",NA,NA
"4287",467275,2003-01-27,"Chelsea","Leeds","Chelsea",NA,NA
"4288",467276,2003-01-27,"Middlesbrough","Aston Villa","Aston Villa",NA,NA
"4289",467277,2003-01-27,"Sunderland","Southampton","Southampton",NA,NA
"4290",467278,2003-01-28,"Liverpool","Arsenal",NA,"Liverpool","Arsenal"
"4291",467279,2003-01-28,"Manchester City","Fulham","Manchester City",NA,NA
"4292",467280,2003-01-28,"Tottenham","Newcastle","Newcastle",NA,NA
"4293",467281,2003-01-28,"West Brom","Charlton","Charlton",NA,NA
"4294",467282,2003-01-28,"West Ham","Blackburn","West Ham",NA,NA
"4295",467283,2003-01-31,"Arsenal","Fulham","Arsenal",NA,NA
"4296",467284,2003-01-31,"Bolton","Birmingham","Bolton",NA,NA
"4297",467285,2003-01-31,"Chelsea","Tottenham",NA,"Chelsea","Tottenham"
"4298",467286,2003-01-31,"Everton","Leeds","Everton",NA,NA
"4299",467287,2003-01-31,"Manchester City","West Brom","West Brom",NA,NA
"4300",467288,2003-01-31,"Southampton","Manchester United","Manchester United",NA,NA
"4301",467289,2003-01-31,"Sunderland","Charlton","Charlton",NA,NA
"4302",467290,2003-02-01,"Aston Villa","Blackburn","Aston Villa",NA,NA
"4303",467291,2003-02-01,"West Ham","Liverpool","Liverpool",NA,NA
"4304",467292,2003-02-03,"Birmingham","Manchester United","Manchester United",NA,NA
"4305",467293,2003-02-07,"Birmingham","Chelsea","Chelsea",NA,NA
"4306",467294,2003-02-07,"Blackburn","Southampton","Blackburn",NA,NA
"4307",467295,2003-02-07,"Charlton","Everton","Charlton",NA,NA
"4308",467296,2003-02-07,"Fulham","Aston Villa","Fulham",NA,NA
"4309",467297,2003-02-07,"Leeds","West Ham","Leeds",NA,NA
"4310",467298,2003-02-07,"Liverpool","Middlesbrough",NA,"Liverpool","Middlesbrough"
"4311",467299,2003-02-07,"Tottenham","Sunderland","Tottenham",NA,NA
"4312",467300,2003-02-07,"West Brom","Bolton",NA,"West Brom","Bolton"
"4313",467301,2003-02-08,"Manchester United","Manchester City",NA,"Manchester United","Manchester City"
"4314",467302,2003-02-08,"Newcastle","Arsenal",NA,"Newcastle","Arsenal"
"4315",467303,2003-02-18,"Fulham","West Brom","Fulham",NA,NA
"4316",467304,2003-02-21,"Bolton","Manchester United",NA,"Bolton","Manchester United"
"4317",467305,2003-02-21,"Charlton","Aston Villa","Charlton",NA,NA
"4318",467306,2003-02-21,"Chelsea","Blackburn","Blackburn",NA,NA
"4319",467307,2003-02-21,"Everton","Southampton","Everton",NA,NA
"4320",467308,2003-02-21,"Leeds","Newcastle","Newcastle",NA,NA
"4321",467309,2003-02-21,"Manchester City","Arsenal","Arsenal",NA,NA
"4322",467310,2003-02-21,"Sunderland","Middlesbrough","Middlesbrough",NA,NA
"4323",467311,2003-02-22,"Birmingham","Liverpool","Birmingham",NA,NA
"4324",467312,2003-02-22,"West Brom","West Ham","West Ham",NA,NA
"4325",467313,2003-02-23,"Tottenham","Fulham",NA,"Tottenham","Fulham"
"4326",467314,2003-02-28,"Blackburn","Manchester City","Blackburn",NA,NA
"4327",467315,2003-02-28,"Fulham","Sunderland","Fulham",NA,NA
"4328",467316,2003-02-28,"Middlesbrough","Everton",NA,"Middlesbrough","Everton"
"4329",467317,2003-02-28,"Newcastle","Chelsea","Newcastle",NA,NA
"4330",467318,2003-02-28,"Southampton","West Brom","Southampton",NA,NA
"4331",467319,2003-02-28,"West Ham","Tottenham","West Ham",NA,NA
"4332",467320,2003-03-01,"Arsenal","Charlton","Arsenal",NA,NA
"4333",467321,2003-03-02,"Aston Villa","Birmingham","Birmingham",NA,NA
"4334",467322,2003-03-04,"Manchester United","Leeds","Manchester United",NA,NA
"4335",467323,2003-03-04,"Middlesbrough","Newcastle","Middlesbrough",NA,NA
"4336",467324,2003-03-07,"Liverpool","Bolton","Liverpool",NA,NA
"4337",467325,2003-03-14,"Aston Villa","Manchester United","Manchester United",NA,NA
"4338",467326,2003-03-14,"Blackburn","Arsenal","Blackburn",NA,NA
"4339",467327,2003-03-14,"Charlton","Newcastle","Newcastle",NA,NA
"4340",467328,2003-03-14,"Everton","West Ham",NA,"Everton","West Ham"
"4341",467329,2003-03-14,"Fulham","Southampton",NA,"Fulham","Southampton"
"4342",467330,2003-03-14,"Leeds","Middlesbrough","Middlesbrough",NA,NA
"4343",467331,2003-03-14,"Sunderland","Bolton","Bolton",NA,NA
"4344",467332,2003-03-15,"Manchester City","Birmingham","Manchester City",NA,NA
"4345",467333,2003-03-15,"Tottenham","Liverpool","Liverpool",NA,NA
"4346",467334,2003-03-15,"West Brom","Chelsea","Chelsea",NA,NA
"4347",467335,2003-03-21,"Birmingham","West Brom","Birmingham",NA,NA
"4348",467336,2003-03-21,"Chelsea","Manchester City","Chelsea",NA,NA
"4349",467337,2003-03-21,"Manchester United","Fulham","Manchester United",NA,NA
"4350",467338,2003-03-21,"Middlesbrough","Charlton",NA,"Middlesbrough","Charlton"
"4351",467339,2003-03-21,"Newcastle","Blackburn","Newcastle",NA,NA
"4352",467340,2003-03-21,"Southampton","Aston Villa",NA,"Southampton","Aston Villa"
"4353",467341,2003-03-21,"West Ham","Sunderland","West Ham",NA,NA
"4354",467342,2003-03-22,"Arsenal","Everton","Arsenal",NA,NA
"4355",467343,2003-03-22,"Liverpool","Leeds","Liverpool",NA,NA
"4356",467344,2003-03-23,"Bolton","Tottenham","Bolton",NA,NA
"4357",467345,2003-04-04,"Aston Villa","Arsenal",NA,"Aston Villa","Arsenal"
"4358",467346,2003-04-04,"Bolton","Manchester City","Bolton",NA,NA
"4359",467347,2003-04-04,"Charlton","Leeds","Leeds",NA,NA
"4360",467348,2003-04-04,"Manchester United","Liverpool","Manchester United",NA,NA
"4361",467349,2003-04-04,"Middlesbrough","West Brom","Middlesbrough",NA,NA
"4362",467350,2003-04-04,"Southampton","West Ham",NA,"Southampton","West Ham"
"4363",467351,2003-04-04,"Sunderland","Chelsea","Chelsea",NA,NA
"4364",467352,2003-04-04,"Tottenham","Birmingham","Tottenham",NA,NA
"4365",467353,2003-04-05,"Everton","Newcastle","Everton",NA,NA
"4366",467354,2003-04-06,"Fulham","Blackburn","Blackburn",NA,NA
"4367",467355,2003-04-11,"Birmingham","Sunderland","Birmingham",NA,NA
"4368",467356,2003-04-11,"Blackburn","Charlton","Blackburn",NA,NA
"4369",467357,2003-04-11,"Chelsea","Bolton","Chelsea",NA,NA
"4370",467358,2003-04-11,"Leeds","Tottenham",NA,"Leeds","Tottenham"
"4371",467359,2003-04-11,"Liverpool","Fulham","Liverpool",NA,NA
"4372",467360,2003-04-11,"Manchester City","Middlesbrough",NA,"Manchester City","Middlesbrough"
"4373",467362,2003-04-11,"West Brom","Everton","Everton",NA,NA
"4374",467363,2003-04-11,"West Ham","Aston Villa",NA,"West Ham","Aston Villa"
"4375",467361,2003-04-11,"Newcastle","Manchester United","Manchester United",NA,NA
"4376",467364,2003-04-15,"Arsenal","Manchester United",NA,"Arsenal","Manchester United"
"4377",467365,2003-04-17,"Tottenham","Manchester City","Manchester City",NA,NA
"4378",467366,2003-04-18,"Aston Villa","Chelsea","Aston Villa",NA,NA
"4379",467367,2003-04-18,"Bolton","West Ham","Bolton",NA,NA
"4380",467368,2003-04-18,"Charlton","Birmingham","Birmingham",NA,NA
"4381",467369,2003-04-18,"Everton","Liverpool","Liverpool",NA,NA
"4382",467370,2003-04-18,"Fulham","Newcastle","Fulham",NA,NA
"4383",467371,2003-04-18,"Manchester United","Blackburn","Manchester United",NA,NA
"4384",467372,2003-04-18,"Middlesbrough","Arsenal","Arsenal",NA,NA
"4385",467373,2003-04-18,"Southampton","Leeds","Southampton",NA,NA
"4386",467374,2003-04-18,"Sunderland","West Brom","West Brom",NA,NA
"4387",467375,2003-04-20,"Birmingham","Southampton","Birmingham",NA,NA
"4388",467376,2003-04-20,"Blackburn","Bolton",NA,"Blackburn","Bolton"
"4389",467377,2003-04-20,"Chelsea","Everton","Chelsea",NA,NA
"4390",467378,2003-04-20,"Liverpool","Charlton","Liverpool",NA,NA
"4391",467379,2003-04-20,"Manchester City","Sunderland","Manchester City",NA,NA
"4392",467380,2003-04-20,"Newcastle","Aston Villa",NA,"Newcastle","Aston Villa"
"4393",467381,2003-04-20,"West Brom","Tottenham","Tottenham",NA,NA
"4394",467382,2003-04-20,"West Ham","Middlesbrough","West Ham",NA,NA
"4395",467383,2003-04-21,"Leeds","Fulham","Leeds",NA,NA
"4396",467384,2003-04-25,"Birmingham","Middlesbrough","Birmingham",NA,NA
"4397",467385,2003-04-25,"Bolton","Arsenal",NA,"Bolton","Arsenal"
"4398",467386,2003-04-25,"Charlton","Southampton","Charlton",NA,NA
"4399",467387,2003-04-25,"Chelsea","Fulham",NA,"Chelsea","Fulham"
"4400",467388,2003-04-25,"Everton","Aston Villa","Everton",NA,NA
"4401",467389,2003-04-25,"Leeds","Blackburn","Blackburn",NA,NA
"4402",467390,2003-04-25,"Sunderland","Newcastle","Newcastle",NA,NA
"4403",467391,2003-04-25,"West Brom","Liverpool","Liverpool",NA,NA
"4404",467392,2003-04-26,"Manchester City","West Ham","West Ham",NA,NA
"4405",467393,2003-04-26,"Tottenham","Manchester United","Manchester United",NA,NA
"4406",467394,2003-05-02,"Aston Villa","Sunderland","Aston Villa",NA,NA
"4407",467395,2003-05-02,"Blackburn","West Brom",NA,"Blackburn","West Brom"
"4408",467396,2003-05-02,"Fulham","Everton","Fulham",NA,NA
"4409",467397,2003-05-02,"Liverpool","Manchester City","Manchester City",NA,NA
"4410",467398,2003-05-02,"Manchester United","Charlton","Manchester United",NA,NA
"4411",467399,2003-05-02,"Middlesbrough","Tottenham","Middlesbrough",NA,NA
"4412",467400,2003-05-02,"Newcastle","Birmingham","Newcastle",NA,NA
"4413",467401,2003-05-02,"Southampton","Bolton",NA,"Southampton","Bolton"
"4414",467402,2003-05-02,"West Ham","Chelsea","West Ham",NA,NA
"4415",467403,2003-05-03,"Arsenal","Leeds","Leeds",NA,NA
"4416",467404,2003-05-06,"Arsenal","Southampton","Arsenal",NA,NA
"4417",467405,2003-05-10,"Birmingham","West Ham",NA,"Birmingham","West Ham"
"4418",467406,2003-05-10,"Bolton","Middlesbrough","Bolton",NA,NA
"4419",467407,2003-05-10,"Charlton","Fulham","Fulham",NA,NA
"4420",467408,2003-05-10,"Chelsea","Liverpool","Chelsea",NA,NA
"4421",467409,2003-05-10,"Everton","Manchester United","Manchester United",NA,NA
"4422",467410,2003-05-10,"Leeds","Aston Villa","Leeds",NA,NA
"4423",467411,2003-05-10,"Manchester City","Southampton","Southampton",NA,NA
"4424",467412,2003-05-10,"Sunderland","Arsenal","Arsenal",NA,NA
"4425",467413,2003-05-10,"Tottenham","Blackburn","Blackburn",NA,NA
"4426",467414,2003-05-10,"West Brom","Newcastle",NA,"West Brom","Newcastle"
"4427",466582,2003-08-15,"Arsenal","Everton","Arsenal",NA,NA
"4428",466583,2003-08-15,"Birmingham","Tottenham","Birmingham",NA,NA
"4429",466584,2003-08-15,"Blackburn","Wolves","Blackburn",NA,NA
"4430",466585,2003-08-15,"Fulham","Middlesbrough","Fulham",NA,NA
"4431",466586,2003-08-15,"Leicester","Southampton",NA,"Leicester","Southampton"
"4432",466587,2003-08-15,"Manchester United","Bolton","Manchester United",NA,NA
"4433",466588,2003-08-15,"Portsmouth","Aston Villa","Portsmouth",NA,NA
"4434",466589,2003-08-16,"Charlton","Manchester City","Manchester City",NA,NA
"4435",466590,2003-08-16,"Leeds","Newcastle",NA,"Leeds","Newcastle"
"4436",466591,2003-08-16,"Liverpool","Chelsea","Chelsea",NA,NA
"4437",466592,2003-08-22,"Bolton","Blackburn",NA,"Bolton","Blackburn"
"4438",466593,2003-08-22,"Chelsea","Leicester","Chelsea",NA,NA
"4439",466594,2003-08-22,"Everton","Fulham","Everton",NA,NA
"4440",466595,2003-08-22,"Manchester City","Portsmouth",NA,"Manchester City","Portsmouth"
"4441",466596,2003-08-22,"Newcastle","Manchester United","Manchester United",NA,NA
"4442",466597,2003-08-22,"Southampton","Birmingham",NA,"Southampton","Birmingham"
"4443",466598,2003-08-22,"Tottenham","Leeds","Tottenham",NA,NA
"4444",466599,2003-08-22,"Wolves","Charlton","Charlton",NA,NA
"4445",466600,2003-08-23,"Aston Villa","Liverpool",NA,"Aston Villa","Liverpool"
"4446",466601,2003-08-23,"Middlesbrough","Arsenal","Arsenal",NA,NA
"4447",466602,2003-08-24,"Blackburn","Manchester City","Manchester City",NA,NA
"4448",466603,2003-08-25,"Charlton","Everton",NA,"Charlton","Everton"
"4449",466604,2003-08-25,"Leeds","Southampton",NA,"Leeds","Southampton"
"4450",466605,2003-08-25,"Leicester","Middlesbrough",NA,"Leicester","Middlesbrough"
"4451",466606,2003-08-25,"Portsmouth","Bolton","Portsmouth",NA,NA
"4452",466607,2003-08-26,"Arsenal","Aston Villa","Arsenal",NA,NA
"4453",466608,2003-08-26,"Liverpool","Tottenham",NA,"Liverpool","Tottenham"
"4454",466609,2003-08-26,"Manchester United","Wolves","Manchester United",NA,NA
"4455",466610,2003-08-29,"Aston Villa","Leicester","Aston Villa",NA,NA
"4456",466611,2003-08-29,"Bolton","Charlton",NA,"Bolton","Charlton"
"4457",466612,2003-08-29,"Chelsea","Blackburn",NA,"Chelsea","Blackburn"
"4458",466613,2003-08-29,"Everton","Liverpool","Liverpool",NA,NA
"4459",466614,2003-08-29,"Middlesbrough","Leeds","Leeds",NA,NA
"4460",466615,2003-08-29,"Newcastle","Birmingham","Birmingham",NA,NA
"4461",466616,2003-08-29,"Tottenham","Fulham","Fulham",NA,NA
"4462",466617,2003-08-29,"Wolves","Portsmouth",NA,"Wolves","Portsmouth"
"4463",466618,2003-08-30,"Manchester City","Arsenal","Arsenal",NA,NA
"4464",466619,2003-08-30,"Southampton","Manchester United","Southampton",NA,NA
"4465",466620,2003-09-12,"Arsenal","Portsmouth",NA,"Arsenal","Portsmouth"
"4466",466621,2003-09-12,"Blackburn","Liverpool","Liverpool",NA,NA
"4467",466622,2003-09-12,"Bolton","Middlesbrough","Bolton",NA,NA
"4468",466623,2003-09-12,"Charlton","Manchester United","Manchester United",NA,NA
"4469",466624,2003-09-12,"Chelsea","Tottenham","Chelsea",NA,NA
"4470",466625,2003-09-12,"Everton","Newcastle",NA,"Everton","Newcastle"
"4471",466626,2003-09-12,"Southampton","Wolves","Southampton",NA,NA
"4472",466627,2003-09-13,"Birmingham","Fulham",NA,"Birmingham","Fulham"
"4473",466628,2003-09-13,"Manchester City","Aston Villa","Manchester City",NA,NA
"4474",466629,2003-09-14,"Leicester","Leeds","Leicester",NA,NA
"4475",466630,2003-09-19,"Aston Villa","Charlton","Aston Villa",NA,NA
"4476",466631,2003-09-19,"Fulham","Manchester City",NA,"Fulham","Manchester City"
"4477",466632,2003-09-19,"Leeds","Birmingham","Birmingham",NA,NA
"4478",466633,2003-09-19,"Liverpool","Leicester","Liverpool",NA,NA
"4479",466634,2003-09-19,"Newcastle","Bolton",NA,"Newcastle","Bolton"
"4480",466635,2003-09-19,"Portsmouth","Blackburn","Blackburn",NA,NA
"4481",466636,2003-09-19,"Tottenham","Southampton","Southampton",NA,NA
"4482",466637,2003-09-19,"Wolves","Chelsea","Chelsea",NA,NA
"4483",466638,2003-09-20,"Manchester United","Arsenal",NA,"Manchester United","Arsenal"
"4484",466639,2003-09-20,"Middlesbrough","Everton","Middlesbrough",NA,NA
"4485",466640,2003-09-25,"Arsenal","Newcastle","Arsenal",NA,NA
"4486",466641,2003-09-26,"Birmingham","Portsmouth","Birmingham",NA,NA
"4487",466642,2003-09-26,"Bolton","Wolves",NA,"Bolton","Wolves"
"4488",466643,2003-09-26,"Chelsea","Aston Villa","Chelsea",NA,NA
"4489",466644,2003-09-26,"Leicester","Manchester United","Manchester United",NA,NA
"4490",466645,2003-09-26,"Southampton","Middlesbrough","Middlesbrough",NA,NA
"4491",466646,2003-09-27,"Blackburn","Fulham","Fulham",NA,NA
"4492",466647,2003-09-27,"Charlton","Liverpool","Charlton",NA,NA
"4493",466648,2003-09-27,"Everton","Leeds","Everton",NA,NA
"4494",466649,2003-09-27,"Manchester City","Tottenham",NA,"Manchester City","Tottenham"
"4495",466650,2003-10-03,"Fulham","Leicester","Fulham",NA,NA
"4496",466651,2003-10-03,"Leeds","Blackburn","Leeds",NA,NA
"4497",466652,2003-10-03,"Liverpool","Arsenal","Arsenal",NA,NA
"4498",466653,2003-10-03,"Manchester United","Birmingham","Manchester United",NA,NA
"4499",466654,2003-10-03,"Newcastle","Southampton","Newcastle",NA,NA
"4500",466655,2003-10-03,"Portsmouth","Charlton","Charlton",NA,NA
"4501",466656,2003-10-03,"Tottenham","Everton","Tottenham",NA,NA
"4502",466657,2003-10-03,"Wolves","Manchester City","Wolves",NA,NA
"4503",466658,2003-10-04,"Aston Villa","Bolton",NA,"Aston Villa","Bolton"
"4504",466659,2003-10-04,"Middlesbrough","Chelsea","Chelsea",NA,NA
"4505",466660,2003-10-13,"Birmingham","Chelsea",NA,"Birmingham","Chelsea"
"4506",466661,2003-10-17,"Arsenal","Chelsea","Arsenal",NA,NA
"4507",466662,2003-10-17,"Fulham","Wolves",NA,"Fulham","Wolves"
"4508",466664,2003-10-17,"Manchester City","Bolton","Manchester City",NA,NA
"4509",466665,2003-10-17,"Middlesbrough","Newcastle","Newcastle",NA,NA
"4510",466666,2003-10-17,"Portsmouth","Liverpool","Portsmouth",NA,NA
"4511",466663,2003-10-17,"Leeds","Manchester United","Manchester United",NA,NA
"4512",466667,2003-10-18,"Birmingham","Aston Villa",NA,"Birmingham","Aston Villa"
"4513",466668,2003-10-18,"Everton","Southampton",NA,"Everton","Southampton"
"4514",466669,2003-10-18,"Leicester","Tottenham","Tottenham",NA,NA
"4515",466670,2003-10-19,"Blackburn","Charlton","Charlton",NA,NA
"4516",466671,2003-10-20,"Fulham","Newcastle","Newcastle",NA,NA
"4517",466672,2003-10-24,"Aston Villa","Everton",NA,"Aston Villa","Everton"
"4518",466673,2003-10-24,"Bolton","Birmingham","Birmingham",NA,NA
"4519",466674,2003-10-24,"Chelsea","Manchester City","Chelsea",NA,NA
"4520",466675,2003-10-24,"Liverpool","Leeds","Liverpool",NA,NA
"4521",466676,2003-10-24,"Manchester United","Fulham","Fulham",NA,NA
"4522",466677,2003-10-24,"Newcastle","Portsmouth","Newcastle",NA,NA
"4523",466678,2003-10-24,"Southampton","Blackburn","Southampton",NA,NA
"4524",466679,2003-10-24,"Wolves","Leicester","Wolves",NA,NA
"4525",466680,2003-10-25,"Charlton","Arsenal",NA,"Charlton","Arsenal"
"4526",466681,2003-10-25,"Tottenham","Middlesbrough",NA,"Tottenham","Middlesbrough"
"4527",466682,2003-10-31,"Everton","Chelsea","Chelsea",NA,NA
"4528",466683,2003-10-31,"Leeds","Arsenal","Arsenal",NA,NA
"4529",466684,2003-10-31,"Manchester United","Portsmouth","Manchester United",NA,NA
"4530",466685,2003-10-31,"Middlesbrough","Wolves","Middlesbrough",NA,NA
"4531",466686,2003-10-31,"Newcastle","Aston Villa",NA,"Newcastle","Aston Villa"
"4532",466687,2003-10-31,"Southampton","Manchester City","Manchester City",NA,NA
"4533",466688,2003-10-31,"Tottenham","Bolton","Bolton",NA,NA
"4534",466689,2003-11-01,"Fulham","Liverpool","Liverpool",NA,NA
"4535",466690,2003-11-01,"Leicester","Blackburn","Leicester",NA,NA
"4536",466691,2003-11-02,"Birmingham","Charlton","Charlton",NA,NA
"4537",466692,2003-11-07,"Arsenal","Tottenham","Arsenal",NA,NA
"4538",466693,2003-11-07,"Aston Villa","Middlesbrough","Middlesbrough",NA,NA
"4539",466694,2003-11-07,"Bolton","Southampton",NA,"Bolton","Southampton"
"4540",466695,2003-11-07,"Charlton","Fulham","Charlton",NA,NA
"4541",466696,2003-11-07,"Portsmouth","Leeds","Portsmouth",NA,NA
"4542",466697,2003-11-07,"Wolves","Birmingham",NA,"Wolves","Birmingham"
"4543",466698,2003-11-08,"Chelsea","Newcastle","Chelsea",NA,NA
"4544",466699,2003-11-08,"Liverpool","Manchester United","Manchester United",NA,NA
"4545",466700,2003-11-08,"Manchester City","Leicester","Leicester",NA,NA
"4546",466701,2003-11-09,"Blackburn","Everton","Blackburn",NA,NA
"4547",466702,2003-11-21,"Birmingham","Arsenal","Arsenal",NA,NA
"4548",466703,2003-11-21,"Everton","Wolves","Everton",NA,NA
"4549",466704,2003-11-21,"Leeds","Bolton","Bolton",NA,NA
"4550",466705,2003-11-21,"Leicester","Charlton",NA,"Leicester","Charlton"
"4551",466706,2003-11-21,"Manchester United","Blackburn","Manchester United",NA,NA
"4552",466707,2003-11-21,"Middlesbrough","Liverpool",NA,"Middlesbrough","Liverpool"
"4553",466708,2003-11-21,"Newcastle","Manchester City","Newcastle",NA,NA
"4554",466709,2003-11-21,"Southampton","Chelsea","Chelsea",NA,NA
"4555",466710,2003-11-22,"Tottenham","Aston Villa","Tottenham",NA,NA
"4556",466711,2003-11-23,"Fulham","Portsmouth","Fulham",NA,NA
"4557",466712,2003-11-28,"Aston Villa","Southampton","Aston Villa",NA,NA
"4558",466713,2003-11-28,"Blackburn","Tottenham","Blackburn",NA,NA
"4559",466714,2003-11-28,"Bolton","Everton","Bolton",NA,NA
"4560",466715,2003-11-28,"Charlton","Leeds","Leeds",NA,NA
"4561",466716,2003-11-28,"Portsmouth","Leicester","Leicester",NA,NA
"4562",466717,2003-11-28,"Wolves","Newcastle",NA,"Wolves","Newcastle"
"4563",466718,2003-11-29,"Arsenal","Fulham",NA,"Arsenal","Fulham"
"4564",466719,2003-11-29,"Chelsea","Manchester United","Chelsea",NA,NA
"4565",466720,2003-11-29,"Liverpool","Birmingham","Liverpool",NA,NA
"4566",466721,2003-11-29,"Manchester City","Middlesbrough","Middlesbrough",NA,NA
"4567",466722,2003-12-05,"Birmingham","Blackburn","Blackburn",NA,NA
"4568",466723,2003-12-05,"Fulham","Bolton","Fulham",NA,NA
"4569",466724,2003-12-05,"Leeds","Chelsea",NA,"Leeds","Chelsea"
"4570",466725,2003-12-05,"Leicester","Arsenal",NA,"Leicester","Arsenal"
"4571",466726,2003-12-05,"Manchester United","Aston Villa","Manchester United",NA,NA
"4572",466727,2003-12-05,"Middlesbrough","Portsmouth",NA,"Middlesbrough","Portsmouth"
"4573",466728,2003-12-05,"Newcastle","Liverpool",NA,"Newcastle","Liverpool"
"4574",466729,2003-12-05,"Tottenham","Wolves","Tottenham",NA,NA
"4575",466730,2003-12-06,"Everton","Manchester City",NA,"Everton","Manchester City"
"4576",466731,2003-12-06,"Southampton","Charlton","Southampton",NA,NA
"4577",466732,2003-12-12,"Chelsea","Bolton","Bolton",NA,NA
"4578",466733,2003-12-12,"Leicester","Birmingham","Birmingham",NA,NA
"4579",466734,2003-12-12,"Liverpool","Southampton","Southampton",NA,NA
"4580",466735,2003-12-12,"Manchester United","Manchester City","Manchester United",NA,NA
"4581",466736,2003-12-12,"Middlesbrough","Charlton",NA,"Middlesbrough","Charlton"
"4582",466737,2003-12-12,"Newcastle","Tottenham","Newcastle",NA,NA
"4583",466738,2003-12-12,"Portsmouth","Everton","Everton",NA,NA
"4584",466739,2003-12-13,"Arsenal","Blackburn","Arsenal",NA,NA
"4585",466740,2003-12-13,"Aston Villa","Wolves","Aston Villa",NA,NA
"4586",466741,2003-12-13,"Leeds","Fulham","Leeds",NA,NA
"4587",466742,2003-12-19,"Blackburn","Aston Villa","Aston Villa",NA,NA
"4588",466743,2003-12-19,"Bolton","Arsenal",NA,"Bolton","Arsenal"
"4589",466744,2003-12-19,"Charlton","Newcastle",NA,"Charlton","Newcastle"
"4590",466745,2003-12-19,"Everton","Leicester","Everton",NA,NA
"4591",466746,2003-12-19,"Fulham","Chelsea","Chelsea",NA,NA
"4592",466747,2003-12-20,"Southampton","Portsmouth","Southampton",NA,NA
"4593",466748,2003-12-20,"Tottenham","Manchester United","Manchester United",NA,NA
"4594",466749,2003-12-21,"Manchester City","Leeds",NA,"Manchester City","Leeds"
"4595",466750,2003-12-25,"Arsenal","Wolves","Arsenal",NA,NA
"4596",466751,2003-12-25,"Birmingham","Manchester City","Birmingham",NA,NA
"4597",466752,2003-12-25,"Blackburn","Middlesbrough",NA,"Blackburn","Middlesbrough"
"4598",466753,2003-12-25,"Charlton","Chelsea","Charlton",NA,NA
"4599",466754,2003-12-25,"Fulham","Southampton","Fulham",NA,NA
"4600",466755,2003-12-25,"Leeds","Aston Villa",NA,"Leeds","Aston Villa"
"4601",466756,2003-12-25,"Leicester","Newcastle",NA,"Leicester","Newcastle"
"4602",466757,2003-12-25,"Liverpool","Bolton","Liverpool",NA,NA
"4603",466758,2003-12-25,"Manchester United","Everton","Manchester United",NA,NA
"4604",466759,2003-12-25,"Portsmouth","Tottenham","Portsmouth",NA,NA
"4605",466760,2003-12-27,"Aston Villa","Fulham","Aston Villa",NA,NA
"4606",466761,2003-12-27,"Bolton","Leicester",NA,"Bolton","Leicester"
"4607",466762,2003-12-27,"Chelsea","Portsmouth","Chelsea",NA,NA
"4608",466763,2003-12-27,"Everton","Birmingham","Everton",NA,NA
"4609",466764,2003-12-27,"Manchester City","Liverpool",NA,"Manchester City","Liverpool"
"4610",466765,2003-12-27,"Middlesbrough","Manchester United","Manchester United",NA,NA
"4611",466766,2003-12-27,"Newcastle","Blackburn","Blackburn",NA,NA
"4612",466767,2003-12-27,"Tottenham","Charlton","Charlton",NA,NA
"4613",466768,2003-12-27,"Wolves","Leeds","Wolves",NA,NA
"4614",466769,2003-12-28,"Southampton","Arsenal","Arsenal",NA,NA
"4615",466770,2004-01-05,"Aston Villa","Portsmouth","Aston Villa",NA,NA
"4616",466771,2004-01-06,"Bolton","Manchester United","Manchester United",NA,NA
"4617",466772,2004-01-06,"Chelsea","Liverpool","Liverpool",NA,NA
"4618",466773,2004-01-06,"Everton","Arsenal",NA,"Everton","Arsenal"
"4619",466774,2004-01-06,"Manchester City","Charlton",NA,"Manchester City","Charlton"
"4620",466775,2004-01-06,"Middlesbrough","Fulham","Middlesbrough",NA,NA
"4621",466776,2004-01-06,"Newcastle","Leeds","Newcastle",NA,NA
"4622",466777,2004-01-06,"Southampton","Leicester",NA,"Southampton","Leicester"
"4623",466778,2004-01-06,"Tottenham","Birmingham","Tottenham",NA,NA
"4624",466779,2004-01-06,"Wolves","Blackburn",NA,"Wolves","Blackburn"
"4625",466781,2004-01-09,"Birmingham","Southampton","Birmingham",NA,NA
"4626",466782,2004-01-09,"Blackburn","Bolton","Bolton",NA,NA
"4627",466783,2004-01-09,"Charlton","Wolves","Charlton",NA,NA
"4628",466784,2004-01-09,"Fulham","Everton","Fulham",NA,NA
"4629",466785,2004-01-09,"Leeds","Tottenham","Tottenham",NA,NA
"4630",466786,2004-01-09,"Liverpool","Aston Villa","Liverpool",NA,NA
"4631",466787,2004-01-09,"Portsmouth","Manchester City","Portsmouth",NA,NA
"4632",466780,2004-01-09,"Arsenal","Middlesbrough","Arsenal",NA,NA
"4633",466788,2004-01-10,"Leicester","Chelsea","Chelsea",NA,NA
"4634",466789,2004-01-10,"Manchester United","Newcastle",NA,"Manchester United","Newcastle"
"4635",466790,2004-01-16,"Bolton","Portsmouth","Bolton",NA,NA
"4636",466791,2004-01-16,"Everton","Charlton","Charlton",NA,NA
"4637",466792,2004-01-16,"Manchester City","Blackburn",NA,"Manchester City","Blackburn"
"4638",466793,2004-01-16,"Middlesbrough","Leicester",NA,"Middlesbrough","Leicester"
"4639",466794,2004-01-16,"Southampton","Leeds","Southampton",NA,NA
"4640",466795,2004-01-16,"Tottenham","Liverpool","Tottenham",NA,NA
"4641",466796,2004-01-16,"Wolves","Manchester United","Wolves",NA,NA
"4642",466797,2004-01-17,"Aston Villa","Arsenal","Arsenal",NA,NA
"4643",466798,2004-01-17,"Chelsea","Birmingham",NA,"Chelsea","Birmingham"
"4644",466799,2004-01-18,"Newcastle","Fulham","Newcastle",NA,NA
"4645",466800,2004-01-20,"Wolves","Liverpool",NA,"Wolves","Liverpool"
"4646",466801,2004-01-30,"Birmingham","Newcastle",NA,"Birmingham","Newcastle"
"4647",466802,2004-01-30,"Charlton","Bolton","Bolton",NA,NA
"4648",466803,2004-01-30,"Fulham","Tottenham","Fulham",NA,NA
"4649",466804,2004-01-30,"Leeds","Middlesbrough","Middlesbrough",NA,NA
"4650",466805,2004-01-30,"Leicester","Aston Villa","Aston Villa",NA,NA
"4651",466806,2004-01-30,"Liverpool","Everton",NA,"Liverpool","Everton"
"4652",466808,2004-01-30,"Portsmouth","Wolves",NA,"Portsmouth","Wolves"
"4653",466807,2004-01-30,"Manchester United","Southampton","Manchester United",NA,NA
"4654",466809,2004-01-31,"Arsenal","Manchester City","Arsenal",NA,NA
"4655",466810,2004-01-31,"Blackburn","Chelsea","Chelsea",NA,NA
"4656",466811,2004-02-06,"Aston Villa","Leeds","Aston Villa",NA,NA
"4657",466812,2004-02-06,"Bolton","Liverpool",NA,"Bolton","Liverpool"
"4658",466813,2004-02-06,"Everton","Manchester United","Manchester United",NA,NA
"4659",466814,2004-02-06,"Middlesbrough","Blackburn","Blackburn",NA,NA
"4660",466815,2004-02-06,"Newcastle","Leicester","Newcastle",NA,NA
"4661",466816,2004-02-06,"Southampton","Fulham",NA,"Southampton","Fulham"
"4662",466817,2004-02-06,"Tottenham","Portsmouth","Tottenham",NA,NA
"4663",466818,2004-02-06,"Wolves","Arsenal","Arsenal",NA,NA
"4664",466819,2004-02-07,"Chelsea","Charlton","Chelsea",NA,NA
"4665",466820,2004-02-07,"Manchester City","Birmingham",NA,"Manchester City","Birmingham"
"4666",466821,2004-02-09,"Arsenal","Southampton","Arsenal",NA,NA
"4667",466822,2004-02-09,"Leeds","Wolves","Leeds",NA,NA
"4668",466823,2004-02-09,"Leicester","Bolton",NA,"Leicester","Bolton"
"4669",466824,2004-02-10,"Birmingham","Everton","Birmingham",NA,NA
"4670",466825,2004-02-10,"Blackburn","Newcastle",NA,"Blackburn","Newcastle"
"4671",466826,2004-02-10,"Charlton","Tottenham","Tottenham",NA,NA
"4672",466827,2004-02-10,"Fulham","Aston Villa","Aston Villa",NA,NA
"4673",466828,2004-02-10,"Liverpool","Manchester City","Liverpool",NA,NA
"4674",466829,2004-02-10,"Manchester United","Middlesbrough","Middlesbrough",NA,NA
"4675",466830,2004-02-10,"Portsmouth","Chelsea","Chelsea",NA,NA
"4676",466831,2004-02-20,"Bolton","Manchester City","Manchester City",NA,NA
"4677",466832,2004-02-20,"Charlton","Blackburn","Charlton",NA,NA
"4678",466833,2004-02-20,"Chelsea","Arsenal","Arsenal",NA,NA
"4679",466834,2004-02-20,"Manchester United","Leeds",NA,"Manchester United","Leeds"
"4680",466835,2004-02-20,"Newcastle","Middlesbrough","Newcastle",NA,NA
"4681",466836,2004-02-20,"Southampton","Everton",NA,"Southampton","Everton"
"4682",466837,2004-02-20,"Wolves","Fulham","Wolves",NA,NA
"4683",466838,2004-02-21,"Aston Villa","Birmingham",NA,"Aston Villa","Birmingham"
"4684",466839,2004-02-21,"Tottenham","Leicester",NA,"Tottenham","Leicester"
"4685",466840,2004-02-27,"Arsenal","Charlton","Arsenal",NA,NA
"4686",466841,2004-02-27,"Blackburn","Southampton",NA,"Blackburn","Southampton"
"4687",466842,2004-02-27,"Everton","Aston Villa","Everton",NA,NA
"4688",466843,2004-02-27,"Fulham","Manchester United",NA,"Fulham","Manchester United"
"4689",466844,2004-02-27,"Leicester","Wolves",NA,"Leicester","Wolves"
"4690",466845,2004-02-27,"Manchester City","Chelsea","Chelsea",NA,NA
"4691",466846,2004-02-28,"Leeds","Liverpool",NA,"Leeds","Liverpool"
"4692",466847,2004-02-28,"Portsmouth","Newcastle",NA,"Portsmouth","Newcastle"
"4693",466848,2004-03-02,"Birmingham","Middlesbrough","Birmingham",NA,NA
"4694",466849,2004-03-05,"Birmingham","Bolton","Birmingham",NA,NA
"4695",466850,2004-03-08,"Middlesbrough","Tottenham","Middlesbrough",NA,NA
"4696",466851,2004-03-12,"Birmingham","Leicester","Leicester",NA,NA
"4697",466852,2004-03-12,"Blackburn","Arsenal","Arsenal",NA,NA
"4698",466853,2004-03-12,"Bolton","Chelsea","Chelsea",NA,NA
"4699",466854,2004-03-12,"Charlton","Middlesbrough","Charlton",NA,NA
"4700",466855,2004-03-12,"Everton","Portsmouth","Everton",NA,NA
"4701",466856,2004-03-12,"Fulham","Leeds","Fulham",NA,NA
"4702",466858,2004-03-13,"Southampton","Liverpool","Southampton",NA,NA
"4703",466859,2004-03-13,"Tottenham","Newcastle","Tottenham",NA,NA
"4704",466860,2004-03-13,"Wolves","Aston Villa","Aston Villa",NA,NA
"4705",466857,2004-03-13,"Manchester City","Manchester United","Manchester City",NA,NA
"4706",466861,2004-03-16,"Liverpool","Portsmouth","Liverpool",NA,NA
"4707",466862,2004-03-19,"Arsenal","Bolton","Arsenal",NA,NA
"4708",466863,2004-03-19,"Aston Villa","Blackburn","Blackburn",NA,NA
"4709",466864,2004-03-19,"Chelsea","Fulham","Chelsea",NA,NA
"4710",466865,2004-03-19,"Leicester","Everton",NA,"Leicester","Everton"
"4711",466866,2004-03-19,"Liverpool","Wolves","Liverpool",NA,NA
"4712",466867,2004-03-19,"Manchester United","Tottenham","Manchester United",NA,NA
"4713",466868,2004-03-19,"Middlesbrough","Birmingham","Middlesbrough",NA,NA
"4714",466869,2004-03-19,"Newcastle","Charlton","Newcastle",NA,NA
"4715",466870,2004-03-20,"Portsmouth","Southampton","Portsmouth",NA,NA
"4716",466871,2004-03-21,"Leeds","Manchester City","Leeds",NA,NA
"4717",466872,2004-03-26,"Birmingham","Leeds","Birmingham",NA,NA
"4718",466873,2004-03-26,"Blackburn","Portsmouth","Portsmouth",NA,NA
"4719",466874,2004-03-26,"Charlton","Aston Villa","Aston Villa",NA,NA
"4720",466875,2004-03-26,"Chelsea","Wolves","Chelsea",NA,NA
"4721",466876,2004-03-26,"Everton","Middlesbrough",NA,"Everton","Middlesbrough"
"4722",466877,2004-03-26,"Manchester City","Fulham",NA,"Manchester City","Fulham"
"4723",466878,2004-03-26,"Southampton","Tottenham","Southampton",NA,NA
"4724",466879,2004-03-27,"Arsenal","Manchester United",NA,"Arsenal","Manchester United"
"4725",466880,2004-03-27,"Bolton","Newcastle","Bolton",NA,NA
"4726",466881,2004-03-27,"Leicester","Liverpool",NA,"Leicester","Liverpool"
"4727",466882,2004-04-02,"Fulham","Birmingham",NA,"Fulham","Birmingham"
"4728",466883,2004-04-02,"Middlesbrough","Bolton","Middlesbrough",NA,NA
"4729",466884,2004-04-02,"Newcastle","Everton","Newcastle",NA,NA
"4730",466885,2004-04-02,"Tottenham","Chelsea","Chelsea",NA,NA
"4731",466886,2004-04-02,"Wolves","Southampton","Southampton",NA,NA
"4732",466887,2004-04-03,"Aston Villa","Manchester City",NA,"Aston Villa","Manchester City"
"4733",466888,2004-04-03,"Liverpool","Blackburn","Liverpool",NA,NA
"4734",466889,2004-04-04,"Leeds","Leicester","Leeds",NA,NA
"4735",466890,2004-04-08,"Arsenal","Liverpool","Arsenal",NA,NA
"4736",466891,2004-04-08,"Everton","Tottenham","Everton",NA,NA
"4737",466892,2004-04-09,"Birmingham","Manchester United","Manchester United",NA,NA
"4738",466893,2004-04-09,"Blackburn","Leeds","Leeds",NA,NA
"4739",466894,2004-04-09,"Bolton","Aston Villa",NA,"Bolton","Aston Villa"
"4740",466895,2004-04-09,"Charlton","Portsmouth",NA,"Charlton","Portsmouth"
"4741",466896,2004-04-09,"Chelsea","Middlesbrough",NA,"Chelsea","Middlesbrough"
"4742",466897,2004-04-09,"Leicester","Fulham","Fulham",NA,NA
"4743",466898,2004-04-09,"Manchester City","Wolves",NA,"Manchester City","Wolves"
"4744",466899,2004-04-10,"Newcastle","Arsenal",NA,"Newcastle","Arsenal"
"4745",466900,2004-04-11,"Aston Villa","Chelsea","Aston Villa",NA,NA
"4746",466901,2004-04-11,"Fulham","Blackburn","Blackburn",NA,NA
"4747",466902,2004-04-11,"Liverpool","Charlton","Charlton",NA,NA
"4748",466903,2004-04-11,"Middlesbrough","Southampton","Middlesbrough",NA,NA
"4749",466904,2004-04-11,"Portsmouth","Birmingham","Portsmouth",NA,NA
"4750",466905,2004-04-11,"Tottenham","Manchester City",NA,"Tottenham","Manchester City"
"4751",466906,2004-04-11,"Wolves","Bolton","Bolton",NA,NA
"4752",466907,2004-04-12,"Leeds","Everton",NA,"Leeds","Everton"
"4753",466908,2004-04-12,"Manchester United","Leicester","Manchester United",NA,NA
"4754",466909,2004-04-15,"Arsenal","Leeds","Arsenal",NA,NA
"4755",466910,2004-04-16,"Blackburn","Leicester","Blackburn",NA,NA
"4756",466911,2004-04-16,"Bolton","Tottenham","Bolton",NA,NA
"4757",466912,2004-04-16,"Charlton","Birmingham",NA,"Charlton","Birmingham"
"4758",466913,2004-04-16,"Chelsea","Everton",NA,"Chelsea","Everton"
"4759",466914,2004-04-16,"Liverpool","Fulham",NA,"Liverpool","Fulham"
"4760",466915,2004-04-16,"Manchester City","Southampton","Southampton",NA,NA
"4761",466916,2004-04-16,"Portsmouth","Manchester United","Portsmouth",NA,NA
"4762",466917,2004-04-16,"Wolves","Middlesbrough","Wolves",NA,NA
"4763",466918,2004-04-17,"Aston Villa","Newcastle",NA,"Aston Villa","Newcastle"
"4764",466919,2004-04-19,"Manchester United","Charlton","Manchester United",NA,NA
"4765",466920,2004-04-23,"Everton","Blackburn","Blackburn",NA,NA
"4766",466921,2004-04-23,"Fulham","Charlton","Fulham",NA,NA
"4767",466922,2004-04-23,"Leicester","Manchester City",NA,"Leicester","Manchester City"
"4768",466923,2004-04-23,"Manchester United","Liverpool","Liverpool",NA,NA
"4769",466924,2004-04-23,"Middlesbrough","Aston Villa","Aston Villa",NA,NA
"4770",466925,2004-04-23,"Southampton","Bolton","Bolton",NA,NA
"4771",466926,2004-04-24,"Birmingham","Wolves",NA,"Birmingham","Wolves"
"4772",466927,2004-04-24,"Leeds","Portsmouth","Portsmouth",NA,NA
"4773",466928,2004-04-24,"Newcastle","Chelsea","Newcastle",NA,NA
"4774",466929,2004-04-24,"Tottenham","Arsenal",NA,"Tottenham","Arsenal"
"4775",466930,2004-04-30,"Arsenal","Birmingham",NA,"Arsenal","Birmingham"
"4776",466931,2004-04-30,"Blackburn","Manchester United","Blackburn",NA,NA
"4777",466932,2004-04-30,"Charlton","Leicester",NA,"Charlton","Leicester"
"4778",466933,2004-04-30,"Chelsea","Southampton","Chelsea",NA,NA
"4779",466934,2004-04-30,"Manchester City","Newcastle","Manchester City",NA,NA
"4780",466935,2004-04-30,"Portsmouth","Fulham",NA,"Portsmouth","Fulham"
"4781",466936,2004-04-30,"Wolves","Everton","Wolves",NA,NA
"4782",466937,2004-05-01,"Aston Villa","Tottenham","Aston Villa",NA,NA
"4783",466938,2004-05-01,"Bolton","Leeds","Bolton",NA,NA
"4784",466939,2004-05-01,"Liverpool","Middlesbrough","Liverpool",NA,NA
"4785",466940,2004-05-03,"Portsmouth","Arsenal",NA,"Portsmouth","Arsenal"
"4786",466941,2004-05-07,"Birmingham","Liverpool","Liverpool",NA,NA
"4787",466942,2004-05-07,"Everton","Bolton","Bolton",NA,NA
"4788",466943,2004-05-07,"Leeds","Charlton",NA,"Leeds","Charlton"
"4789",466944,2004-05-07,"Leicester","Portsmouth","Leicester",NA,NA
"4790",466945,2004-05-07,"Manchester United","Chelsea",NA,"Manchester United","Chelsea"
"4791",466946,2004-05-07,"Middlesbrough","Manchester City","Middlesbrough",NA,NA
"4792",466947,2004-05-07,"Southampton","Aston Villa",NA,"Southampton","Aston Villa"
"4793",466948,2004-05-07,"Tottenham","Blackburn","Tottenham",NA,NA
"4794",466949,2004-05-08,"Fulham","Arsenal","Arsenal",NA,NA
"4795",466950,2004-05-08,"Newcastle","Wolves",NA,"Newcastle","Wolves"
"4796",466951,2004-05-11,"Southampton","Newcastle",NA,"Southampton","Newcastle"
"4797",466952,2004-05-14,"Arsenal","Leicester","Arsenal",NA,NA
"4798",466953,2004-05-14,"Aston Villa","Manchester United","Manchester United",NA,NA
"4799",466954,2004-05-14,"Blackburn","Birmingham",NA,"Blackburn","Birmingham"
"4800",466955,2004-05-14,"Bolton","Fulham","Fulham",NA,NA
"4801",466956,2004-05-14,"Charlton","Southampton","Charlton",NA,NA
"4802",466957,2004-05-14,"Chelsea","Leeds","Chelsea",NA,NA
"4803",466958,2004-05-14,"Liverpool","Newcastle",NA,"Liverpool","Newcastle"
"4804",466959,2004-05-14,"Manchester City","Everton","Manchester City",NA,NA
"4805",466960,2004-05-14,"Portsmouth","Middlesbrough","Portsmouth",NA,NA
"4806",466961,2004-05-14,"Wolves","Tottenham","Tottenham",NA,NA
"4807",466202,2004-08-13,"Aston Villa","Southampton","Aston Villa",NA,NA
"4808",466203,2004-08-13,"Blackburn","West Brom",NA,"Blackburn","West Brom"
"4809",466204,2004-08-13,"Bolton","Charlton","Bolton",NA,NA
"4810",466205,2004-08-13,"Manchester City","Fulham",NA,"Manchester City","Fulham"
"4811",466206,2004-08-13,"Middlesbrough","Newcastle",NA,"Middlesbrough","Newcastle"
"4812",466207,2004-08-13,"Norwich","Crystal Palace",NA,"Norwich","Crystal Palace"
"4813",466208,2004-08-13,"Portsmouth","Birmingham",NA,"Portsmouth","Birmingham"
"4814",466209,2004-08-13,"Tottenham","Liverpool",NA,"Tottenham","Liverpool"
"4815",466210,2004-08-14,"Chelsea","Manchester United","Chelsea",NA,NA
"4816",466211,2004-08-14,"Everton","Arsenal","Arsenal",NA,NA
"4817",466212,2004-08-20,"Birmingham","Chelsea","Chelsea",NA,NA
"4818",466213,2004-08-20,"Charlton","Portsmouth","Charlton",NA,NA
"4819",466214,2004-08-20,"Crystal Palace","Everton","Everton",NA,NA
"4820",466215,2004-08-20,"Fulham","Bolton","Fulham",NA,NA
"4821",466216,2004-08-20,"Liverpool","Manchester City","Liverpool",NA,NA
"4822",466217,2004-08-20,"Manchester United","Norwich","Manchester United",NA,NA
"4823",466218,2004-08-20,"Newcastle","Tottenham","Tottenham",NA,NA
"4824",466219,2004-08-20,"Southampton","Blackburn","Southampton",NA,NA
"4825",466220,2004-08-21,"Arsenal","Middlesbrough","Arsenal",NA,NA
"4826",466221,2004-08-21,"West Brom","Aston Villa",NA,"West Brom","Aston Villa"
"4827",466222,2004-08-23,"Birmingham","Manchester City","Birmingham",NA,NA
"4828",466223,2004-08-23,"Crystal Palace","Chelsea","Chelsea",NA,NA
"4829",466224,2004-08-24,"Arsenal","Blackburn","Arsenal",NA,NA
"4830",466225,2004-08-24,"Charlton","Aston Villa","Charlton",NA,NA
"4831",466226,2004-08-24,"Fulham","Middlesbrough","Middlesbrough",NA,NA
"4832",466227,2004-08-24,"Newcastle","Norwich",NA,"Newcastle","Norwich"
"4833",466228,2004-08-24,"Southampton","Bolton","Bolton",NA,NA
"4834",466229,2004-08-24,"West Brom","Tottenham",NA,"West Brom","Tottenham"
"4835",466230,2004-08-27,"Aston Villa","Newcastle","Aston Villa",NA,NA
"4836",466231,2004-08-27,"Blackburn","Manchester United",NA,"Blackburn","Manchester United"
"4837",466232,2004-08-27,"Chelsea","Southampton","Chelsea",NA,NA
"4838",466233,2004-08-27,"Everton","West Brom","Everton",NA,NA
"4839",466234,2004-08-27,"Manchester City","Charlton","Manchester City",NA,NA
"4840",466235,2004-08-27,"Middlesbrough","Crystal Palace","Middlesbrough",NA,NA
"4841",466236,2004-08-27,"Norwich","Arsenal","Arsenal",NA,NA
"4842",466237,2004-08-27,"Tottenham","Birmingham","Tottenham",NA,NA
"4843",466238,2004-08-28,"Bolton","Liverpool","Bolton",NA,NA
"4844",466239,2004-08-29,"Manchester United","Everton",NA,"Manchester United","Everton"
"4845",466240,2004-08-29,"Portsmouth","Fulham","Portsmouth",NA,NA
"4846",466241,2004-09-10,"Aston Villa","Chelsea",NA,"Aston Villa","Chelsea"
"4847",466242,2004-09-10,"Bolton","Manchester United",NA,"Bolton","Manchester United"
"4848",466243,2004-09-10,"Fulham","Arsenal","Arsenal",NA,NA
"4849",466244,2004-09-10,"Liverpool","West Brom","Liverpool",NA,NA
"4850",466245,2004-09-10,"Manchester City","Everton","Everton",NA,NA
"4851",466246,2004-09-10,"Middlesbrough","Birmingham","Middlesbrough",NA,NA
"4852",466247,2004-09-10,"Newcastle","Blackburn","Newcastle",NA,NA
"4853",466248,2004-09-10,"Portsmouth","Crystal Palace","Portsmouth",NA,NA
"4854",466249,2004-09-11,"Tottenham","Norwich",NA,"Tottenham","Norwich"
"4855",466250,2004-09-12,"Charlton","Southampton",NA,"Charlton","Southampton"
"4856",466251,2004-09-17,"Arsenal","Bolton",NA,"Arsenal","Bolton"
"4857",466252,2004-09-17,"Birmingham","Charlton",NA,"Birmingham","Charlton"
"4858",466253,2004-09-17,"Blackburn","Portsmouth","Blackburn",NA,NA
"4859",466254,2004-09-17,"Crystal Palace","Manchester City","Manchester City",NA,NA
"4860",466255,2004-09-17,"Norwich","Aston Villa",NA,"Norwich","Aston Villa"
"4861",466256,2004-09-17,"West Brom","Fulham",NA,"West Brom","Fulham"
"4862",466257,2004-09-18,"Chelsea","Tottenham",NA,"Chelsea","Tottenham"
"4863",466258,2004-09-18,"Everton","Middlesbrough","Everton",NA,NA
"4864",466259,2004-09-18,"Southampton","Newcastle","Newcastle",NA,NA
"4865",466260,2004-09-20,"Manchester United","Liverpool","Manchester United",NA,NA
"4866",466261,2004-09-24,"Aston Villa","Crystal Palace",NA,"Aston Villa","Crystal Palace"
"4867",466262,2004-09-24,"Bolton","Birmingham",NA,"Bolton","Birmingham"
"4868",466263,2004-09-24,"Fulham","Southampton","Fulham",NA,NA
"4869",466264,2004-09-24,"Liverpool","Norwich","Liverpool",NA,NA
"4870",466265,2004-09-24,"Manchester City","Arsenal","Arsenal",NA,NA
"4871",466266,2004-09-24,"Middlesbrough","Chelsea","Chelsea",NA,NA
"4872",466267,2004-09-24,"Newcastle","West Brom","Newcastle",NA,NA
"4873",466268,2004-09-24,"Tottenham","Manchester United","Manchester United",NA,NA
"4874",466269,2004-09-25,"Portsmouth","Everton","Everton",NA,NA
"4875",466270,2004-09-26,"Charlton","Blackburn","Charlton",NA,NA
"4876",466271,2004-10-01,"Arsenal","Charlton","Arsenal",NA,NA
"4877",466272,2004-10-01,"Blackburn","Aston Villa",NA,"Blackburn","Aston Villa"
"4878",466273,2004-10-01,"Everton","Tottenham","Tottenham",NA,NA
"4879",466274,2004-10-01,"Norwich","Portsmouth",NA,"Norwich","Portsmouth"
"4880",466275,2004-10-01,"Southampton","Manchester City",NA,"Southampton","Manchester City"
"4881",466276,2004-10-01,"West Brom","Bolton","West Brom",NA,NA
"4882",466277,2004-10-02,"Birmingham","Newcastle",NA,"Birmingham","Newcastle"
"4883",466278,2004-10-02,"Chelsea","Liverpool","Chelsea",NA,NA
"4884",466279,2004-10-02,"Manchester United","Middlesbrough",NA,"Manchester United","Middlesbrough"
"4885",466280,2004-10-03,"Crystal Palace","Fulham","Crystal Palace",NA,NA
"4886",466281,2004-10-15,"Arsenal","Aston Villa","Arsenal",NA,NA
"4887",466282,2004-10-15,"Birmingham","Manchester United",NA,"Birmingham","Manchester United"
"4888",466283,2004-10-15,"Blackburn","Middlesbrough","Middlesbrough",NA,NA
"4889",466284,2004-10-15,"Bolton","Crystal Palace","Bolton",NA,NA
"4890",466285,2004-10-15,"Everton","Southampton","Everton",NA,NA
"4891",466286,2004-10-15,"Fulham","Liverpool","Liverpool",NA,NA
"4892",466287,2004-10-15,"Manchester City","Chelsea","Manchester City",NA,NA
"4893",466288,2004-10-15,"West Brom","Norwich",NA,"West Brom","Norwich"
"4894",466289,2004-10-16,"Charlton","Newcastle",NA,"Charlton","Newcastle"
"4895",466290,2004-10-17,"Portsmouth","Tottenham","Portsmouth",NA,NA
"4896",466291,2004-10-22,"Aston Villa","Fulham","Aston Villa",NA,NA
"4897",466292,2004-10-22,"Chelsea","Blackburn","Chelsea",NA,NA
"4898",466293,2004-10-22,"Crystal Palace","West Brom","Crystal Palace",NA,NA
"4899",466294,2004-10-22,"Liverpool","Charlton","Liverpool",NA,NA
"4900",466295,2004-10-22,"Norwich","Everton","Everton",NA,NA
"4901",466296,2004-10-22,"Tottenham","Bolton","Bolton",NA,NA
"4902",466297,2004-10-23,"Manchester United","Arsenal","Manchester United",NA,NA
"4903",466298,2004-10-23,"Middlesbrough","Portsmouth",NA,"Middlesbrough","Portsmouth"
"4904",466299,2004-10-23,"Newcastle","Manchester City","Newcastle",NA,NA
"4905",466300,2004-10-23,"Southampton","Birmingham",NA,"Southampton","Birmingham"
"4906",466301,2004-10-29,"Arsenal","Southampton",NA,"Arsenal","Southampton"
"4907",466302,2004-10-29,"Birmingham","Crystal Palace","Crystal Palace",NA,NA
"4908",466303,2004-10-29,"Blackburn","Liverpool",NA,"Blackburn","Liverpool"
"4909",466304,2004-10-29,"Charlton","Middlesbrough","Middlesbrough",NA,NA
"4910",466305,2004-10-29,"Everton","Aston Villa",NA,"Everton","Aston Villa"
"4911",466306,2004-10-29,"Fulham","Tottenham","Fulham",NA,NA
"4912",466307,2004-10-29,"Portsmouth","Manchester United","Portsmouth",NA,NA
"4913",466308,2004-10-29,"West Brom","Chelsea","Chelsea",NA,NA
"4914",466309,2004-10-30,"Bolton","Newcastle","Bolton",NA,NA
"4915",466310,2004-10-31,"Manchester City","Norwich",NA,"Manchester City","Norwich"
"4916",466311,2004-11-05,"Aston Villa","Portsmouth","Aston Villa",NA,NA
"4917",466312,2004-11-05,"Chelsea","Everton","Chelsea",NA,NA
"4918",466313,2004-11-05,"Crystal Palace","Arsenal",NA,"Crystal Palace","Arsenal"
"4919",466314,2004-11-05,"Liverpool","Birmingham","Birmingham",NA,NA
"4920",466315,2004-11-05,"Norwich","Blackburn",NA,"Norwich","Blackburn"
"4921",466316,2004-11-05,"Southampton","West Brom",NA,"Southampton","West Brom"
"4922",466317,2004-11-05,"Tottenham","Charlton","Charlton",NA,NA
"4923",466318,2004-11-06,"Manchester United","Manchester City",NA,"Manchester United","Manchester City"
"4924",466319,2004-11-06,"Middlesbrough","Bolton",NA,"Middlesbrough","Bolton"
"4925",466320,2004-11-06,"Newcastle","Fulham","Fulham",NA,NA
"4926",466321,2004-11-12,"Birmingham","Everton","Everton",NA,NA
"4927",466322,2004-11-12,"Bolton","Aston Villa","Aston Villa",NA,NA
"4928",466323,2004-11-12,"Charlton","Norwich","Charlton",NA,NA
"4929",466324,2004-11-12,"Fulham","Chelsea","Chelsea",NA,NA
"4930",466325,2004-11-12,"Liverpool","Crystal Palace","Liverpool",NA,NA
"4931",466326,2004-11-12,"Manchester City","Blackburn",NA,"Manchester City","Blackburn"
"4932",466327,2004-11-12,"Southampton","Portsmouth","Southampton",NA,NA
"4933",466328,2004-11-12,"Tottenham","Arsenal","Arsenal",NA,NA
"4934",466329,2004-11-13,"Newcastle","Manchester United","Manchester United",NA,NA
"4935",466330,2004-11-13,"West Brom","Middlesbrough","Middlesbrough",NA,NA
"4936",466331,2004-11-19,"Arsenal","West Brom",NA,"Arsenal","West Brom"
"4937",466332,2004-11-19,"Chelsea","Bolton",NA,"Chelsea","Bolton"
"4938",466333,2004-11-19,"Crystal Palace","Newcastle","Newcastle",NA,NA
"4939",466334,2004-11-19,"Everton","Fulham","Everton",NA,NA
"4940",466335,2004-11-19,"Manchester United","Charlton","Manchester United",NA,NA
"4941",466336,2004-11-19,"Middlesbrough","Liverpool","Middlesbrough",NA,NA
"4942",466337,2004-11-19,"Norwich","Southampton","Norwich",NA,NA
"4943",466338,2004-11-19,"Portsmouth","Manchester City","Manchester City",NA,NA
"4944",466339,2004-11-20,"Blackburn","Birmingham",NA,"Blackburn","Birmingham"
"4945",466340,2004-11-21,"Aston Villa","Tottenham","Aston Villa",NA,NA
"4946",466341,2004-11-26,"Birmingham","Norwich",NA,"Birmingham","Norwich"
"4947",466342,2004-11-26,"Bolton","Portsmouth","Portsmouth",NA,NA
"4948",466343,2004-11-26,"Charlton","Chelsea","Chelsea",NA,NA
"4949",466344,2004-11-26,"Fulham","Blackburn","Blackburn",NA,NA
"4950",466345,2004-11-26,"Manchester City","Aston Villa","Manchester City",NA,NA
"4951",466346,2004-11-26,"Southampton","Crystal Palace",NA,"Southampton","Crystal Palace"
"4952",466347,2004-11-26,"West Brom","Manchester United","Manchester United",NA,NA
"4953",466348,2004-11-27,"Liverpool","Arsenal","Liverpool",NA,NA
"4954",466349,2004-11-27,"Newcastle","Everton",NA,"Newcastle","Everton"
"4955",466350,2004-11-27,"Tottenham","Middlesbrough","Tottenham",NA,NA
"4956",466351,2004-12-03,"Arsenal","Birmingham","Arsenal",NA,NA
"4957",466352,2004-12-03,"Aston Villa","Liverpool",NA,"Aston Villa","Liverpool"
"4958",466353,2004-12-03,"Blackburn","Tottenham","Tottenham",NA,NA
"4959",466354,2004-12-03,"Chelsea","Newcastle","Chelsea",NA,NA
"4960",466355,2004-12-03,"Everton","Bolton","Everton",NA,NA
"4961",466356,2004-12-03,"Manchester United","Southampton","Manchester United",NA,NA
"4962",466357,2004-12-03,"Norwich","Fulham","Fulham",NA,NA
"4963",466358,2004-12-03,"Portsmouth","West Brom","Portsmouth",NA,NA
"4964",466359,2004-12-04,"Crystal Palace","Charlton","Charlton",NA,NA
"4965",466360,2004-12-05,"Middlesbrough","Manchester City","Middlesbrough",NA,NA
"4966",466361,2004-12-10,"Crystal Palace","Blackburn",NA,"Crystal Palace","Blackburn"
"4967",466362,2004-12-10,"Everton","Liverpool","Everton",NA,NA
"4968",466363,2004-12-10,"Manchester City","Tottenham","Tottenham",NA,NA
"4969",466364,2004-12-10,"Newcastle","Portsmouth",NA,"Newcastle","Portsmouth"
"4970",466365,2004-12-10,"Norwich","Bolton","Norwich",NA,NA
"4971",466366,2004-12-10,"Southampton","Middlesbrough",NA,"Southampton","Middlesbrough"
"4972",466367,2004-12-10,"West Brom","Charlton","Charlton",NA,NA
"4973",466368,2004-12-11,"Arsenal","Chelsea",NA,"Arsenal","Chelsea"
"4974",466369,2004-12-11,"Aston Villa","Birmingham","Birmingham",NA,NA
"4975",466370,2004-12-12,"Fulham","Manchester United",NA,"Fulham","Manchester United"
"4976",466371,2004-12-13,"Liverpool","Portsmouth",NA,"Liverpool","Portsmouth"
"4977",466372,2004-12-17,"Birmingham","West Brom","Birmingham",NA,NA
"4978",466373,2004-12-17,"Blackburn","Everton",NA,"Blackburn","Everton"
"4979",466374,2004-12-17,"Bolton","Manchester City","Manchester City",NA,NA
"4980",466375,2004-12-17,"Chelsea","Norwich","Chelsea",NA,NA
"4981",466376,2004-12-17,"Manchester United","Crystal Palace","Manchester United",NA,NA
"4982",466377,2004-12-17,"Middlesbrough","Aston Villa","Middlesbrough",NA,NA
"4983",466378,2004-12-17,"Tottenham","Southampton","Tottenham",NA,NA
"4984",466379,2004-12-18,"Liverpool","Newcastle","Liverpool",NA,NA
"4985",466380,2004-12-18,"Portsmouth","Arsenal","Arsenal",NA,NA
"4986",466381,2004-12-19,"Charlton","Fulham","Charlton",NA,NA
"4987",466382,2004-12-25,"Arsenal","Fulham","Arsenal",NA,NA
"4988",466383,2004-12-25,"Birmingham","Middlesbrough","Birmingham",NA,NA
"4989",466384,2004-12-25,"Blackburn","Newcastle",NA,"Blackburn","Newcastle"
"4990",466385,2004-12-25,"Chelsea","Aston Villa","Chelsea",NA,NA
"4991",466386,2004-12-25,"Crystal Palace","Portsmouth","Portsmouth",NA,NA
"4992",466387,2004-12-25,"Everton","Manchester City","Everton",NA,NA
"4993",466388,2004-12-25,"Manchester United","Bolton","Manchester United",NA,NA
"4994",466389,2004-12-25,"Norwich","Tottenham","Tottenham",NA,NA
"4995",466390,2004-12-25,"Southampton","Charlton",NA,"Southampton","Charlton"
"4996",466391,2004-12-25,"West Brom","Liverpool","Liverpool",NA,NA
"4997",466392,2004-12-27,"Aston Villa","Manchester United","Manchester United",NA,NA
"4998",466393,2004-12-27,"Bolton","Blackburn","Blackburn",NA,NA
"4999",466394,2004-12-27,"Charlton","Everton","Charlton",NA,NA
"5000",466395,2004-12-27,"Fulham","Birmingham","Birmingham",NA,NA
"5001",466396,2004-12-27,"Liverpool","Southampton","Liverpool",NA,NA
"5002",466397,2004-12-27,"Manchester City","West Brom",NA,"Manchester City","West Brom"
"5003",466398,2004-12-27,"Middlesbrough","Norwich","Middlesbrough",NA,NA
"5004",466399,2004-12-27,"Portsmouth","Chelsea","Chelsea",NA,NA
"5005",466400,2004-12-27,"Tottenham","Crystal Palace",NA,"Tottenham","Crystal Palace"
"5006",466401,2004-12-28,"Newcastle","Arsenal","Arsenal",NA,NA
"5007",466402,2004-12-31,"Aston Villa","Blackburn","Aston Villa",NA,NA
"5008",466403,2004-12-31,"Bolton","West Brom",NA,"Bolton","West Brom"
"5009",466404,2004-12-31,"Charlton","Arsenal","Arsenal",NA,NA
"5010",466405,2004-12-31,"Fulham","Crystal Palace","Fulham",NA,NA
"5011",466406,2004-12-31,"Liverpool","Chelsea","Chelsea",NA,NA
"5012",466407,2004-12-31,"Manchester City","Southampton","Manchester City",NA,NA
"5013",466408,2004-12-31,"Middlesbrough","Manchester United","Manchester United",NA,NA
"5014",466409,2004-12-31,"Newcastle","Birmingham","Newcastle",NA,NA
"5015",466410,2004-12-31,"Portsmouth","Norwich",NA,"Portsmouth","Norwich"
"5016",466411,2004-12-31,"Tottenham","Everton","Tottenham",NA,NA
"5017",466412,2005-01-02,"Blackburn","Charlton","Blackburn",NA,NA
"5018",466413,2005-01-02,"Crystal Palace","Aston Villa","Crystal Palace",NA,NA
"5019",466414,2005-01-02,"Norwich","Liverpool","Liverpool",NA,NA
"5020",466415,2005-01-02,"West Brom","Newcastle",NA,"West Brom","Newcastle"
"5021",466416,2005-01-03,"Arsenal","Manchester City",NA,"Arsenal","Manchester City"
"5022",466417,2005-01-03,"Birmingham","Bolton","Bolton",NA,NA
"5023",466418,2005-01-03,"Chelsea","Middlesbrough","Chelsea",NA,NA
"5024",466419,2005-01-03,"Everton","Portsmouth","Everton",NA,NA
"5025",466420,2005-01-03,"Manchester United","Tottenham",NA,"Manchester United","Tottenham"
"5026",466421,2005-01-04,"Southampton","Fulham",NA,"Southampton","Fulham"
"5027",466422,2005-01-14,"Aston Villa","Norwich","Aston Villa",NA,NA
"5028",466423,2005-01-14,"Bolton","Arsenal","Bolton",NA,NA
"5029",466424,2005-01-14,"Charlton","Birmingham","Charlton",NA,NA
"5030",466425,2005-01-14,"Liverpool","Manchester United","Manchester United",NA,NA
"5031",466426,2005-01-14,"Manchester City","Crystal Palace","Manchester City",NA,NA
"5032",466427,2005-01-14,"Newcastle","Southampton","Newcastle",NA,NA
"5033",466428,2005-01-14,"Portsmouth","Blackburn","Blackburn",NA,NA
"5034",466429,2005-01-14,"Tottenham","Chelsea","Chelsea",NA,NA
"5035",466430,2005-01-15,"Fulham","West Brom","Fulham",NA,NA
"5036",466431,2005-01-15,"Middlesbrough","Everton",NA,"Middlesbrough","Everton"
"5037",466432,2005-01-21,"Birmingham","Fulham","Fulham",NA,NA
"5038",466433,2005-01-21,"Chelsea","Portsmouth","Chelsea",NA,NA
"5039",466434,2005-01-21,"Crystal Palace","Tottenham","Crystal Palace",NA,NA
"5040",466435,2005-01-21,"Everton","Charlton","Charlton",NA,NA
"5041",466436,2005-01-21,"Manchester United","Aston Villa","Manchester United",NA,NA
"5042",466437,2005-01-21,"Norwich","Middlesbrough",NA,"Norwich","Middlesbrough"
"5043",466438,2005-01-21,"Southampton","Liverpool","Southampton",NA,NA
"5044",466439,2005-01-21,"West Brom","Manchester City","West Brom",NA,NA
"5045",466440,2005-01-22,"Arsenal","Newcastle","Arsenal",NA,NA
"5046",466441,2005-01-23,"Blackburn","Bolton","Bolton",NA,NA
"5047",466442,2005-01-31,"Arsenal","Manchester United","Manchester United",NA,NA
"5048",466443,2005-01-31,"Bolton","Tottenham","Bolton",NA,NA
"5049",466444,2005-01-31,"Charlton","Liverpool","Liverpool",NA,NA
"5050",466445,2005-01-31,"Portsmouth","Middlesbrough","Portsmouth",NA,NA
"5051",466446,2005-01-31,"West Brom","Crystal Palace",NA,"West Brom","Crystal Palace"
"5052",466447,2005-02-01,"Birmingham","Southampton","Birmingham",NA,NA
"5053",466448,2005-02-01,"Blackburn","Chelsea","Chelsea",NA,NA
"5054",466449,2005-02-01,"Everton","Norwich","Everton",NA,NA
"5055",466450,2005-02-01,"Fulham","Aston Villa",NA,"Fulham","Aston Villa"
"5056",466451,2005-02-01,"Manchester City","Newcastle",NA,"Manchester City","Newcastle"
"5057",466452,2005-02-04,"Aston Villa","Arsenal","Arsenal",NA,NA
"5058",466453,2005-02-04,"Crystal Palace","Bolton","Bolton",NA,NA
"5059",466454,2005-02-04,"Liverpool","Fulham","Liverpool",NA,NA
"5060",466455,2005-02-04,"Manchester United","Birmingham","Manchester United",NA,NA
"5061",466456,2005-02-04,"Middlesbrough","Blackburn","Middlesbrough",NA,NA
"5062",466457,2005-02-04,"Newcastle","Charlton",NA,"Newcastle","Charlton"
"5063",466458,2005-02-04,"Norwich","West Brom","Norwich",NA,NA
"5064",466459,2005-02-04,"Tottenham","Portsmouth","Tottenham",NA,NA
"5065",466460,2005-02-05,"Chelsea","Manchester City",NA,"Chelsea","Manchester City"
"5066",466461,2005-02-05,"Southampton","Everton",NA,"Southampton","Everton"
"5067",466462,2005-02-11,"Birmingham","Liverpool","Birmingham",NA,NA
"5068",466463,2005-02-11,"Blackburn","Norwich","Blackburn",NA,NA
"5069",466464,2005-02-11,"Bolton","Middlesbrough",NA,"Bolton","Middlesbrough"
"5070",466465,2005-02-11,"Everton","Chelsea","Chelsea",NA,NA
"5071",466466,2005-02-11,"Portsmouth","Aston Villa","Aston Villa",NA,NA
"5072",466467,2005-02-12,"Manchester City","Manchester United","Manchester United",NA,NA
"5073",466468,2005-02-13,"Arsenal","Crystal Palace","Arsenal",NA,NA
"5074",466469,2005-02-21,"West Brom","Southampton",NA,"West Brom","Southampton"
"5075",466470,2005-02-25,"Aston Villa","Everton","Everton",NA,NA
"5076",466471,2005-02-25,"Crystal Palace","Birmingham","Crystal Palace",NA,NA
"5077",466472,2005-02-25,"Manchester United","Portsmouth","Manchester United",NA,NA
"5078",466473,2005-02-25,"Southampton","Arsenal",NA,"Southampton","Arsenal"
"5079",466474,2005-02-25,"Tottenham","Fulham","Tottenham",NA,NA
"5080",466475,2005-02-26,"Middlesbrough","Charlton",NA,"Middlesbrough","Charlton"
"5081",466476,2005-02-26,"Newcastle","Bolton","Newcastle",NA,NA
"5082",466477,2005-02-27,"Norwich","Manchester City","Manchester City",NA,NA
"5083",466478,2005-03-04,"Arsenal","Portsmouth","Arsenal",NA,NA
"5084",466479,2005-03-04,"Aston Villa","Middlesbrough","Aston Villa",NA,NA
"5085",466480,2005-03-04,"Crystal Palace","Manchester United",NA,"Crystal Palace","Manchester United"
"5086",466481,2005-03-04,"Fulham","Charlton",NA,"Fulham","Charlton"
"5087",466482,2005-03-04,"Newcastle","Liverpool","Newcastle",NA,NA
"5088",466483,2005-03-04,"Norwich","Chelsea","Chelsea",NA,NA
"5089",466484,2005-03-04,"Southampton","Tottenham","Southampton",NA,NA
"5090",466485,2005-03-05,"Everton","Blackburn","Blackburn",NA,NA
"5091",466486,2005-03-05,"West Brom","Birmingham","West Brom",NA,NA
"5092",466487,2005-03-06,"Manchester City","Bolton","Bolton",NA,NA
"5093",466488,2005-03-14,"Chelsea","West Brom","Chelsea",NA,NA
"5094",466489,2005-03-15,"Charlton","Tottenham","Charlton",NA,NA
"5095",466490,2005-03-15,"Liverpool","Blackburn",NA,"Liverpool","Blackburn"
"5096",466491,2005-03-18,"Blackburn","Arsenal","Arsenal",NA,NA
"5097",466492,2005-03-18,"Bolton","Norwich","Bolton",NA,NA
"5098",466493,2005-03-18,"Charlton","West Brom","West Brom",NA,NA
"5099",466494,2005-03-18,"Chelsea","Crystal Palace","Chelsea",NA,NA
"5100",466495,2005-03-18,"Manchester United","Fulham","Manchester United",NA,NA
"5101",466496,2005-03-18,"Portsmouth","Newcastle",NA,"Portsmouth","Newcastle"
"5102",466497,2005-03-18,"Tottenham","Manchester City","Tottenham",NA,NA
"5103",466498,2005-03-19,"Birmingham","Aston Villa","Birmingham",NA,NA
"5104",466499,2005-03-19,"Liverpool","Everton","Liverpool",NA,NA
"5105",466500,2005-03-19,"Middlesbrough","Southampton","Southampton",NA,NA
"5106",466501,2005-04-01,"Arsenal","Norwich","Arsenal",NA,NA
"5107",466502,2005-04-01,"Birmingham","Tottenham",NA,"Birmingham","Tottenham"
"5108",466503,2005-04-01,"Charlton","Manchester City",NA,"Charlton","Manchester City"
"5109",466504,2005-04-01,"Crystal Palace","Middlesbrough","Middlesbrough",NA,NA
"5110",466505,2005-04-01,"Liverpool","Bolton","Liverpool",NA,NA
"5111",466506,2005-04-01,"Manchester United","Blackburn",NA,"Manchester United","Blackburn"
"5112",466507,2005-04-01,"Newcastle","Aston Villa","Aston Villa",NA,NA
"5113",466508,2005-04-01,"Southampton","Chelsea","Chelsea",NA,NA
"5114",466509,2005-04-02,"Fulham","Portsmouth","Fulham",NA,NA
"5115",466510,2005-04-02,"West Brom","Everton","West Brom",NA,NA
"5116",466511,2005-04-08,"Blackburn","Southampton","Blackburn",NA,NA
"5117",466512,2005-04-08,"Bolton","Fulham","Bolton",NA,NA
"5118",466513,2005-04-08,"Chelsea","Birmingham",NA,"Chelsea","Birmingham"
"5119",466514,2005-04-08,"Manchester City","Liverpool","Manchester City",NA,NA
"5120",466515,2005-04-08,"Middlesbrough","Arsenal","Arsenal",NA,NA
"5121",466516,2005-04-08,"Norwich","Manchester United","Norwich",NA,NA
"5122",466517,2005-04-08,"Portsmouth","Charlton","Portsmouth",NA,NA
"5123",466518,2005-04-09,"Aston Villa","West Brom",NA,"Aston Villa","West Brom"
"5124",466519,2005-04-09,"Everton","Crystal Palace","Everton",NA,NA
"5125",466520,2005-04-09,"Tottenham","Newcastle","Tottenham",NA,NA
"5126",466521,2005-04-15,"Birmingham","Portsmouth",NA,"Birmingham","Portsmouth"
"5127",466522,2005-04-15,"Charlton","Bolton","Bolton",NA,NA
"5128",466523,2005-04-15,"Crystal Palace","Norwich",NA,"Crystal Palace","Norwich"
"5129",466524,2005-04-15,"Fulham","Manchester City",NA,"Fulham","Manchester City"
"5130",466525,2005-04-15,"Liverpool","Tottenham",NA,"Liverpool","Tottenham"
"5131",466526,2005-04-15,"Southampton","Aston Villa","Aston Villa",NA,NA
"5132",466527,2005-04-18,"Bolton","Southampton",NA,"Bolton","Southampton"
"5133",466528,2005-04-18,"Middlesbrough","Fulham",NA,"Middlesbrough","Fulham"
"5134",466529,2005-04-19,"Aston Villa","Charlton",NA,"Aston Villa","Charlton"
"5135",466530,2005-04-19,"Blackburn","Crystal Palace","Blackburn",NA,NA
"5136",466531,2005-04-19,"Chelsea","Arsenal",NA,"Chelsea","Arsenal"
"5137",466532,2005-04-19,"Everton","Manchester United","Everton",NA,NA
"5138",466533,2005-04-19,"Manchester City","Birmingham","Manchester City",NA,NA
"5139",466534,2005-04-19,"Norwich","Newcastle","Norwich",NA,NA
"5140",466535,2005-04-19,"Portsmouth","Liverpool","Liverpool",NA,NA
"5141",466536,2005-04-19,"Tottenham","West Brom",NA,"Tottenham","West Brom"
"5142",466537,2005-04-22,"Aston Villa","Bolton",NA,"Aston Villa","Bolton"
"5143",466538,2005-04-22,"Blackburn","Manchester City",NA,"Blackburn","Manchester City"
"5144",466539,2005-04-22,"Chelsea","Fulham","Chelsea",NA,NA
"5145",466540,2005-04-22,"Crystal Palace","Liverpool","Crystal Palace",NA,NA
"5146",466541,2005-04-22,"Everton","Birmingham",NA,"Everton","Birmingham"
"5147",466542,2005-04-22,"Middlesbrough","West Brom","Middlesbrough",NA,NA
"5148",466543,2005-04-22,"Norwich","Charlton","Norwich",NA,NA
"5149",466544,2005-04-23,"Manchester United","Newcastle","Manchester United",NA,NA
"5150",466545,2005-04-23,"Portsmouth","Southampton","Portsmouth",NA,NA
"5151",466546,2005-04-24,"Arsenal","Tottenham","Arsenal",NA,NA
"5152",466547,2005-04-25,"West Brom","Blackburn",NA,"West Brom","Blackburn"
"5153",466548,2005-04-26,"Newcastle","Middlesbrough",NA,"Newcastle","Middlesbrough"
"5154",466549,2005-04-29,"Birmingham","Blackburn","Birmingham",NA,NA
"5155",466550,2005-04-29,"Bolton","Chelsea","Chelsea",NA,NA
"5156",466551,2005-04-29,"Fulham","Everton","Fulham",NA,NA
"5157",466552,2005-04-29,"Liverpool","Middlesbrough",NA,"Liverpool","Middlesbrough"
"5158",466553,2005-04-29,"Manchester City","Portsmouth","Manchester City",NA,NA
"5159",466554,2005-04-29,"Newcastle","Crystal Palace",NA,"Newcastle","Crystal Palace"
"5160",466555,2005-04-29,"Southampton","Norwich","Southampton",NA,NA
"5161",466556,2005-04-30,"Charlton","Manchester United","Manchester United",NA,NA
"5162",466557,2005-04-30,"Tottenham","Aston Villa","Tottenham",NA,NA
"5163",466558,2005-05-01,"West Brom","Arsenal","Arsenal",NA,NA
"5164",466559,2005-05-03,"Fulham","Newcastle","Newcastle",NA,NA
"5165",466560,2005-05-06,"Aston Villa","Manchester City","Manchester City",NA,NA
"5166",466561,2005-05-06,"Blackburn","Fulham","Fulham",NA,NA
"5167",466562,2005-05-06,"Chelsea","Charlton","Chelsea",NA,NA
"5168",466563,2005-05-06,"Crystal Palace","Southampton",NA,"Crystal Palace","Southampton"
"5169",466564,2005-05-06,"Everton","Newcastle","Everton",NA,NA
"5170",466565,2005-05-06,"Manchester United","West Brom",NA,"Manchester United","West Brom"
"5171",466566,2005-05-06,"Middlesbrough","Tottenham","Middlesbrough",NA,NA
"5172",466567,2005-05-06,"Norwich","Birmingham","Norwich",NA,NA
"5173",466568,2005-05-06,"Portsmouth","Bolton",NA,"Portsmouth","Bolton"
"5174",466569,2005-05-07,"Arsenal","Liverpool","Arsenal",NA,NA
"5175",466570,2005-05-09,"Manchester United","Chelsea","Chelsea",NA,NA
"5176",466571,2005-05-10,"Arsenal","Everton","Arsenal",NA,NA
"5177",466572,2005-05-14,"Birmingham","Arsenal","Birmingham",NA,NA
"5178",466573,2005-05-14,"Bolton","Everton","Bolton",NA,NA
"5179",466574,2005-05-14,"Charlton","Crystal Palace",NA,"Charlton","Crystal Palace"
"5180",466575,2005-05-14,"Fulham","Norwich","Fulham",NA,NA
"5181",466576,2005-05-14,"Liverpool","Aston Villa","Liverpool",NA,NA
"5182",466577,2005-05-14,"Manchester City","Middlesbrough",NA,"Manchester City","Middlesbrough"
"5183",466578,2005-05-14,"Newcastle","Chelsea",NA,"Newcastle","Chelsea"
"5184",466579,2005-05-14,"Southampton","Manchester United","Manchester United",NA,NA
"5185",466580,2005-05-14,"Tottenham","Blackburn",NA,"Tottenham","Blackburn"
"5186",466581,2005-05-14,"West Brom","Portsmouth","West Brom",NA,NA
"5187",465822,2005-08-12,"Aston Villa","Bolton",NA,"Aston Villa","Bolton"
"5188",465823,2005-08-12,"Everton","Manchester United","Manchester United",NA,NA
"5189",465824,2005-08-12,"Fulham","Birmingham",NA,"Fulham","Birmingham"
"5190",465825,2005-08-12,"Manchester City","West Brom",NA,"Manchester City","West Brom"
"5191",465826,2005-08-12,"Middlesbrough","Liverpool",NA,"Middlesbrough","Liverpool"
"5192",465827,2005-08-12,"Portsmouth","Tottenham","Tottenham",NA,NA
"5193",465828,2005-08-12,"Sunderland","Charlton","Charlton",NA,NA
"5194",465829,2005-08-12,"West Ham","Blackburn","West Ham",NA,NA
"5195",465830,2005-08-13,"Arsenal","Newcastle","Arsenal",NA,NA
"5196",465831,2005-08-13,"Wigan","Chelsea","Chelsea",NA,NA
"5197",465832,2005-08-19,"Birmingham","Manchester City","Manchester City",NA,NA
"5198",465833,2005-08-19,"Blackburn","Fulham","Blackburn",NA,NA
"5199",465834,2005-08-19,"Charlton","Wigan","Charlton",NA,NA
"5200",465835,2005-08-19,"Liverpool","Sunderland","Liverpool",NA,NA
"5201",465836,2005-08-19,"Manchester United","Aston Villa","Manchester United",NA,NA
"5202",465837,2005-08-19,"Newcastle","West Ham",NA,"Newcastle","West Ham"
"5203",465838,2005-08-19,"Tottenham","Middlesbrough","Tottenham",NA,NA
"5204",465839,2005-08-19,"West Brom","Portsmouth","West Brom",NA,NA
"5205",465840,2005-08-20,"Bolton","Everton","Everton",NA,NA
"5206",465841,2005-08-20,"Chelsea","Arsenal","Chelsea",NA,NA
"5207",465842,2005-08-22,"Birmingham","Middlesbrough","Middlesbrough",NA,NA
"5208",465843,2005-08-22,"Portsmouth","Aston Villa",NA,"Portsmouth","Aston Villa"
"5209",465844,2005-08-22,"Sunderland","Manchester City","Manchester City",NA,NA
"5210",465845,2005-08-23,"Arsenal","Fulham","Arsenal",NA,NA
"5211",465846,2005-08-23,"Blackburn","Tottenham",NA,"Blackburn","Tottenham"
"5212",465847,2005-08-23,"Bolton","Newcastle","Bolton",NA,NA
"5213",465848,2005-08-23,"Chelsea","West Brom","Chelsea",NA,NA
"5214",465849,2005-08-26,"Aston Villa","Blackburn","Aston Villa",NA,NA
"5215",465850,2005-08-26,"Fulham","Everton","Fulham",NA,NA
"5216",465851,2005-08-26,"Manchester City","Portsmouth","Manchester City",NA,NA
"5217",465852,2005-08-26,"Tottenham","Chelsea","Chelsea",NA,NA
"5218",465853,2005-08-26,"West Brom","Birmingham","Birmingham",NA,NA
"5219",465854,2005-08-26,"West Ham","Bolton","Bolton",NA,NA
"5220",465855,2005-08-26,"Wigan","Sunderland","Wigan",NA,NA
"5221",465856,2005-08-27,"Middlesbrough","Charlton","Charlton",NA,NA
"5222",465857,2005-08-27,"Newcastle","Manchester United","Manchester United",NA,NA
"5223",465858,2005-09-09,"Birmingham","Charlton","Charlton",NA,NA
"5224",465859,2005-09-09,"Chelsea","Sunderland","Chelsea",NA,NA
"5225",465860,2005-09-09,"Everton","Portsmouth","Portsmouth",NA,NA
"5226",465861,2005-09-09,"Manchester United","Manchester City",NA,"Manchester United","Manchester City"
"5227",465862,2005-09-09,"Middlesbrough","Arsenal","Middlesbrough",NA,NA
"5228",465863,2005-09-09,"Newcastle","Fulham",NA,"Newcastle","Fulham"
"5229",465864,2005-09-09,"Tottenham","Liverpool",NA,"Tottenham","Liverpool"
"5230",465865,2005-09-09,"West Brom","Wigan","Wigan",NA,NA
"5231",465866,2005-09-10,"Bolton","Blackburn",NA,"Bolton","Blackburn"
"5232",465867,2005-09-11,"West Ham","Aston Villa","West Ham",NA,NA
"5233",465868,2005-09-16,"Aston Villa","Tottenham",NA,"Aston Villa","Tottenham"
"5234",465869,2005-09-16,"Charlton","Chelsea","Chelsea",NA,NA
"5235",465870,2005-09-16,"Fulham","West Ham","West Ham",NA,NA
"5236",465871,2005-09-16,"Portsmouth","Birmingham",NA,"Portsmouth","Birmingham"
"5237",465872,2005-09-16,"Sunderland","West Brom",NA,"Sunderland","West Brom"
"5238",465873,2005-09-17,"Blackburn","Newcastle","Newcastle",NA,NA
"5239",465874,2005-09-17,"Liverpool","Manchester United",NA,"Liverpool","Manchester United"
"5240",465875,2005-09-17,"Manchester City","Bolton","Bolton",NA,NA
"5241",465876,2005-09-17,"Wigan","Middlesbrough",NA,"Wigan","Middlesbrough"
"5242",465877,2005-09-18,"Arsenal","Everton","Arsenal",NA,NA
"5243",465878,2005-09-23,"Birmingham","Liverpool",NA,"Birmingham","Liverpool"
"5244",465879,2005-09-23,"Bolton","Portsmouth","Bolton",NA,NA
"5245",465880,2005-09-23,"Chelsea","Aston Villa","Chelsea",NA,NA
"5246",465881,2005-09-23,"Everton","Wigan","Wigan",NA,NA
"5247",465882,2005-09-23,"Manchester United","Blackburn","Blackburn",NA,NA
"5248",465883,2005-09-23,"Newcastle","Manchester City","Newcastle",NA,NA
"5249",465884,2005-09-23,"West Brom","Charlton","Charlton",NA,NA
"5250",465885,2005-09-23,"West Ham","Arsenal",NA,"West Ham","Arsenal"
"5251",465886,2005-09-24,"Middlesbrough","Sunderland","Sunderland",NA,NA
"5252",465887,2005-09-25,"Tottenham","Fulham","Tottenham",NA,NA
"5253",465888,2005-09-30,"Blackburn","West Brom","Blackburn",NA,NA
"5254",465889,2005-09-30,"Charlton","Tottenham","Tottenham",NA,NA
"5255",465890,2005-09-30,"Fulham","Manchester United","Manchester United",NA,NA
"5256",465891,2005-09-30,"Portsmouth","Newcastle",NA,"Portsmouth","Newcastle"
"5257",465892,2005-09-30,"Sunderland","West Ham",NA,"Sunderland","West Ham"
"5258",465893,2005-10-01,"Arsenal","Birmingham","Arsenal",NA,NA
"5259",465894,2005-10-01,"Aston Villa","Middlesbrough","Middlesbrough",NA,NA
"5260",465895,2005-10-01,"Liverpool","Chelsea","Chelsea",NA,NA
"5261",465896,2005-10-01,"Manchester City","Everton","Manchester City",NA,NA
"5262",465897,2005-10-01,"Wigan","Bolton","Wigan",NA,NA
"5263",465898,2005-10-14,"Chelsea","Bolton","Chelsea",NA,NA
"5264",465899,2005-10-14,"Liverpool","Blackburn","Liverpool",NA,NA
"5265",465900,2005-10-14,"Middlesbrough","Portsmouth",NA,"Middlesbrough","Portsmouth"
"5266",465901,2005-10-14,"Sunderland","Manchester United","Manchester United",NA,NA
"5267",465902,2005-10-14,"Tottenham","Everton","Tottenham",NA,NA
"5268",465903,2005-10-14,"West Brom","Arsenal","West Brom",NA,NA
"5269",465904,2005-10-14,"Wigan","Newcastle","Wigan",NA,NA
"5270",465905,2005-10-15,"Birmingham","Aston Villa","Aston Villa",NA,NA
"5271",465906,2005-10-15,"Manchester City","West Ham","Manchester City",NA,NA
"5272",465907,2005-10-16,"Charlton","Fulham",NA,"Charlton","Fulham"
"5273",465908,2005-10-21,"Arsenal","Manchester City","Arsenal",NA,NA
"5274",465909,2005-10-21,"Aston Villa","Wigan","Wigan",NA,NA
"5275",465910,2005-10-21,"Blackburn","Birmingham","Blackburn",NA,NA
"5276",465911,2005-10-21,"Fulham","Liverpool","Fulham",NA,NA
"5277",465912,2005-10-21,"Manchester United","Tottenham",NA,"Manchester United","Tottenham"
"5278",465913,2005-10-21,"Portsmouth","Charlton","Charlton",NA,NA
"5279",465914,2005-10-22,"Bolton","West Brom","Bolton",NA,NA
"5280",465915,2005-10-22,"Everton","Chelsea",NA,"Everton","Chelsea"
"5281",465916,2005-10-22,"Newcastle","Sunderland","Newcastle",NA,NA
"5282",465917,2005-10-22,"West Ham","Middlesbrough","West Ham",NA,NA
"5283",465918,2005-10-28,"Birmingham","Everton","Everton",NA,NA
"5284",465919,2005-10-28,"Charlton","Bolton","Bolton",NA,NA
"5285",465920,2005-10-28,"Chelsea","Blackburn","Chelsea",NA,NA
"5286",465921,2005-10-28,"Liverpool","West Ham","Liverpool",NA,NA
"5287",465922,2005-10-28,"Middlesbrough","Manchester United","Middlesbrough",NA,NA
"5288",465923,2005-10-28,"Sunderland","Portsmouth","Portsmouth",NA,NA
"5289",465924,2005-10-28,"Tottenham","Arsenal",NA,"Tottenham","Arsenal"
"5290",465925,2005-10-28,"Wigan","Fulham","Wigan",NA,NA
"5291",465926,2005-10-29,"West Brom","Newcastle","Newcastle",NA,NA
"5292",465927,2005-10-30,"Manchester City","Aston Villa","Manchester City",NA,NA
"5293",465928,2005-11-04,"Arsenal","Sunderland","Arsenal",NA,NA
"5294",465929,2005-11-04,"Aston Villa","Liverpool","Liverpool",NA,NA
"5295",465930,2005-11-04,"Blackburn","Charlton","Blackburn",NA,NA
"5296",465931,2005-11-04,"Fulham","Manchester City","Fulham",NA,NA
"5297",465932,2005-11-04,"Newcastle","Birmingham","Newcastle",NA,NA
"5298",465933,2005-11-04,"Portsmouth","Wigan","Wigan",NA,NA
"5299",465934,2005-11-04,"West Ham","West Brom","West Ham",NA,NA
"5300",465935,2005-11-05,"Everton","Middlesbrough","Everton",NA,NA
"5301",465936,2005-11-05,"Manchester United","Chelsea","Manchester United",NA,NA
"5302",465937,2005-11-06,"Bolton","Tottenham","Bolton",NA,NA
"5303",465938,2005-11-18,"Charlton","Manchester United","Manchester United",NA,NA
"5304",465939,2005-11-18,"Chelsea","Newcastle","Chelsea",NA,NA
"5305",465940,2005-11-18,"Liverpool","Portsmouth","Liverpool",NA,NA
"5306",465941,2005-11-18,"Manchester City","Blackburn",NA,"Manchester City","Blackburn"
"5307",465942,2005-11-18,"Sunderland","Aston Villa","Aston Villa",NA,NA
"5308",465943,2005-11-18,"West Brom","Everton","West Brom",NA,NA
"5309",465944,2005-11-18,"Wigan","Arsenal","Arsenal",NA,NA
"5310",465945,2005-11-19,"Middlesbrough","Fulham","Middlesbrough",NA,NA
"5311",465946,2005-11-19,"Tottenham","West Ham",NA,"Tottenham","West Ham"
"5312",465947,2005-11-25,"Arsenal","Blackburn","Arsenal",NA,NA
"5313",465948,2005-11-25,"Aston Villa","Charlton","Aston Villa",NA,NA
"5314",465949,2005-11-25,"Manchester City","Liverpool","Liverpool",NA,NA
"5315",465950,2005-11-25,"Portsmouth","Chelsea","Chelsea",NA,NA
"5316",465951,2005-11-25,"Sunderland","Birmingham","Birmingham",NA,NA
"5317",465952,2005-11-25,"Wigan","Tottenham","Tottenham",NA,NA
"5318",465953,2005-11-26,"Everton","Newcastle","Everton",NA,NA
"5319",465954,2005-11-26,"Fulham","Bolton","Fulham",NA,NA
"5320",465955,2005-11-26,"Middlesbrough","West Brom",NA,"Middlesbrough","West Brom"
"5321",465956,2005-11-26,"West Ham","Manchester United","Manchester United",NA,NA
"5322",465957,2005-11-29,"Sunderland","Liverpool","Liverpool",NA,NA
"5323",465958,2005-12-02,"Blackburn","Everton","Everton",NA,NA
"5324",465959,2005-12-02,"Bolton","Arsenal","Bolton",NA,NA
"5325",465960,2005-12-02,"Chelsea","Middlesbrough","Chelsea",NA,NA
"5326",465961,2005-12-02,"Liverpool","Wigan","Liverpool",NA,NA
"5327",465962,2005-12-02,"Manchester United","Portsmouth","Manchester United",NA,NA
"5328",465963,2005-12-02,"Newcastle","Aston Villa",NA,"Newcastle","Aston Villa"
"5329",465964,2005-12-02,"Tottenham","Sunderland","Tottenham",NA,NA
"5330",465965,2005-12-02,"West Brom","Fulham",NA,"West Brom","Fulham"
"5331",465966,2005-12-03,"Charlton","Manchester City","Manchester City",NA,NA
"5332",465967,2005-12-04,"Birmingham","West Ham","West Ham",NA,NA
"5333",465968,2005-12-09,"Birmingham","Fulham","Birmingham",NA,NA
"5334",465969,2005-12-09,"Blackburn","West Ham","Blackburn",NA,NA
"5335",465970,2005-12-09,"Bolton","Aston Villa",NA,"Bolton","Aston Villa"
"5336",465971,2005-12-09,"Charlton","Sunderland","Charlton",NA,NA
"5337",465972,2005-12-09,"Chelsea","Wigan","Chelsea",NA,NA
"5338",465973,2005-12-09,"Liverpool","Middlesbrough","Liverpool",NA,NA
"5339",465974,2005-12-09,"Newcastle","Arsenal","Newcastle",NA,NA
"5340",465975,2005-12-09,"West Brom","Manchester City","West Brom",NA,NA
"5341",465976,2005-12-10,"Manchester United","Everton",NA,"Manchester United","Everton"
"5342",465977,2005-12-11,"Tottenham","Portsmouth","Tottenham",NA,NA
"5343",465978,2005-12-13,"Everton","West Ham","West Ham",NA,NA
"5344",465979,2005-12-13,"Manchester United","Wigan","Manchester United",NA,NA
"5345",465980,2005-12-16,"Aston Villa","Manchester United","Manchester United",NA,NA
"5346",465981,2005-12-16,"Everton","Bolton","Bolton",NA,NA
"5347",465982,2005-12-16,"Fulham","Blackburn","Fulham",NA,NA
"5348",465983,2005-12-16,"Manchester City","Birmingham","Manchester City",NA,NA
"5349",465984,2005-12-16,"Portsmouth","West Brom","Portsmouth",NA,NA
"5350",465985,2005-12-16,"West Ham","Newcastle","Newcastle",NA,NA
"5351",465986,2005-12-16,"Wigan","Charlton","Wigan",NA,NA
"5352",465987,2005-12-17,"Arsenal","Chelsea","Chelsea",NA,NA
"5353",465988,2005-12-17,"Middlesbrough","Tottenham",NA,"Middlesbrough","Tottenham"
"5354",465989,2005-12-25,"Aston Villa","Everton","Aston Villa",NA,NA
"5355",465990,2005-12-25,"Charlton","Arsenal","Arsenal",NA,NA
"5356",465991,2005-12-25,"Chelsea","Fulham","Chelsea",NA,NA
"5357",465992,2005-12-25,"Liverpool","Newcastle","Liverpool",NA,NA
"5358",465993,2005-12-25,"Manchester United","West Brom","Manchester United",NA,NA
"5359",465994,2005-12-25,"Middlesbrough","Blackburn","Blackburn",NA,NA
"5360",465995,2005-12-25,"Portsmouth","West Ham",NA,"Portsmouth","West Ham"
"5361",465996,2005-12-25,"Sunderland","Bolton",NA,"Sunderland","Bolton"
"5362",465997,2005-12-25,"Tottenham","Birmingham","Tottenham",NA,NA
"5363",465998,2005-12-25,"Wigan","Manchester City","Wigan",NA,NA
"5364",465999,2005-12-27,"Arsenal","Portsmouth","Arsenal",NA,NA
"5365",466000,2005-12-27,"Birmingham","Manchester United",NA,"Birmingham","Manchester United"
"5366",466001,2005-12-27,"Everton","Liverpool","Liverpool",NA,NA
"5367",466002,2005-12-27,"Fulham","Aston Villa",NA,"Fulham","Aston Villa"
"5368",466003,2005-12-27,"Manchester City","Chelsea","Chelsea",NA,NA
"5369",466004,2005-12-27,"West Brom","Tottenham","West Brom",NA,NA
"5370",466005,2005-12-27,"West Ham","Wigan","Wigan",NA,NA
"5371",466006,2005-12-30,"Aston Villa","Arsenal",NA,"Aston Villa","Arsenal"
"5372",466007,2005-12-30,"Charlton","West Ham","Charlton",NA,NA
"5373",466008,2005-12-30,"Chelsea","Birmingham","Chelsea",NA,NA
"5374",466009,2005-12-30,"Liverpool","West Brom","Liverpool",NA,NA
"5375",466010,2005-12-30,"Manchester United","Bolton","Manchester United",NA,NA
"5376",466011,2005-12-30,"Middlesbrough","Manchester City",NA,"Middlesbrough","Manchester City"
"5377",466012,2005-12-30,"Portsmouth","Fulham","Portsmouth",NA,NA
"5378",466013,2005-12-30,"Sunderland","Everton","Everton",NA,NA
"5379",466014,2005-12-30,"Tottenham","Newcastle","Tottenham",NA,NA
"5380",466015,2005-12-30,"Wigan","Blackburn","Blackburn",NA,NA
"5381",466016,2006-01-01,"Birmingham","Wigan","Birmingham",NA,NA
"5382",466017,2006-01-01,"Blackburn","Portsmouth","Blackburn",NA,NA
"5383",466018,2006-01-01,"Bolton","Liverpool",NA,"Bolton","Liverpool"
"5384",466019,2006-01-01,"Everton","Charlton","Everton",NA,NA
"5385",466020,2006-01-01,"Fulham","Sunderland","Fulham",NA,NA
"5386",466021,2006-01-01,"Newcastle","Middlesbrough",NA,"Newcastle","Middlesbrough"
"5387",466022,2006-01-01,"West Brom","Aston Villa","Aston Villa",NA,NA
"5388",466023,2006-01-01,"West Ham","Chelsea","Chelsea",NA,NA
"5389",466024,2006-01-02,"Arsenal","Manchester United",NA,"Arsenal","Manchester United"
"5390",466025,2006-01-03,"Manchester City","Tottenham","Tottenham",NA,NA
"5391",466026,2006-01-13,"Arsenal","Middlesbrough","Arsenal",NA,NA
"5392",466027,2006-01-13,"Aston Villa","West Ham","West Ham",NA,NA
"5393",466028,2006-01-13,"Blackburn","Bolton",NA,"Blackburn","Bolton"
"5394",466029,2006-01-13,"Charlton","Birmingham","Charlton",NA,NA
"5395",466030,2006-01-13,"Fulham","Newcastle","Fulham",NA,NA
"5396",466031,2006-01-13,"Liverpool","Tottenham","Liverpool",NA,NA
"5397",466032,2006-01-13,"Manchester City","Manchester United","Manchester City",NA,NA
"5398",466033,2006-01-13,"Portsmouth","Everton","Everton",NA,NA
"5399",466034,2006-01-14,"Sunderland","Chelsea","Chelsea",NA,NA
"5400",466035,2006-01-14,"Wigan","West Brom","West Brom",NA,NA
"5401",466036,2006-01-20,"Birmingham","Portsmouth","Birmingham",NA,NA
"5402",466037,2006-01-20,"Bolton","Manchester City","Bolton",NA,NA
"5403",466038,2006-01-20,"Everton","Arsenal","Everton",NA,NA
"5404",466039,2006-01-20,"Middlesbrough","Wigan","Wigan",NA,NA
"5405",466040,2006-01-20,"Newcastle","Blackburn","Blackburn",NA,NA
"5406",466041,2006-01-20,"Tottenham","Aston Villa",NA,"Tottenham","Aston Villa"
"5407",466042,2006-01-20,"West Brom","Sunderland","Sunderland",NA,NA
"5408",466043,2006-01-21,"Chelsea","Charlton",NA,"Chelsea","Charlton"
"5409",466044,2006-01-21,"Manchester United","Liverpool","Manchester United",NA,NA
"5410",466045,2006-01-22,"West Ham","Fulham","West Ham",NA,NA
"5411",466046,2006-01-30,"Charlton","West Brom",NA,"Charlton","West Brom"
"5412",466047,2006-01-30,"Fulham","Tottenham","Fulham",NA,NA
"5413",466048,2006-01-30,"Sunderland","Middlesbrough","Middlesbrough",NA,NA
"5414",466049,2006-01-30,"Wigan","Everton",NA,"Wigan","Everton"
"5415",466050,2006-01-31,"Arsenal","West Ham","West Ham",NA,NA
"5416",466051,2006-01-31,"Aston Villa","Chelsea",NA,"Aston Villa","Chelsea"
"5417",466052,2006-01-31,"Blackburn","Manchester United","Blackburn",NA,NA
"5418",466053,2006-01-31,"Liverpool","Birmingham",NA,"Liverpool","Birmingham"
"5419",466054,2006-01-31,"Manchester City","Newcastle","Manchester City",NA,NA
"5420",466055,2006-01-31,"Portsmouth","Bolton",NA,"Portsmouth","Bolton"
"5421",466056,2006-02-03,"Birmingham","Arsenal","Arsenal",NA,NA
"5422",466057,2006-02-03,"Bolton","Wigan",NA,"Bolton","Wigan"
"5423",466058,2006-02-03,"Everton","Manchester City","Everton",NA,NA
"5424",466059,2006-02-03,"Manchester United","Fulham","Manchester United",NA,NA
"5425",466060,2006-02-03,"Middlesbrough","Aston Villa","Aston Villa",NA,NA
"5426",466061,2006-02-03,"Newcastle","Portsmouth","Newcastle",NA,NA
"5427",466062,2006-02-03,"West Brom","Blackburn","West Brom",NA,NA
"5428",466063,2006-02-03,"West Ham","Sunderland","West Ham",NA,NA
"5429",466064,2006-02-04,"Chelsea","Liverpool","Chelsea",NA,NA
"5430",466065,2006-02-04,"Tottenham","Charlton","Tottenham",NA,NA
"5431",466066,2006-02-07,"Charlton","Liverpool","Charlton",NA,NA
"5432",466067,2006-02-10,"Arsenal","Bolton",NA,"Arsenal","Bolton"
"5433",466068,2006-02-10,"Aston Villa","Newcastle","Newcastle",NA,NA
"5434",466069,2006-02-10,"Everton","Blackburn","Everton",NA,NA
"5435",466070,2006-02-10,"Fulham","West Brom","Fulham",NA,NA
"5436",466071,2006-02-10,"Middlesbrough","Chelsea","Middlesbrough",NA,NA
"5437",466072,2006-02-10,"Portsmouth","Manchester United","Manchester United",NA,NA
"5438",466073,2006-02-10,"Wigan","Liverpool","Liverpool",NA,NA
"5439",466074,2006-02-11,"Manchester City","Charlton","Manchester City",NA,NA
"5440",466075,2006-02-11,"Sunderland","Tottenham",NA,"Sunderland","Tottenham"
"5441",466076,2006-02-12,"West Ham","Birmingham","West Ham",NA,NA
"5442",466077,2006-02-13,"Liverpool","Arsenal","Liverpool",NA,NA
"5443",466078,2006-02-14,"Blackburn","Sunderland","Blackburn",NA,NA
"5444",466079,2006-02-18,"Tottenham","Wigan",NA,"Tottenham","Wigan"
"5445",466080,2006-02-21,"Newcastle","Charlton",NA,"Newcastle","Charlton"
"5446",466081,2006-02-24,"Birmingham","Sunderland","Birmingham",NA,NA
"5447",466082,2006-02-24,"Blackburn","Arsenal","Blackburn",NA,NA
"5448",466083,2006-02-24,"Charlton","Aston Villa",NA,"Charlton","Aston Villa"
"5449",466084,2006-02-24,"Chelsea","Portsmouth","Chelsea",NA,NA
"5450",466085,2006-02-24,"Newcastle","Everton","Newcastle",NA,NA
"5451",466086,2006-02-25,"Bolton","Fulham","Bolton",NA,NA
"5452",466087,2006-02-25,"Liverpool","Manchester City","Liverpool",NA,NA
"5453",466088,2006-02-25,"West Brom","Middlesbrough","Middlesbrough",NA,NA
"5454",466089,2006-03-03,"Aston Villa","Portsmouth","Aston Villa",NA,NA
"5455",466090,2006-03-03,"Fulham","Arsenal","Arsenal",NA,NA
"5456",466091,2006-03-03,"Liverpool","Charlton",NA,"Liverpool","Charlton"
"5457",466092,2006-03-03,"Middlesbrough","Birmingham","Middlesbrough",NA,NA
"5458",466093,2006-03-03,"Newcastle","Bolton","Newcastle",NA,NA
"5459",466094,2006-03-03,"West Brom","Chelsea","Chelsea",NA,NA
"5460",466095,2006-03-03,"West Ham","Everton",NA,"West Ham","Everton"
"5461",466096,2006-03-04,"Manchester City","Sunderland","Manchester City",NA,NA
"5462",466097,2006-03-04,"Tottenham","Blackburn","Tottenham",NA,NA
"5463",466098,2006-03-05,"Wigan","Manchester United","Manchester United",NA,NA
"5464",466099,2006-03-10,"Birmingham","West Brom",NA,"Birmingham","West Brom"
"5465",466100,2006-03-10,"Blackburn","Aston Villa","Blackburn",NA,NA
"5466",466101,2006-03-10,"Bolton","West Ham","Bolton",NA,NA
"5467",466102,2006-03-10,"Chelsea","Tottenham","Chelsea",NA,NA
"5468",466103,2006-03-10,"Everton","Fulham","Everton",NA,NA
"5469",466104,2006-03-10,"Portsmouth","Manchester City","Portsmouth",NA,NA
"5470",466105,2006-03-10,"Sunderland","Wigan","Wigan",NA,NA
"5471",466106,2006-03-11,"Arsenal","Liverpool","Arsenal",NA,NA
"5472",466107,2006-03-11,"Charlton","Middlesbrough","Charlton",NA,NA
"5473",466108,2006-03-11,"Manchester United","Newcastle","Manchester United",NA,NA
"5474",466109,2006-03-14,"Liverpool","Fulham","Liverpool",NA,NA
"5475",466110,2006-03-17,"Arsenal","Charlton","Arsenal",NA,NA
"5476",466111,2006-03-17,"Birmingham","Tottenham","Tottenham",NA,NA
"5477",466112,2006-03-17,"Blackburn","Middlesbrough","Blackburn",NA,NA
"5478",466113,2006-03-17,"Bolton","Sunderland","Bolton",NA,NA
"5479",466114,2006-03-17,"Everton","Aston Villa","Everton",NA,NA
"5480",466115,2006-03-17,"Manchester City","Wigan","Wigan",NA,NA
"5481",466116,2006-03-17,"West Brom","Manchester United","Manchester United",NA,NA
"5482",466117,2006-03-17,"West Ham","Portsmouth","Portsmouth",NA,NA
"5483",466118,2006-03-18,"Fulham","Chelsea","Fulham",NA,NA
"5484",466119,2006-03-18,"Newcastle","Liverpool","Liverpool",NA,NA
"5485",466120,2006-03-24,"Aston Villa","Fulham",NA,"Aston Villa","Fulham"
"5486",466121,2006-03-24,"Chelsea","Manchester City","Chelsea",NA,NA
"5487",466122,2006-03-24,"Liverpool","Everton","Liverpool",NA,NA
"5488",466123,2006-03-24,"Sunderland","Blackburn","Blackburn",NA,NA
"5489",466124,2006-03-24,"Wigan","West Ham","West Ham",NA,NA
"5490",466125,2006-03-25,"Charlton","Newcastle","Charlton",NA,NA
"5491",466126,2006-03-25,"Manchester United","Birmingham","Manchester United",NA,NA
"5492",466127,2006-03-25,"Middlesbrough","Bolton","Middlesbrough",NA,NA
"5493",466128,2006-03-26,"Tottenham","West Brom","Tottenham",NA,NA
"5494",466129,2006-03-28,"Manchester United","West Ham","Manchester United",NA,NA
"5495",466130,2006-03-31,"Arsenal","Aston Villa","Arsenal",NA,NA
"5496",466131,2006-03-31,"Birmingham","Chelsea",NA,"Birmingham","Chelsea"
"5497",466132,2006-03-31,"Bolton","Manchester United","Manchester United",NA,NA
"5498",466133,2006-03-31,"Everton","Sunderland",NA,"Everton","Sunderland"
"5499",466134,2006-03-31,"Fulham","Portsmouth","Portsmouth",NA,NA
"5500",466135,2006-03-31,"Newcastle","Tottenham","Newcastle",NA,NA
"5501",466136,2006-03-31,"West Brom","Liverpool","Liverpool",NA,NA
"5502",466137,2006-04-01,"Manchester City","Middlesbrough","Middlesbrough",NA,NA
"5503",466138,2006-04-01,"West Ham","Charlton",NA,"West Ham","Charlton"
"5504",466139,2006-04-02,"Blackburn","Wigan",NA,"Blackburn","Wigan"
"5505",466140,2006-04-03,"Birmingham","Bolton","Birmingham",NA,NA
"5506",466141,2006-04-07,"Charlton","Everton",NA,"Charlton","Everton"
"5507",466142,2006-04-07,"Portsmouth","Blackburn",NA,"Portsmouth","Blackburn"
"5508",466143,2006-04-07,"Tottenham","Manchester City","Tottenham",NA,NA
"5509",466144,2006-04-07,"Wigan","Birmingham",NA,"Wigan","Birmingham"
"5510",466145,2006-04-08,"Aston Villa","West Brom",NA,"Aston Villa","West Brom"
"5511",466146,2006-04-08,"Chelsea","West Ham","Chelsea",NA,NA
"5512",466147,2006-04-08,"Liverpool","Bolton","Liverpool",NA,NA
"5513",466148,2006-04-08,"Manchester United","Arsenal","Manchester United",NA,NA
"5514",466149,2006-04-08,"Middlesbrough","Newcastle","Newcastle",NA,NA
"5515",466150,2006-04-11,"Portsmouth","Arsenal",NA,"Portsmouth","Arsenal"
"5516",466151,2006-04-13,"Manchester United","Sunderland",NA,"Manchester United","Sunderland"
"5517",466152,2006-04-14,"Arsenal","West Brom","Arsenal",NA,NA
"5518",466153,2006-04-14,"Bolton","Chelsea","Chelsea",NA,NA
"5519",466154,2006-04-14,"Everton","Tottenham","Tottenham",NA,NA
"5520",466155,2006-04-14,"Fulham","Charlton","Fulham",NA,NA
"5521",466156,2006-04-14,"Newcastle","Wigan","Newcastle",NA,NA
"5522",466157,2006-04-14,"Portsmouth","Middlesbrough","Portsmouth",NA,NA
"5523",466158,2006-04-14,"West Ham","Manchester City","West Ham",NA,NA
"5524",466159,2006-04-15,"Aston Villa","Birmingham","Aston Villa",NA,NA
"5525",466160,2006-04-15,"Blackburn","Liverpool","Liverpool",NA,NA
"5526",466161,2006-04-16,"Charlton","Portsmouth","Charlton",NA,NA
"5527",466162,2006-04-16,"Chelsea","Everton","Chelsea",NA,NA
"5528",466163,2006-04-16,"Middlesbrough","West Ham","Middlesbrough",NA,NA
"5529",466164,2006-04-16,"Sunderland","Newcastle","Newcastle",NA,NA
"5530",466165,2006-04-16,"Tottenham","Manchester United","Manchester United",NA,NA
"5531",466166,2006-04-16,"West Brom","Bolton",NA,"West Brom","Bolton"
"5532",466167,2006-04-17,"Wigan","Aston Villa","Wigan",NA,NA
"5533",466168,2006-04-18,"Birmingham","Blackburn","Birmingham",NA,NA
"5534",466169,2006-04-21,"Arsenal","Tottenham",NA,"Arsenal","Tottenham"
"5535",466170,2006-04-21,"Bolton","Charlton","Bolton",NA,NA
"5536",466171,2006-04-21,"Everton","Birmingham",NA,"Everton","Birmingham"
"5537",466172,2006-04-21,"Newcastle","West Brom","Newcastle",NA,NA
"5538",466173,2006-04-21,"Portsmouth","Sunderland","Portsmouth",NA,NA
"5539",466174,2006-04-23,"Fulham","Wigan","Fulham",NA,NA
"5540",466175,2006-04-24,"Aston Villa","Manchester City","Manchester City",NA,NA
"5541",466176,2006-04-25,"West Ham","Liverpool","Liverpool",NA,NA
"5542",466177,2006-04-28,"Birmingham","Newcastle",NA,"Birmingham","Newcastle"
"5543",466178,2006-04-28,"Charlton","Blackburn","Blackburn",NA,NA
"5544",466179,2006-04-28,"Chelsea","Manchester United","Chelsea",NA,NA
"5545",466180,2006-04-28,"Liverpool","Aston Villa","Liverpool",NA,NA
"5546",466181,2006-04-28,"Manchester City","Fulham","Fulham",NA,NA
"5547",466182,2006-04-28,"Middlesbrough","Everton","Everton",NA,NA
"5548",466183,2006-04-28,"Wigan","Portsmouth","Portsmouth",NA,NA
"5549",466184,2006-04-29,"Tottenham","Bolton","Tottenham",NA,NA
"5550",466185,2006-04-30,"Manchester United","Middlesbrough",NA,"Manchester United","Middlesbrough"
"5551",466186,2006-04-30,"Sunderland","Arsenal","Arsenal",NA,NA
"5552",466187,2006-04-30,"West Brom","West Ham","West Ham",NA,NA
"5553",466188,2006-05-01,"Blackburn","Chelsea","Blackburn",NA,NA
"5554",466189,2006-05-02,"Bolton","Middlesbrough",NA,"Bolton","Middlesbrough"
"5555",466190,2006-05-03,"Manchester City","Arsenal","Arsenal",NA,NA
"5556",466191,2006-05-03,"Sunderland","Fulham","Sunderland",NA,NA
"5557",466192,2006-05-06,"Arsenal","Wigan","Arsenal",NA,NA
"5558",466193,2006-05-06,"Aston Villa","Sunderland","Aston Villa",NA,NA
"5559",466194,2006-05-06,"Blackburn","Manchester City","Blackburn",NA,NA
"5560",466195,2006-05-06,"Bolton","Birmingham","Bolton",NA,NA
"5561",466196,2006-05-06,"Everton","West Brom",NA,"Everton","West Brom"
"5562",466197,2006-05-06,"Fulham","Middlesbrough","Fulham",NA,NA
"5563",466198,2006-05-06,"Manchester United","Charlton","Manchester United",NA,NA
"5564",466199,2006-05-06,"Newcastle","Chelsea","Newcastle",NA,NA
"5565",466200,2006-05-06,"Portsmouth","Liverpool","Liverpool",NA,NA
"5566",466201,2006-05-06,"West Ham","Tottenham","West Ham",NA,NA
"5567",465442,2006-08-18,"Arsenal","Aston Villa",NA,"Arsenal","Aston Villa"
"5568",465443,2006-08-18,"Bolton","Tottenham","Bolton",NA,NA
"5569",465444,2006-08-18,"Everton","Watford","Everton",NA,NA
"5570",465445,2006-08-18,"Newcastle","Wigan","Newcastle",NA,NA
"5571",465446,2006-08-18,"Portsmouth","Blackburn","Portsmouth",NA,NA
"5572",465447,2006-08-18,"Reading","Middlesbrough","Reading",NA,NA
"5573",465448,2006-08-18,"Sheffield United","Liverpool",NA,"Sheffield United","Liverpool"
"5574",465449,2006-08-18,"West Ham","Charlton","West Ham",NA,NA
"5575",465450,2006-08-19,"Chelsea","Manchester City","Chelsea",NA,NA
"5576",465451,2006-08-19,"Manchester United","Fulham","Manchester United",NA,NA
"5577",465452,2006-08-21,"Tottenham","Sheffield United","Tottenham",NA,NA
"5578",465453,2006-08-21,"Watford","West Ham",NA,"Watford","West Ham"
"5579",465454,2006-08-22,"Aston Villa","Reading","Aston Villa",NA,NA
"5580",465455,2006-08-22,"Blackburn","Everton",NA,"Blackburn","Everton"
"5581",465456,2006-08-22,"Charlton","Manchester United","Manchester United",NA,NA
"5582",465457,2006-08-22,"Fulham","Bolton",NA,"Fulham","Bolton"
"5583",465458,2006-08-22,"Manchester City","Portsmouth",NA,"Manchester City","Portsmouth"
"5584",465459,2006-08-22,"Middlesbrough","Chelsea","Middlesbrough",NA,NA
"5585",465460,2006-08-25,"Charlton","Bolton","Charlton",NA,NA
"5586",465461,2006-08-25,"Fulham","Sheffield United","Fulham",NA,NA
"5587",465462,2006-08-25,"Liverpool","West Ham","Liverpool",NA,NA
"5588",465463,2006-08-25,"Manchester City","Arsenal","Manchester City",NA,NA
"5589",465464,2006-08-25,"Tottenham","Everton","Everton",NA,NA
"5590",465465,2006-08-25,"Watford","Manchester United","Manchester United",NA,NA
"5591",465466,2006-08-25,"Wigan","Reading","Wigan",NA,NA
"5592",465467,2006-08-26,"Aston Villa","Newcastle","Aston Villa",NA,NA
"5593",465468,2006-08-26,"Blackburn","Chelsea","Chelsea",NA,NA
"5594",465469,2006-08-27,"Middlesbrough","Portsmouth","Portsmouth",NA,NA
"5595",465470,2006-09-08,"Arsenal","Middlesbrough",NA,"Arsenal","Middlesbrough"
"5596",465471,2006-09-08,"Bolton","Watford","Bolton",NA,NA
"5597",465472,2006-09-08,"Chelsea","Charlton","Chelsea",NA,NA
"5598",465473,2006-09-08,"Everton","Liverpool","Everton",NA,NA
"5599",465474,2006-09-08,"Manchester United","Tottenham","Manchester United",NA,NA
"5600",465475,2006-09-08,"Newcastle","Fulham","Fulham",NA,NA
"5601",465476,2006-09-08,"Portsmouth","Wigan","Portsmouth",NA,NA
"5602",465477,2006-09-08,"Sheffield United","Blackburn",NA,"Sheffield United","Blackburn"
"5603",465478,2006-09-09,"West Ham","Aston Villa",NA,"West Ham","Aston Villa"
"5604",465479,2006-09-10,"Reading","Manchester City","Reading",NA,NA
"5605",465480,2006-09-15,"Bolton","Middlesbrough",NA,"Bolton","Middlesbrough"
"5606",465481,2006-09-15,"Charlton","Portsmouth","Portsmouth",NA,NA
"5607",465482,2006-09-15,"Everton","Wigan",NA,"Everton","Wigan"
"5608",465483,2006-09-15,"Sheffield United","Reading","Reading",NA,NA
"5609",465484,2006-09-15,"Watford","Aston Villa",NA,"Watford","Aston Villa"
"5610",465485,2006-09-16,"Blackburn","Manchester City","Blackburn",NA,NA
"5611",465486,2006-09-16,"Chelsea","Liverpool","Chelsea",NA,NA
"5612",465487,2006-09-16,"Manchester United","Arsenal","Arsenal",NA,NA
"5613",465488,2006-09-16,"Tottenham","Fulham",NA,"Tottenham","Fulham"
"5614",465489,2006-09-16,"West Ham","Newcastle","Newcastle",NA,NA
"5615",465490,2006-09-19,"Liverpool","Newcastle","Liverpool",NA,NA
"5616",465491,2006-09-22,"Arsenal","Sheffield United","Arsenal",NA,NA
"5617",465492,2006-09-22,"Aston Villa","Charlton","Aston Villa",NA,NA
"5618",465493,2006-09-22,"Fulham","Chelsea","Chelsea",NA,NA
"5619",465494,2006-09-22,"Liverpool","Tottenham","Liverpool",NA,NA
"5620",465495,2006-09-22,"Manchester City","West Ham","Manchester City",NA,NA
"5621",465496,2006-09-22,"Middlesbrough","Blackburn","Blackburn",NA,NA
"5622",465497,2006-09-22,"Reading","Manchester United",NA,"Reading","Manchester United"
"5623",465498,2006-09-22,"Wigan","Watford",NA,"Wigan","Watford"
"5624",465499,2006-09-23,"Newcastle","Everton",NA,"Newcastle","Everton"
"5625",465500,2006-09-24,"Portsmouth","Bolton","Bolton",NA,NA
"5626",465501,2006-09-29,"Bolton","Liverpool","Bolton",NA,NA
"5627",465502,2006-09-29,"Charlton","Arsenal","Arsenal",NA,NA
"5628",465503,2006-09-29,"Chelsea","Aston Villa",NA,"Chelsea","Aston Villa"
"5629",465504,2006-09-29,"Everton","Manchester City",NA,"Everton","Manchester City"
"5630",465505,2006-09-29,"Sheffield United","Middlesbrough","Sheffield United",NA,NA
"5631",465506,2006-09-30,"Blackburn","Wigan","Blackburn",NA,NA
"5632",465507,2006-09-30,"Manchester United","Newcastle","Manchester United",NA,NA
"5633",465508,2006-09-30,"Tottenham","Portsmouth","Tottenham",NA,NA
"5634",465509,2006-09-30,"West Ham","Reading","Reading",NA,NA
"5635",465510,2006-10-01,"Watford","Fulham",NA,"Watford","Fulham"
"5636",465511,2006-10-13,"Arsenal","Watford","Arsenal",NA,NA
"5637",465512,2006-10-13,"Aston Villa","Tottenham",NA,"Aston Villa","Tottenham"
"5638",465513,2006-10-13,"Liverpool","Blackburn",NA,"Liverpool","Blackburn"
"5639",465514,2006-10-13,"Manchester City","Sheffield United",NA,"Manchester City","Sheffield United"
"5640",465515,2006-10-13,"Middlesbrough","Everton","Middlesbrough",NA,NA
"5641",465516,2006-10-13,"Portsmouth","West Ham","Portsmouth",NA,NA
"5642",465517,2006-10-13,"Reading","Chelsea","Chelsea",NA,NA
"5643",465518,2006-10-13,"Wigan","Manchester United","Manchester United",NA,NA
"5644",465519,2006-10-14,"Newcastle","Bolton","Bolton",NA,NA
"5645",465520,2006-10-15,"Fulham","Charlton","Fulham",NA,NA
"5646",465521,2006-10-20,"Aston Villa","Fulham",NA,"Aston Villa","Fulham"
"5647",465522,2006-10-20,"Charlton","Watford",NA,"Charlton","Watford"
"5648",465523,2006-10-20,"Chelsea","Portsmouth","Chelsea",NA,NA
"5649",465524,2006-10-20,"Everton","Sheffield United","Everton",NA,NA
"5650",465525,2006-10-20,"Wigan","Manchester City","Wigan",NA,NA
"5651",465526,2006-10-21,"Blackburn","Bolton","Bolton",NA,NA
"5652",465527,2006-10-21,"Manchester United","Liverpool","Manchester United",NA,NA
"5653",465528,2006-10-21,"Middlesbrough","Newcastle","Middlesbrough",NA,NA
"5654",465529,2006-10-21,"Reading","Arsenal","Arsenal",NA,NA
"5655",465530,2006-10-21,"Tottenham","West Ham","Tottenham",NA,NA
"5656",465531,2006-10-27,"Arsenal","Everton",NA,"Arsenal","Everton"
"5657",465532,2006-10-27,"Bolton","Manchester United","Manchester United",NA,NA
"5658",465533,2006-10-27,"Fulham","Wigan","Wigan",NA,NA
"5659",465534,2006-10-27,"Liverpool","Aston Villa","Liverpool",NA,NA
"5660",465535,2006-10-27,"Newcastle","Charlton",NA,"Newcastle","Charlton"
"5661",465536,2006-10-27,"Portsmouth","Reading","Portsmouth",NA,NA
"5662",465537,2006-10-27,"Sheffield United","Chelsea","Chelsea",NA,NA
"5663",465538,2006-10-27,"Watford","Tottenham",NA,"Watford","Tottenham"
"5664",465539,2006-10-28,"West Ham","Blackburn","West Ham",NA,NA
"5665",465540,2006-10-29,"Manchester City","Middlesbrough","Manchester City",NA,NA
"5666",465541,2006-11-03,"Bolton","Wigan","Wigan",NA,NA
"5667",465542,2006-11-03,"Charlton","Manchester City","Charlton",NA,NA
"5668",465543,2006-11-03,"Fulham","Everton","Fulham",NA,NA
"5669",465544,2006-11-03,"Liverpool","Reading","Liverpool",NA,NA
"5670",465545,2006-11-03,"Manchester United","Portsmouth","Manchester United",NA,NA
"5671",465546,2006-11-03,"Newcastle","Sheffield United","Sheffield United",NA,NA
"5672",465547,2006-11-03,"Watford","Middlesbrough","Watford",NA,NA
"5673",465548,2006-11-04,"Aston Villa","Blackburn","Aston Villa",NA,NA
"5674",465549,2006-11-04,"Tottenham","Chelsea","Tottenham",NA,NA
"5675",465550,2006-11-04,"West Ham","Arsenal","West Ham",NA,NA
"5676",465551,2006-11-10,"Blackburn","Manchester United","Manchester United",NA,NA
"5677",465552,2006-11-10,"Chelsea","Watford","Chelsea",NA,NA
"5678",465553,2006-11-10,"Everton","Aston Villa","Aston Villa",NA,NA
"5679",465554,2006-11-10,"Manchester City","Newcastle",NA,"Manchester City","Newcastle"
"5680",465555,2006-11-10,"Middlesbrough","West Ham","Middlesbrough",NA,NA
"5681",465556,2006-11-10,"Portsmouth","Fulham",NA,"Portsmouth","Fulham"
"5682",465557,2006-11-10,"Sheffield United","Bolton",NA,"Sheffield United","Bolton"
"5683",465558,2006-11-10,"Wigan","Charlton","Wigan",NA,NA
"5684",465559,2006-11-11,"Arsenal","Liverpool","Arsenal",NA,NA
"5685",465560,2006-11-11,"Reading","Tottenham","Reading",NA,NA
"5686",465561,2006-11-17,"Arsenal","Newcastle",NA,"Arsenal","Newcastle"
"5687",465562,2006-11-17,"Chelsea","West Ham","Chelsea",NA,NA
"5688",465563,2006-11-17,"Everton","Bolton","Everton",NA,NA
"5689",465564,2006-11-17,"Manchester City","Fulham","Manchester City",NA,NA
"5690",465565,2006-11-17,"Middlesbrough","Liverpool",NA,"Middlesbrough","Liverpool"
"5691",465566,2006-11-17,"Portsmouth","Watford","Portsmouth",NA,NA
"5692",465567,2006-11-17,"Reading","Charlton","Reading",NA,NA
"5693",465568,2006-11-17,"Sheffield United","Manchester United","Manchester United",NA,NA
"5694",465569,2006-11-18,"Blackburn","Tottenham",NA,"Blackburn","Tottenham"
"5695",465570,2006-11-18,"Wigan","Aston Villa",NA,"Wigan","Aston Villa"
"5696",465571,2006-11-24,"Aston Villa","Middlesbrough",NA,"Aston Villa","Middlesbrough"
"5697",465572,2006-11-24,"Bolton","Arsenal","Bolton",NA,NA
"5698",465573,2006-11-24,"Charlton","Everton",NA,"Charlton","Everton"
"5699",465574,2006-11-24,"Fulham","Reading","Reading",NA,NA
"5700",465575,2006-11-24,"Liverpool","Manchester City","Liverpool",NA,NA
"5701",465576,2006-11-24,"West Ham","Sheffield United","West Ham",NA,NA
"5702",465577,2006-11-25,"Manchester United","Chelsea",NA,"Manchester United","Chelsea"
"5703",465578,2006-11-25,"Newcastle","Portsmouth","Newcastle",NA,NA
"5704",465579,2006-11-25,"Tottenham","Wigan","Tottenham",NA,NA
"5705",465580,2006-11-27,"Watford","Sheffield United","Sheffield United",NA,NA
"5706",465581,2006-11-28,"Aston Villa","Manchester City","Manchester City",NA,NA
"5707",465582,2006-11-28,"Bolton","Chelsea","Chelsea",NA,NA
"5708",465583,2006-11-28,"Fulham","Arsenal","Fulham",NA,NA
"5709",465584,2006-11-28,"Liverpool","Portsmouth",NA,"Liverpool","Portsmouth"
"5710",465585,2006-11-28,"Manchester United","Everton","Manchester United",NA,NA
"5711",465586,2006-12-01,"Arsenal","Tottenham","Arsenal",NA,NA
"5712",465587,2006-12-01,"Blackburn","Fulham","Blackburn",NA,NA
"5713",465588,2006-12-01,"Middlesbrough","Manchester United","Manchester United",NA,NA
"5714",465589,2006-12-01,"Portsmouth","Aston Villa",NA,"Portsmouth","Aston Villa"
"5715",465590,2006-12-01,"Reading","Bolton","Reading",NA,NA
"5716",465591,2006-12-01,"Sheffield United","Charlton","Sheffield United",NA,NA
"5717",465592,2006-12-01,"Wigan","Liverpool","Liverpool",NA,NA
"5718",465593,2006-12-02,"Everton","West Ham","Everton",NA,NA
"5719",465594,2006-12-03,"Manchester City","Watford",NA,"Manchester City","Watford"
"5720",465595,2006-12-04,"Charlton","Blackburn","Charlton",NA,NA
"5721",465596,2006-12-04,"Tottenham","Middlesbrough","Tottenham",NA,NA
"5722",465597,2006-12-05,"Newcastle","Reading","Newcastle",NA,NA
"5723",465598,2006-12-05,"West Ham","Wigan","Wigan",NA,NA
"5724",465599,2006-12-08,"Blackburn","Newcastle","Newcastle",NA,NA
"5725",465600,2006-12-08,"Bolton","West Ham","Bolton",NA,NA
"5726",465601,2006-12-08,"Liverpool","Fulham","Liverpool",NA,NA
"5727",465602,2006-12-08,"Manchester United","Manchester City","Manchester United",NA,NA
"5728",465603,2006-12-08,"Middlesbrough","Wigan",NA,"Middlesbrough","Wigan"
"5729",465604,2006-12-08,"Portsmouth","Everton","Portsmouth",NA,NA
"5730",465605,2006-12-08,"Tottenham","Charlton","Tottenham",NA,NA
"5731",465606,2006-12-08,"Watford","Reading",NA,"Watford","Reading"
"5732",465607,2006-12-09,"Chelsea","Arsenal",NA,"Chelsea","Arsenal"
"5733",465608,2006-12-10,"Sheffield United","Aston Villa",NA,"Sheffield United","Aston Villa"
"5734",465609,2006-12-12,"Chelsea","Newcastle","Chelsea",NA,NA
"5735",465610,2006-12-12,"Wigan","Arsenal","Arsenal",NA,NA
"5736",465611,2006-12-15,"Arsenal","Portsmouth",NA,"Arsenal","Portsmouth"
"5737",465612,2006-12-15,"Aston Villa","Bolton","Bolton",NA,NA
"5738",465613,2006-12-15,"Charlton","Liverpool","Liverpool",NA,NA
"5739",465614,2006-12-15,"Newcastle","Watford","Newcastle",NA,NA
"5740",465615,2006-12-15,"Reading","Blackburn","Blackburn",NA,NA
"5741",465616,2006-12-15,"Wigan","Sheffield United","Sheffield United",NA,NA
"5742",465617,2006-12-16,"Everton","Chelsea","Chelsea",NA,NA
"5743",465618,2006-12-16,"Manchester City","Tottenham","Tottenham",NA,NA
"5744",465619,2006-12-16,"West Ham","Manchester United","West Ham",NA,NA
"5745",465620,2006-12-17,"Fulham","Middlesbrough","Fulham",NA,NA
"5746",465621,2006-12-22,"Arsenal","Blackburn","Arsenal",NA,NA
"5747",465622,2006-12-22,"Aston Villa","Manchester United","Manchester United",NA,NA
"5748",465623,2006-12-22,"Fulham","West Ham",NA,"Fulham","West Ham"
"5749",465624,2006-12-22,"Liverpool","Watford","Liverpool",NA,NA
"5750",465625,2006-12-22,"Manchester City","Bolton","Bolton",NA,NA
"5751",465626,2006-12-22,"Middlesbrough","Charlton","Middlesbrough",NA,NA
"5752",465627,2006-12-22,"Newcastle","Tottenham","Newcastle",NA,NA
"5753",465628,2006-12-22,"Portsmouth","Sheffield United","Portsmouth",NA,NA
"5754",465629,2006-12-22,"Reading","Everton","Everton",NA,NA
"5755",465630,2006-12-22,"Wigan","Chelsea","Chelsea",NA,NA
"5756",465631,2006-12-25,"Blackburn","Liverpool","Blackburn",NA,NA
"5757",465632,2006-12-25,"Bolton","Newcastle","Bolton",NA,NA
"5758",465633,2006-12-25,"Chelsea","Reading",NA,"Chelsea","Reading"
"5759",465634,2006-12-25,"Everton","Middlesbrough",NA,"Everton","Middlesbrough"
"5760",465635,2006-12-25,"Manchester United","Wigan","Manchester United",NA,NA
"5761",465636,2006-12-25,"Sheffield United","Manchester City","Manchester City",NA,NA
"5762",465637,2006-12-25,"Tottenham","Aston Villa","Tottenham",NA,NA
"5763",465638,2006-12-25,"Watford","Arsenal","Arsenal",NA,NA
"5764",465639,2006-12-25,"West Ham","Portsmouth","Portsmouth",NA,NA
"5765",465640,2006-12-26,"Charlton","Fulham",NA,"Charlton","Fulham"
"5766",465641,2006-12-29,"Blackburn","Middlesbrough","Blackburn",NA,NA
"5767",465642,2006-12-29,"Bolton","Portsmouth","Bolton",NA,NA
"5768",465643,2006-12-29,"Charlton","Aston Villa","Charlton",NA,NA
"5769",465644,2006-12-29,"Chelsea","Fulham",NA,"Chelsea","Fulham"
"5770",465645,2006-12-29,"Everton","Newcastle","Everton",NA,NA
"5771",465646,2006-12-29,"Manchester United","Reading","Manchester United",NA,NA
"5772",465647,2006-12-29,"Sheffield United","Arsenal","Sheffield United",NA,NA
"5773",465648,2006-12-29,"Tottenham","Liverpool","Liverpool",NA,NA
"5774",465649,2006-12-29,"West Ham","Manchester City","Manchester City",NA,NA
"5775",465650,2006-12-31,"Fulham","Watford",NA,"Fulham","Watford"
"5776",465651,2006-12-31,"Liverpool","Bolton","Liverpool",NA,NA
"5777",465652,2006-12-31,"Manchester City","Everton","Manchester City",NA,NA
"5778",465653,2006-12-31,"Middlesbrough","Sheffield United","Middlesbrough",NA,NA
"5779",465654,2006-12-31,"Newcastle","Manchester United",NA,"Newcastle","Manchester United"
"5780",465655,2006-12-31,"Portsmouth","Tottenham",NA,"Portsmouth","Tottenham"
"5781",465656,2006-12-31,"Reading","West Ham","Reading",NA,NA
"5782",465657,2006-12-31,"Wigan","Blackburn","Blackburn",NA,NA
"5783",465658,2007-01-01,"Arsenal","Charlton","Arsenal",NA,NA
"5784",465659,2007-01-01,"Aston Villa","Chelsea",NA,"Aston Villa","Chelsea"
"5785",465660,2007-01-12,"Blackburn","Arsenal","Arsenal",NA,NA
"5786",465661,2007-01-12,"Bolton","Manchester City",NA,"Bolton","Manchester City"
"5787",465662,2007-01-12,"Charlton","Middlesbrough","Middlesbrough",NA,NA
"5788",465663,2007-01-12,"Chelsea","Wigan","Chelsea",NA,NA
"5789",465664,2007-01-12,"Manchester United","Aston Villa","Manchester United",NA,NA
"5790",465665,2007-01-12,"Sheffield United","Portsmouth",NA,"Sheffield United","Portsmouth"
"5791",465666,2007-01-12,"Watford","Liverpool","Liverpool",NA,NA
"5792",465667,2007-01-12,"West Ham","Fulham",NA,"West Ham","Fulham"
"5793",465668,2007-01-13,"Everton","Reading",NA,"Everton","Reading"
"5794",465669,2007-01-13,"Tottenham","Newcastle","Newcastle",NA,NA
"5795",465670,2007-01-19,"Aston Villa","Watford","Aston Villa",NA,NA
"5796",465671,2007-01-19,"Fulham","Tottenham",NA,"Fulham","Tottenham"
"5797",465672,2007-01-19,"Liverpool","Chelsea","Liverpool",NA,NA
"5798",465673,2007-01-19,"Manchester City","Blackburn","Blackburn",NA,NA
"5799",465674,2007-01-19,"Middlesbrough","Bolton","Middlesbrough",NA,NA
"5800",465675,2007-01-19,"Newcastle","West Ham",NA,"Newcastle","West Ham"
"5801",465676,2007-01-19,"Portsmouth","Charlton","Charlton",NA,NA
"5802",465677,2007-01-19,"Reading","Sheffield United","Reading",NA,NA
"5803",465678,2007-01-20,"Arsenal","Manchester United","Arsenal",NA,NA
"5804",465679,2007-01-20,"Wigan","Everton","Everton",NA,NA
"5805",465680,2007-01-22,"Watford","Blackburn","Watford",NA,NA
"5806",465681,2007-01-29,"Portsmouth","Middlesbrough",NA,"Portsmouth","Middlesbrough"
"5807",465682,2007-01-29,"Reading","Wigan","Reading",NA,NA
"5808",465683,2007-01-29,"Sheffield United","Fulham","Sheffield United",NA,NA
"5809",465684,2007-01-29,"West Ham","Liverpool","Liverpool",NA,NA
"5810",465685,2007-01-30,"Bolton","Charlton",NA,"Bolton","Charlton"
"5811",465686,2007-01-30,"Chelsea","Blackburn","Chelsea",NA,NA
"5812",465687,2007-01-30,"Manchester United","Watford","Manchester United",NA,NA
"5813",465688,2007-01-30,"Newcastle","Aston Villa","Newcastle",NA,NA
"5814",465689,2007-02-02,"Aston Villa","West Ham","Aston Villa",NA,NA
"5815",465690,2007-02-02,"Blackburn","Sheffield United","Blackburn",NA,NA
"5816",465691,2007-02-02,"Charlton","Chelsea","Chelsea",NA,NA
"5817",465692,2007-02-02,"Fulham","Newcastle","Fulham",NA,NA
"5818",465693,2007-02-02,"Liverpool","Everton",NA,"Liverpool","Everton"
"5819",465694,2007-02-02,"Manchester City","Reading","Reading",NA,NA
"5820",465695,2007-02-02,"Middlesbrough","Arsenal",NA,"Middlesbrough","Arsenal"
"5821",465696,2007-02-02,"Watford","Bolton","Bolton",NA,NA
"5822",465697,2007-02-02,"Wigan","Portsmouth","Wigan",NA,NA
"5823",465698,2007-02-03,"Tottenham","Manchester United","Manchester United",NA,NA
"5824",465699,2007-02-09,"Chelsea","Middlesbrough","Chelsea",NA,NA
"5825",465700,2007-02-09,"Everton","Blackburn","Everton",NA,NA
"5826",465701,2007-02-09,"Manchester United","Charlton","Manchester United",NA,NA
"5827",465702,2007-02-09,"Newcastle","Liverpool","Newcastle",NA,NA
"5828",465703,2007-02-09,"Portsmouth","Manchester City","Portsmouth",NA,NA
"5829",465704,2007-02-09,"Reading","Aston Villa","Reading",NA,NA
"5830",465705,2007-02-09,"Sheffield United","Tottenham","Sheffield United",NA,NA
"5831",465706,2007-02-09,"West Ham","Watford","Watford",NA,NA
"5832",465707,2007-02-10,"Arsenal","Wigan","Arsenal",NA,NA
"5833",465708,2007-02-10,"Bolton","Fulham","Bolton",NA,NA
"5834",465709,2007-02-20,"Everton","Tottenham","Tottenham",NA,NA
"5835",465710,2007-02-20,"Watford","Wigan",NA,"Watford","Wigan"
"5836",465711,2007-02-23,"Charlton","West Ham","Charlton",NA,NA
"5837",465712,2007-02-23,"Fulham","Manchester United","Manchester United",NA,NA
"5838",465713,2007-02-23,"Liverpool","Sheffield United","Liverpool",NA,NA
"5839",465714,2007-02-23,"Middlesbrough","Reading","Middlesbrough",NA,NA
"5840",465715,2007-02-23,"Watford","Everton","Everton",NA,NA
"5841",465716,2007-02-24,"Blackburn","Portsmouth","Blackburn",NA,NA
"5842",465717,2007-02-24,"Tottenham","Bolton","Tottenham",NA,NA
"5843",465718,2007-02-24,"Wigan","Newcastle","Wigan",NA,NA
"5844",465719,2007-03-02,"Arsenal","Reading","Arsenal",NA,NA
"5845",465720,2007-03-02,"Fulham","Aston Villa",NA,"Fulham","Aston Villa"
"5846",465721,2007-03-02,"Liverpool","Manchester United","Manchester United",NA,NA
"5847",465722,2007-03-02,"Manchester City","Wigan","Wigan",NA,NA
"5848",465723,2007-03-02,"Newcastle","Middlesbrough",NA,"Newcastle","Middlesbrough"
"5849",465724,2007-03-02,"Portsmouth","Chelsea","Chelsea",NA,NA
"5850",465725,2007-03-02,"Sheffield United","Everton",NA,"Sheffield United","Everton"
"5851",465726,2007-03-02,"Watford","Charlton",NA,"Watford","Charlton"
"5852",465727,2007-03-03,"Bolton","Blackburn","Blackburn",NA,NA
"5853",465728,2007-03-03,"West Ham","Tottenham","Tottenham",NA,NA
"5854",465729,2007-03-13,"Aston Villa","Arsenal","Arsenal",NA,NA
"5855",465730,2007-03-13,"Manchester City","Chelsea","Chelsea",NA,NA
"5856",465731,2007-03-16,"Blackburn","West Ham","West Ham",NA,NA
"5857",465732,2007-03-16,"Chelsea","Sheffield United","Chelsea",NA,NA
"5858",465733,2007-03-16,"Manchester United","Bolton","Manchester United",NA,NA
"5859",465734,2007-03-16,"Middlesbrough","Manchester City","Manchester City",NA,NA
"5860",465735,2007-03-16,"Reading","Portsmouth",NA,"Reading","Portsmouth"
"5861",465736,2007-03-16,"Tottenham","Watford","Tottenham",NA,NA
"5862",465737,2007-03-16,"Wigan","Fulham",NA,"Wigan","Fulham"
"5863",465738,2007-03-17,"Aston Villa","Liverpool",NA,"Aston Villa","Liverpool"
"5864",465739,2007-03-17,"Charlton","Newcastle","Charlton",NA,NA
"5865",465740,2007-03-17,"Everton","Arsenal","Everton",NA,NA
"5866",465741,2007-03-30,"Bolton","Sheffield United","Bolton",NA,NA
"5867",465742,2007-03-30,"Charlton","Wigan","Charlton",NA,NA
"5868",465743,2007-03-30,"Fulham","Portsmouth",NA,"Fulham","Portsmouth"
"5869",465744,2007-03-30,"Liverpool","Arsenal","Liverpool",NA,NA
"5870",465745,2007-03-30,"Manchester United","Blackburn","Manchester United",NA,NA
"5871",465746,2007-03-30,"Newcastle","Manchester City","Manchester City",NA,NA
"5872",465747,2007-03-30,"Watford","Chelsea","Chelsea",NA,NA
"5873",465748,2007-03-30,"West Ham","Middlesbrough","West Ham",NA,NA
"5874",465749,2007-03-31,"Tottenham","Reading","Tottenham",NA,NA
"5875",465750,2007-04-01,"Aston Villa","Everton",NA,"Aston Villa","Everton"
"5876",465751,2007-04-05,"Everton","Fulham","Everton",NA,NA
"5877",465752,2007-04-05,"Manchester City","Charlton",NA,"Manchester City","Charlton"
"5878",465753,2007-04-06,"Arsenal","West Ham","West Ham",NA,NA
"5879",465754,2007-04-06,"Blackburn","Aston Villa","Aston Villa",NA,NA
"5880",465755,2007-04-06,"Chelsea","Tottenham","Chelsea",NA,NA
"5881",465756,2007-04-06,"Middlesbrough","Watford","Middlesbrough",NA,NA
"5882",465757,2007-04-06,"Portsmouth","Manchester United","Portsmouth",NA,NA
"5883",465758,2007-04-06,"Reading","Liverpool","Liverpool",NA,NA
"5884",465759,2007-04-06,"Sheffield United","Newcastle","Newcastle",NA,NA
"5885",465760,2007-04-06,"Wigan","Bolton","Bolton",NA,NA
"5886",465761,2007-04-08,"Aston Villa","Wigan",NA,"Aston Villa","Wigan"
"5887",465762,2007-04-08,"Bolton","Everton",NA,"Bolton","Everton"
"5888",465763,2007-04-08,"Charlton","Reading",NA,"Charlton","Reading"
"5889",465764,2007-04-08,"Fulham","Manchester City","Manchester City",NA,NA
"5890",465765,2007-04-08,"Newcastle","Arsenal",NA,"Newcastle","Arsenal"
"5891",465766,2007-04-08,"Watford","Portsmouth","Watford",NA,NA
"5892",465767,2007-04-13,"Arsenal","Bolton","Arsenal",NA,NA
"5893",465768,2007-04-13,"Manchester City","Liverpool",NA,"Manchester City","Liverpool"
"5894",465769,2007-04-13,"Middlesbrough","Aston Villa","Aston Villa",NA,NA
"5895",465770,2007-04-13,"Portsmouth","Newcastle","Portsmouth",NA,NA
"5896",465771,2007-04-13,"Reading","Fulham","Reading",NA,NA
"5897",465772,2007-04-13,"Sheffield United","West Ham","Sheffield United",NA,NA
"5898",465773,2007-04-14,"Everton","Charlton","Everton",NA,NA
"5899",465774,2007-04-14,"Wigan","Tottenham",NA,"Wigan","Tottenham"
"5900",465775,2007-04-16,"Arsenal","Manchester City","Arsenal",NA,NA
"5901",465776,2007-04-16,"Manchester United","Sheffield United","Manchester United",NA,NA
"5902",465777,2007-04-17,"Blackburn","Watford","Blackburn",NA,NA
"5903",465778,2007-04-17,"Liverpool","Middlesbrough","Liverpool",NA,NA
"5904",465779,2007-04-17,"West Ham","Chelsea","Chelsea",NA,NA
"5905",465780,2007-04-20,"Bolton","Reading","Reading",NA,NA
"5906",465781,2007-04-20,"Charlton","Sheffield United",NA,"Charlton","Sheffield United"
"5907",465782,2007-04-20,"Fulham","Blackburn",NA,"Fulham","Blackburn"
"5908",465783,2007-04-20,"Liverpool","Wigan","Liverpool",NA,NA
"5909",465784,2007-04-20,"Manchester United","Middlesbrough",NA,"Manchester United","Middlesbrough"
"5910",465785,2007-04-20,"Tottenham","Arsenal",NA,"Tottenham","Arsenal"
"5911",465786,2007-04-20,"Watford","Manchester City",NA,"Watford","Manchester City"
"5912",465787,2007-04-20,"West Ham","Everton","West Ham",NA,NA
"5913",465788,2007-04-21,"Aston Villa","Portsmouth",NA,"Aston Villa","Portsmouth"
"5914",465789,2007-04-21,"Newcastle","Chelsea",NA,"Newcastle","Chelsea"
"5915",465790,2007-04-27,"Blackburn","Charlton","Blackburn",NA,NA
"5916",465791,2007-04-27,"Chelsea","Bolton",NA,"Chelsea","Bolton"
"5917",465793,2007-04-27,"Manchester City","Aston Villa","Aston Villa",NA,NA
"5918",465794,2007-04-27,"Middlesbrough","Tottenham","Tottenham",NA,NA
"5919",465795,2007-04-27,"Portsmouth","Liverpool","Portsmouth",NA,NA
"5920",465796,2007-04-27,"Sheffield United","Watford","Sheffield United",NA,NA
"5921",465797,2007-04-27,"Wigan","West Ham","West Ham",NA,NA
"5922",465792,2007-04-27,"Everton","Manchester United","Manchester United",NA,NA
"5923",465798,2007-04-28,"Arsenal","Fulham","Arsenal",NA,NA
"5924",465799,2007-04-29,"Reading","Newcastle","Reading",NA,NA
"5925",465800,2007-05-04,"Aston Villa","Sheffield United","Aston Villa",NA,NA
"5926",465801,2007-05-04,"Everton","Portsmouth","Everton",NA,NA
"5927",465802,2007-05-04,"Fulham","Liverpool","Fulham",NA,NA
"5928",465803,2007-05-04,"Manchester City","Manchester United","Manchester United",NA,NA
"5929",465804,2007-05-04,"Newcastle","Blackburn","Blackburn",NA,NA
"5930",465805,2007-05-04,"Reading","Watford","Watford",NA,NA
"5931",465806,2007-05-04,"West Ham","Bolton","West Ham",NA,NA
"5932",465807,2007-05-04,"Wigan","Middlesbrough","Middlesbrough",NA,NA
"5933",465808,2007-05-05,"Arsenal","Chelsea",NA,"Arsenal","Chelsea"
"5934",465809,2007-05-06,"Charlton","Tottenham","Tottenham",NA,NA
"5935",465810,2007-05-08,"Chelsea","Manchester United",NA,"Chelsea","Manchester United"
"5936",465811,2007-05-09,"Tottenham","Blackburn",NA,"Tottenham","Blackburn"
"5937",465812,2007-05-12,"Blackburn","Reading",NA,"Blackburn","Reading"
"5938",465813,2007-05-12,"Bolton","Aston Villa",NA,"Bolton","Aston Villa"
"5939",465814,2007-05-12,"Chelsea","Everton",NA,"Chelsea","Everton"
"5940",465815,2007-05-12,"Liverpool","Charlton",NA,"Liverpool","Charlton"
"5941",465816,2007-05-12,"Manchester United","West Ham","West Ham",NA,NA
"5942",465817,2007-05-12,"Middlesbrough","Fulham","Middlesbrough",NA,NA
"5943",465818,2007-05-12,"Portsmouth","Arsenal",NA,"Portsmouth","Arsenal"
"5944",465819,2007-05-12,"Sheffield United","Wigan","Wigan",NA,NA
"5945",465820,2007-05-12,"Tottenham","Manchester City","Tottenham",NA,NA
"5946",465821,2007-05-12,"Watford","Newcastle",NA,"Watford","Newcastle"
"5947",465062,2007-08-10,"Aston Villa","Liverpool","Liverpool",NA,NA
"5948",465063,2007-08-10,"Bolton","Newcastle","Newcastle",NA,NA
"5949",465064,2007-08-10,"Derby","Portsmouth",NA,"Derby","Portsmouth"
"5950",465065,2007-08-10,"Everton","Wigan","Everton",NA,NA
"5951",465066,2007-08-10,"Middlesbrough","Blackburn","Blackburn",NA,NA
"5952",465067,2007-08-10,"Sunderland","Tottenham","Sunderland",NA,NA
"5953",465068,2007-08-10,"West Ham","Manchester City","Manchester City",NA,NA
"5954",465069,2007-08-11,"Arsenal","Fulham","Arsenal",NA,NA
"5955",465070,2007-08-11,"Chelsea","Birmingham","Chelsea",NA,NA
"5956",465071,2007-08-11,"Manchester United","Reading",NA,"Manchester United","Reading"
"5957",465072,2007-08-13,"Tottenham","Everton","Everton",NA,NA
"5958",465073,2007-08-14,"Birmingham","Sunderland",NA,"Birmingham","Sunderland"
"5959",465074,2007-08-14,"Fulham","Bolton","Fulham",NA,NA
"5960",465075,2007-08-14,"Manchester City","Derby","Manchester City",NA,NA
"5961",465076,2007-08-14,"Portsmouth","Manchester United",NA,"Portsmouth","Manchester United"
"5962",465077,2007-08-14,"Reading","Chelsea","Chelsea",NA,NA
"5963",465078,2007-08-14,"Wigan","Middlesbrough","Wigan",NA,NA
"5964",465079,2007-08-17,"Birmingham","West Ham","West Ham",NA,NA
"5965",465080,2007-08-17,"Fulham","Middlesbrough","Middlesbrough",NA,NA
"5966",465081,2007-08-17,"Newcastle","Aston Villa",NA,"Newcastle","Aston Villa"
"5967",465082,2007-08-17,"Portsmouth","Bolton","Portsmouth",NA,NA
"5968",465083,2007-08-17,"Reading","Everton","Reading",NA,NA
"5969",465084,2007-08-17,"Tottenham","Derby","Tottenham",NA,NA
"5970",465085,2007-08-17,"Wigan","Sunderland","Wigan",NA,NA
"5971",465086,2007-08-18,"Blackburn","Arsenal",NA,"Blackburn","Arsenal"
"5972",465087,2007-08-18,"Liverpool","Chelsea",NA,"Liverpool","Chelsea"
"5973",465088,2007-08-18,"Manchester City","Manchester United","Manchester City",NA,NA
"5974",465089,2007-08-24,"Arsenal","Manchester City","Arsenal",NA,NA
"5975",465090,2007-08-24,"Aston Villa","Fulham","Aston Villa",NA,NA
"5976",465091,2007-08-24,"Bolton","Reading","Bolton",NA,NA
"5977",465092,2007-08-24,"Chelsea","Portsmouth","Chelsea",NA,NA
"5978",465093,2007-08-24,"Derby","Birmingham","Birmingham",NA,NA
"5979",465094,2007-08-24,"Everton","Blackburn",NA,"Everton","Blackburn"
"5980",465095,2007-08-24,"Sunderland","Liverpool","Liverpool",NA,NA
"5981",465096,2007-08-24,"West Ham","Wigan",NA,"West Ham","Wigan"
"5982",465097,2007-08-25,"Manchester United","Tottenham","Manchester United",NA,NA
"5983",465098,2007-08-25,"Middlesbrough","Newcastle",NA,"Middlesbrough","Newcastle"
"5984",465099,2007-08-31,"Bolton","Everton","Everton",NA,NA
"5985",465100,2007-08-31,"Fulham","Tottenham",NA,"Fulham","Tottenham"
"5986",465101,2007-08-31,"Liverpool","Derby","Liverpool",NA,NA
"5987",465102,2007-08-31,"Manchester United","Sunderland","Manchester United",NA,NA
"5988",465103,2007-08-31,"Middlesbrough","Birmingham","Middlesbrough",NA,NA
"5989",465104,2007-08-31,"Newcastle","Wigan","Newcastle",NA,NA
"5990",465105,2007-08-31,"Reading","West Ham","West Ham",NA,NA
"5991",465106,2007-09-01,"Arsenal","Portsmouth","Arsenal",NA,NA
"5992",465107,2007-09-01,"Aston Villa","Chelsea","Aston Villa",NA,NA
"5993",465108,2007-09-01,"Blackburn","Manchester City","Blackburn",NA,NA
"5994",465109,2007-09-14,"Birmingham","Bolton","Birmingham",NA,NA
"5995",465110,2007-09-14,"Chelsea","Blackburn",NA,"Chelsea","Blackburn"
"5996",465111,2007-09-14,"Everton","Manchester United","Manchester United",NA,NA
"5997",465112,2007-09-14,"Portsmouth","Liverpool",NA,"Portsmouth","Liverpool"
"5998",465113,2007-09-14,"Sunderland","Reading","Sunderland",NA,NA
"5999",465114,2007-09-14,"Tottenham","Arsenal","Arsenal",NA,NA
"6000",465115,2007-09-14,"West Ham","Middlesbrough","West Ham",NA,NA
"6001",465116,2007-09-14,"Wigan","Fulham",NA,"Wigan","Fulham"
"6002",465117,2007-09-15,"Manchester City","Aston Villa","Manchester City",NA,NA
"6003",465118,2007-09-16,"Derby","Newcastle","Derby",NA,NA
"6004",465119,2007-09-21,"Arsenal","Derby","Arsenal",NA,NA
"6005",465120,2007-09-21,"Fulham","Manchester City",NA,"Fulham","Manchester City"
"6006",465121,2007-09-21,"Liverpool","Birmingham",NA,"Liverpool","Birmingham"
"6007",465122,2007-09-21,"Middlesbrough","Sunderland",NA,"Middlesbrough","Sunderland"
"6008",465123,2007-09-21,"Reading","Wigan","Reading",NA,NA
"6009",465124,2007-09-22,"Aston Villa","Everton","Aston Villa",NA,NA
"6010",465125,2007-09-22,"Blackburn","Portsmouth","Portsmouth",NA,NA
"6011",465126,2007-09-22,"Bolton","Tottenham",NA,"Bolton","Tottenham"
"6012",465127,2007-09-22,"Manchester United","Chelsea","Manchester United",NA,NA
"6013",465128,2007-09-22,"Newcastle","West Ham","Newcastle",NA,NA
"6014",465129,2007-09-28,"Birmingham","Manchester United","Manchester United",NA,NA
"6015",465130,2007-09-28,"Chelsea","Fulham",NA,"Chelsea","Fulham"
"6016",465131,2007-09-28,"Derby","Bolton",NA,"Derby","Bolton"
"6017",465132,2007-09-28,"Manchester City","Newcastle","Manchester City",NA,NA
"6018",465134,2007-09-28,"Sunderland","Blackburn","Blackburn",NA,NA
"6019",465135,2007-09-28,"West Ham","Arsenal","Arsenal",NA,NA
"6020",465136,2007-09-28,"Wigan","Liverpool","Liverpool",NA,NA
"6021",465133,2007-09-28,"Portsmouth","Reading","Portsmouth",NA,NA
"6022",465137,2007-09-29,"Everton","Middlesbrough","Everton",NA,NA
"6023",465138,2007-09-30,"Tottenham","Aston Villa",NA,"Tottenham","Aston Villa"
"6024",465139,2007-10-05,"Aston Villa","West Ham","Aston Villa",NA,NA
"6025",465140,2007-10-05,"Manchester United","Wigan","Manchester United",NA,NA
"6026",465141,2007-10-06,"Arsenal","Sunderland","Arsenal",NA,NA
"6027",465142,2007-10-06,"Blackburn","Birmingham","Blackburn",NA,NA
"6028",465143,2007-10-06,"Bolton","Chelsea","Chelsea",NA,NA
"6029",465144,2007-10-06,"Fulham","Portsmouth","Portsmouth",NA,NA
"6030",465145,2007-10-06,"Liverpool","Tottenham",NA,"Liverpool","Tottenham"
"6031",465146,2007-10-06,"Manchester City","Middlesbrough","Manchester City",NA,NA
"6032",465147,2007-10-06,"Newcastle","Everton","Newcastle",NA,NA
"6033",465148,2007-10-06,"Reading","Derby","Reading",NA,NA
"6034",465149,2007-10-19,"Arsenal","Bolton","Arsenal",NA,NA
"6035",465150,2007-10-19,"Aston Villa","Manchester United","Manchester United",NA,NA
"6036",465151,2007-10-19,"Blackburn","Reading","Blackburn",NA,NA
"6037",465152,2007-10-19,"Everton","Liverpool","Liverpool",NA,NA
"6038",465153,2007-10-19,"Fulham","Derby",NA,"Fulham","Derby"
"6039",465154,2007-10-19,"Manchester City","Birmingham","Manchester City",NA,NA
"6040",465155,2007-10-19,"Middlesbrough","Chelsea","Chelsea",NA,NA
"6041",465156,2007-10-19,"Wigan","Portsmouth","Portsmouth",NA,NA
"6042",465157,2007-10-20,"West Ham","Sunderland","West Ham",NA,NA
"6043",465158,2007-10-21,"Newcastle","Tottenham","Newcastle",NA,NA
"6044",465159,2007-10-26,"Birmingham","Wigan","Birmingham",NA,NA
"6045",465160,2007-10-26,"Chelsea","Manchester City","Chelsea",NA,NA
"6046",465161,2007-10-26,"Manchester United","Middlesbrough","Manchester United",NA,NA
"6047",465162,2007-10-26,"Portsmouth","West Ham",NA,"Portsmouth","West Ham"
"6048",465163,2007-10-26,"Reading","Newcastle","Reading",NA,NA
"6049",465164,2007-10-26,"Sunderland","Fulham",NA,"Sunderland","Fulham"
"6050",465165,2007-10-27,"Bolton","Aston Villa",NA,"Bolton","Aston Villa"
"6051",465166,2007-10-27,"Derby","Everton","Everton",NA,NA
"6052",465167,2007-10-27,"Liverpool","Arsenal",NA,"Liverpool","Arsenal"
"6053",465168,2007-10-27,"Tottenham","Blackburn","Blackburn",NA,NA
"6054",465169,2007-11-02,"Arsenal","Manchester United",NA,"Arsenal","Manchester United"
"6055",465170,2007-11-02,"Aston Villa","Derby","Aston Villa",NA,NA
"6056",465171,2007-11-02,"Blackburn","Liverpool",NA,"Blackburn","Liverpool"
"6057",465172,2007-11-02,"Everton","Birmingham","Everton",NA,NA
"6058",465173,2007-11-02,"Fulham","Reading","Fulham",NA,NA
"6059",465174,2007-11-02,"Middlesbrough","Tottenham",NA,"Middlesbrough","Tottenham"
"6060",465175,2007-11-02,"Newcastle","Portsmouth","Portsmouth",NA,NA
"6061",465176,2007-11-02,"Wigan","Chelsea","Chelsea",NA,NA
"6062",465177,2007-11-03,"West Ham","Bolton",NA,"West Ham","Bolton"
"6063",465178,2007-11-04,"Manchester City","Sunderland","Manchester City",NA,NA
"6064",465179,2007-11-09,"Derby","West Ham","West Ham",NA,NA
"6065",465180,2007-11-09,"Liverpool","Fulham","Liverpool",NA,NA
"6066",465181,2007-11-09,"Sunderland","Newcastle",NA,"Sunderland","Newcastle"
"6067",465182,2007-11-10,"Birmingham","Aston Villa","Aston Villa",NA,NA
"6068",465183,2007-11-10,"Bolton","Middlesbrough",NA,"Bolton","Middlesbrough"
"6069",465184,2007-11-10,"Chelsea","Everton",NA,"Chelsea","Everton"
"6070",465185,2007-11-10,"Manchester United","Blackburn","Manchester United",NA,NA
"6071",465186,2007-11-10,"Portsmouth","Manchester City",NA,"Portsmouth","Manchester City"
"6072",465187,2007-11-10,"Tottenham","Wigan","Tottenham",NA,NA
"6073",465188,2007-11-11,"Reading","Arsenal","Arsenal",NA,NA
"6074",465189,2007-11-23,"Arsenal","Wigan","Arsenal",NA,NA
"6075",465190,2007-11-23,"Birmingham","Portsmouth","Portsmouth",NA,NA
"6076",465191,2007-11-23,"Bolton","Manchester United","Bolton",NA,NA
"6077",465192,2007-11-23,"Derby","Chelsea","Chelsea",NA,NA
"6078",465193,2007-11-23,"Everton","Sunderland","Everton",NA,NA
"6079",465194,2007-11-23,"Manchester City","Reading","Manchester City",NA,NA
"6080",465195,2007-11-23,"Middlesbrough","Aston Villa","Aston Villa",NA,NA
"6081",465196,2007-11-23,"Newcastle","Liverpool","Liverpool",NA,NA
"6082",465197,2007-11-24,"Fulham","Blackburn",NA,"Fulham","Blackburn"
"6083",465198,2007-11-24,"West Ham","Tottenham",NA,"West Ham","Tottenham"
"6084",465199,2007-11-27,"Blackburn","Aston Villa","Aston Villa",NA,NA
"6085",465200,2007-11-30,"Aston Villa","Arsenal","Arsenal",NA,NA
"6086",465201,2007-11-30,"Blackburn","Newcastle","Blackburn",NA,NA
"6087",465202,2007-11-30,"Chelsea","West Ham","Chelsea",NA,NA
"6088",465203,2007-11-30,"Portsmouth","Everton",NA,"Portsmouth","Everton"
"6089",465204,2007-11-30,"Reading","Middlesbrough",NA,"Reading","Middlesbrough"
"6090",465205,2007-11-30,"Sunderland","Derby","Sunderland",NA,NA
"6091",465206,2007-11-30,"Wigan","Manchester City",NA,"Wigan","Manchester City"
"6092",465207,2007-12-01,"Liverpool","Bolton","Liverpool",NA,NA
"6093",465208,2007-12-01,"Tottenham","Birmingham","Birmingham",NA,NA
"6094",465209,2007-12-02,"Manchester United","Fulham","Manchester United",NA,NA
"6095",465210,2007-12-04,"Newcastle","Arsenal",NA,"Newcastle","Arsenal"
"6096",465211,2007-12-07,"Aston Villa","Portsmouth","Portsmouth",NA,NA
"6097",465212,2007-12-07,"Chelsea","Sunderland","Chelsea",NA,NA
"6098",465213,2007-12-07,"Everton","Fulham","Everton",NA,NA
"6099",465214,2007-12-07,"Manchester United","Derby","Manchester United",NA,NA
"6100",465215,2007-12-07,"Newcastle","Birmingham","Newcastle",NA,NA
"6101",465216,2007-12-07,"Reading","Liverpool","Reading",NA,NA
"6102",465217,2007-12-08,"Blackburn","West Ham","West Ham",NA,NA
"6103",465218,2007-12-08,"Bolton","Wigan","Bolton",NA,NA
"6104",465219,2007-12-08,"Middlesbrough","Arsenal","Middlesbrough",NA,NA
"6105",465220,2007-12-08,"Tottenham","Manchester City","Tottenham",NA,NA
"6106",465221,2007-12-14,"Birmingham","Reading",NA,"Birmingham","Reading"
"6107",465222,2007-12-14,"Derby","Middlesbrough","Middlesbrough",NA,NA
"6108",465223,2007-12-14,"Fulham","Newcastle","Newcastle",NA,NA
"6109",465224,2007-12-14,"Manchester City","Bolton","Manchester City",NA,NA
"6110",465225,2007-12-14,"Portsmouth","Tottenham","Tottenham",NA,NA
"6111",465226,2007-12-14,"Sunderland","Aston Villa",NA,"Sunderland","Aston Villa"
"6112",465227,2007-12-14,"West Ham","Everton","Everton",NA,NA
"6113",465228,2007-12-14,"Wigan","Blackburn","Wigan",NA,NA
"6114",465229,2007-12-15,"Arsenal","Chelsea","Arsenal",NA,NA
"6115",465230,2007-12-15,"Liverpool","Manchester United","Manchester United",NA,NA
"6116",465231,2007-12-21,"Arsenal","Tottenham","Arsenal",NA,NA
"6117",465232,2007-12-21,"Aston Villa","Manchester City",NA,"Aston Villa","Manchester City"
"6118",465233,2007-12-21,"Bolton","Birmingham","Bolton",NA,NA
"6119",465234,2007-12-21,"Fulham","Wigan",NA,"Fulham","Wigan"
"6120",465235,2007-12-21,"Liverpool","Portsmouth","Liverpool",NA,NA
"6121",465236,2007-12-21,"Middlesbrough","West Ham","West Ham",NA,NA
"6122",465237,2007-12-21,"Reading","Sunderland","Reading",NA,NA
"6123",465238,2007-12-22,"Blackburn","Chelsea","Chelsea",NA,NA
"6124",465239,2007-12-22,"Manchester United","Everton","Manchester United",NA,NA
"6125",465240,2007-12-22,"Newcastle","Derby",NA,"Newcastle","Derby"
"6126",465241,2007-12-25,"Birmingham","Middlesbrough","Birmingham",NA,NA
"6127",465242,2007-12-25,"Chelsea","Aston Villa",NA,"Chelsea","Aston Villa"
"6128",465243,2007-12-25,"Derby","Liverpool","Liverpool",NA,NA
"6129",465244,2007-12-25,"Everton","Bolton","Everton",NA,NA
"6130",465245,2007-12-25,"Portsmouth","Arsenal",NA,"Portsmouth","Arsenal"
"6131",465247,2007-12-25,"Tottenham","Fulham","Tottenham",NA,NA
"6132",465248,2007-12-25,"West Ham","Reading",NA,"West Ham","Reading"
"6133",465249,2007-12-25,"Wigan","Newcastle","Wigan",NA,NA
"6134",465246,2007-12-25,"Sunderland","Manchester United","Manchester United",NA,NA
"6135",465250,2007-12-26,"Manchester City","Blackburn",NA,"Manchester City","Blackburn"
"6136",465251,2007-12-28,"Birmingham","Fulham",NA,"Birmingham","Fulham"
"6137",465252,2007-12-28,"Chelsea","Newcastle","Chelsea",NA,NA
"6138",465253,2007-12-28,"Everton","Arsenal","Arsenal",NA,NA
"6139",465254,2007-12-28,"Portsmouth","Middlesbrough","Middlesbrough",NA,NA
"6140",465255,2007-12-28,"Sunderland","Bolton","Sunderland",NA,NA
"6141",465256,2007-12-28,"Tottenham","Reading","Tottenham",NA,NA
"6142",465257,2007-12-28,"West Ham","Manchester United","West Ham",NA,NA
"6143",465258,2007-12-28,"Wigan","Aston Villa","Aston Villa",NA,NA
"6144",465259,2007-12-29,"Derby","Blackburn","Blackburn",NA,NA
"6145",465260,2007-12-29,"Manchester City","Liverpool",NA,"Manchester City","Liverpool"
"6146",465261,2007-12-31,"Arsenal","West Ham","Arsenal",NA,NA
"6147",465262,2007-12-31,"Aston Villa","Tottenham","Aston Villa",NA,NA
"6148",465263,2007-12-31,"Fulham","Chelsea","Chelsea",NA,NA
"6149",465265,2007-12-31,"Middlesbrough","Everton","Everton",NA,NA
"6150",465266,2007-12-31,"Reading","Portsmouth","Portsmouth",NA,NA
"6151",465264,2007-12-31,"Manchester United","Birmingham","Manchester United",NA,NA
"6152",465267,2008-01-01,"Blackburn","Sunderland","Blackburn",NA,NA
"6153",465268,2008-01-01,"Bolton","Derby","Bolton",NA,NA
"6154",465269,2008-01-01,"Liverpool","Wigan",NA,"Liverpool","Wigan"
"6155",465270,2008-01-01,"Newcastle","Manchester City","Manchester City",NA,NA
"6156",465271,2008-01-11,"Arsenal","Birmingham",NA,"Arsenal","Birmingham"
"6157",465272,2008-01-11,"Aston Villa","Reading","Aston Villa",NA,NA
"6158",465273,2008-01-11,"Chelsea","Tottenham","Chelsea",NA,NA
"6159",465274,2008-01-11,"Derby","Wigan","Wigan",NA,NA
"6160",465275,2008-01-11,"Everton","Manchester City","Everton",NA,NA
"6161",465276,2008-01-11,"Manchester United","Newcastle","Manchester United",NA,NA
"6162",465277,2008-01-11,"Middlesbrough","Liverpool",NA,"Middlesbrough","Liverpool"
"6163",465278,2008-01-11,"West Ham","Fulham","West Ham",NA,NA
"6164",465279,2008-01-12,"Bolton","Blackburn","Blackburn",NA,NA
"6165",465280,2008-01-12,"Sunderland","Portsmouth","Sunderland",NA,NA
"6166",465281,2008-01-18,"Birmingham","Chelsea","Chelsea",NA,NA
"6167",465282,2008-01-18,"Blackburn","Middlesbrough",NA,"Blackburn","Middlesbrough"
"6168",465283,2008-01-18,"Fulham","Arsenal","Arsenal",NA,NA
"6169",465284,2008-01-18,"Newcastle","Bolton",NA,"Newcastle","Bolton"
"6170",465285,2008-01-18,"Portsmouth","Derby","Portsmouth",NA,NA
"6171",465287,2008-01-18,"Tottenham","Sunderland","Tottenham",NA,NA
"6172",465286,2008-01-18,"Reading","Manchester United","Manchester United",NA,NA
"6173",465288,2008-01-19,"Manchester City","West Ham",NA,"Manchester City","West Ham"
"6174",465289,2008-01-19,"Wigan","Everton","Everton",NA,NA
"6175",465290,2008-01-20,"Liverpool","Aston Villa",NA,"Liverpool","Aston Villa"
"6176",465291,2008-01-25,"Aston Villa","Blackburn",NA,"Aston Villa","Blackburn"
"6177",465292,2008-01-28,"Arsenal","Newcastle","Arsenal",NA,NA
"6178",465293,2008-01-28,"Bolton","Fulham",NA,"Bolton","Fulham"
"6179",465294,2008-01-28,"Middlesbrough","Wigan","Middlesbrough",NA,NA
"6180",465295,2008-01-28,"Sunderland","Birmingham","Sunderland",NA,NA
"6181",465296,2008-01-29,"Chelsea","Reading","Chelsea",NA,NA
"6182",465297,2008-01-29,"Derby","Manchester City",NA,"Derby","Manchester City"
"6183",465298,2008-01-29,"Everton","Tottenham",NA,"Everton","Tottenham"
"6184",465299,2008-01-29,"Manchester United","Portsmouth","Manchester United",NA,NA
"6185",465300,2008-01-29,"West Ham","Liverpool","West Ham",NA,NA
"6186",465301,2008-02-01,"Birmingham","Derby",NA,"Birmingham","Derby"
"6187",465302,2008-02-01,"Blackburn","Everton",NA,"Blackburn","Everton"
"6188",465303,2008-02-01,"Liverpool","Sunderland","Liverpool",NA,NA
"6189",465304,2008-02-01,"Manchester City","Arsenal","Arsenal",NA,NA
"6190",465305,2008-02-01,"Portsmouth","Chelsea",NA,"Portsmouth","Chelsea"
"6191",465306,2008-02-01,"Reading","Bolton","Bolton",NA,NA
"6192",465307,2008-02-01,"Tottenham","Manchester United",NA,"Tottenham","Manchester United"
"6193",465308,2008-02-01,"Wigan","West Ham","Wigan",NA,NA
"6194",465309,2008-02-02,"Fulham","Aston Villa","Fulham",NA,NA
"6195",465310,2008-02-02,"Newcastle","Middlesbrough",NA,"Newcastle","Middlesbrough"
"6196",465311,2008-02-08,"Aston Villa","Newcastle","Aston Villa",NA,NA
"6197",465312,2008-02-08,"Bolton","Portsmouth","Portsmouth",NA,NA
"6198",465313,2008-02-08,"Derby","Tottenham","Tottenham",NA,NA
"6199",465314,2008-02-08,"Everton","Reading","Everton",NA,NA
"6200",465315,2008-02-08,"Middlesbrough","Fulham","Middlesbrough",NA,NA
"6201",465316,2008-02-08,"Sunderland","Wigan","Sunderland",NA,NA
"6202",465317,2008-02-08,"West Ham","Birmingham",NA,"West Ham","Birmingham"
"6203",465318,2008-02-09,"Chelsea","Liverpool",NA,"Chelsea","Liverpool"
"6204",465319,2008-02-09,"Manchester United","Manchester City","Manchester City",NA,NA
"6205",465320,2008-02-10,"Arsenal","Blackburn","Arsenal",NA,NA
"6206",465321,2008-02-22,"Birmingham","Arsenal",NA,"Birmingham","Arsenal"
"6207",465322,2008-02-22,"Fulham","West Ham","West Ham",NA,NA
"6208",465323,2008-02-22,"Liverpool","Middlesbrough","Liverpool",NA,NA
"6209",465324,2008-02-22,"Newcastle","Manchester United","Manchester United",NA,NA
"6210",465325,2008-02-22,"Portsmouth","Sunderland","Portsmouth",NA,NA
"6211",465326,2008-02-22,"Wigan","Derby","Wigan",NA,NA
"6212",465327,2008-02-23,"Blackburn","Bolton","Blackburn",NA,NA
"6213",465328,2008-02-23,"Reading","Aston Villa","Aston Villa",NA,NA
"6214",465329,2008-02-24,"Manchester City","Everton","Everton",NA,NA
"6215",465330,2008-02-29,"Arsenal","Aston Villa",NA,"Arsenal","Aston Villa"
"6216",465331,2008-02-29,"Birmingham","Tottenham","Birmingham",NA,NA
"6217",465332,2008-02-29,"Derby","Sunderland",NA,"Derby","Sunderland"
"6218",465333,2008-02-29,"Fulham","Manchester United","Manchester United",NA,NA
"6219",465334,2008-02-29,"Manchester City","Wigan",NA,"Manchester City","Wigan"
"6220",465335,2008-02-29,"Middlesbrough","Reading","Reading",NA,NA
"6221",465336,2008-02-29,"Newcastle","Blackburn","Blackburn",NA,NA
"6222",465337,2008-02-29,"West Ham","Chelsea","Chelsea",NA,NA
"6223",465338,2008-03-01,"Bolton","Liverpool","Liverpool",NA,NA
"6224",465339,2008-03-01,"Everton","Portsmouth","Everton",NA,NA
"6225",465340,2008-03-04,"Liverpool","West Ham","Liverpool",NA,NA
"6226",465341,2008-03-07,"Blackburn","Fulham",NA,"Blackburn","Fulham"
"6227",465342,2008-03-07,"Liverpool","Newcastle","Liverpool",NA,NA
"6228",465343,2008-03-07,"Reading","Manchester City","Reading",NA,NA
"6229",465344,2008-03-08,"Sunderland","Everton","Everton",NA,NA
"6230",465345,2008-03-08,"Tottenham","West Ham","Tottenham",NA,NA
"6231",465346,2008-03-08,"Wigan","Arsenal",NA,"Wigan","Arsenal"
"6232",465347,2008-03-11,"Aston Villa","Middlesbrough",NA,"Aston Villa","Middlesbrough"
"6233",465348,2008-03-11,"Chelsea","Derby","Chelsea",NA,NA
"6234",465349,2008-03-11,"Portsmouth","Birmingham","Portsmouth",NA,NA
"6235",465350,2008-03-14,"Arsenal","Middlesbrough",NA,"Arsenal","Middlesbrough"
"6236",465351,2008-03-14,"Derby","Manchester United","Manchester United",NA,NA
"6237",465352,2008-03-14,"Liverpool","Reading","Liverpool",NA,NA
"6238",465353,2008-03-14,"Portsmouth","Aston Villa","Portsmouth",NA,NA
"6239",465354,2008-03-14,"Sunderland","Chelsea","Chelsea",NA,NA
"6240",465355,2008-03-14,"West Ham","Blackburn","West Ham",NA,NA
"6241",465356,2008-03-15,"Fulham","Everton","Fulham",NA,NA
"6242",465357,2008-03-15,"Manchester City","Tottenham","Manchester City",NA,NA
"6243",465358,2008-03-15,"Wigan","Bolton","Wigan",NA,NA
"6244",465359,2008-03-16,"Birmingham","Newcastle",NA,"Birmingham","Newcastle"
"6245",465361,2008-03-18,"Tottenham","Chelsea",NA,"Tottenham","Chelsea"
"6246",465360,2008-03-18,"Manchester United","Bolton","Manchester United",NA,NA
"6247",465362,2008-03-21,"Aston Villa","Sunderland","Sunderland",NA,NA
"6248",465363,2008-03-21,"Blackburn","Wigan","Blackburn",NA,NA
"6249",465364,2008-03-21,"Bolton","Manchester City",NA,"Bolton","Manchester City"
"6250",465365,2008-03-21,"Everton","West Ham",NA,"Everton","West Ham"
"6251",465366,2008-03-21,"Middlesbrough","Derby","Middlesbrough",NA,NA
"6252",465367,2008-03-21,"Newcastle","Fulham","Newcastle",NA,NA
"6253",465368,2008-03-21,"Reading","Birmingham","Reading",NA,NA
"6254",465369,2008-03-21,"Tottenham","Portsmouth","Tottenham",NA,NA
"6255",465370,2008-03-22,"Chelsea","Arsenal","Chelsea",NA,NA
"6256",465371,2008-03-22,"Manchester United","Liverpool","Manchester United",NA,NA
"6257",465372,2008-03-28,"Birmingham","Manchester City","Birmingham",NA,NA
"6258",465374,2008-03-28,"Derby","Fulham",NA,"Derby","Fulham"
"6259",465375,2008-03-28,"Manchester United","Aston Villa","Manchester United",NA,NA
"6260",465376,2008-03-28,"Portsmouth","Wigan","Portsmouth",NA,NA
"6261",465377,2008-03-28,"Reading","Blackburn",NA,"Reading","Blackburn"
"6262",465378,2008-03-28,"Sunderland","West Ham","Sunderland",NA,NA
"6263",465373,2008-03-28,"Bolton","Arsenal","Arsenal",NA,NA
"6264",465379,2008-03-29,"Chelsea","Middlesbrough","Chelsea",NA,NA
"6265",465380,2008-03-29,"Liverpool","Everton","Liverpool",NA,NA
"6266",465381,2008-03-29,"Tottenham","Newcastle","Newcastle",NA,NA
"6267",465382,2008-04-04,"Arsenal","Liverpool",NA,"Arsenal","Liverpool"
"6268",465383,2008-04-04,"Aston Villa","Bolton","Aston Villa",NA,NA
"6269",465384,2008-04-04,"Blackburn","Tottenham",NA,"Blackburn","Tottenham"
"6270",465385,2008-04-04,"Fulham","Sunderland","Sunderland",NA,NA
"6271",465386,2008-04-04,"Manchester City","Chelsea","Chelsea",NA,NA
"6272",465387,2008-04-04,"Newcastle","Reading","Newcastle",NA,NA
"6273",465388,2008-04-04,"Wigan","Birmingham","Wigan",NA,NA
"6274",465389,2008-04-05,"Everton","Derby","Everton",NA,NA
"6275",465390,2008-04-05,"Middlesbrough","Manchester United",NA,"Middlesbrough","Manchester United"
"6276",465391,2008-04-07,"West Ham","Portsmouth","Portsmouth",NA,NA
"6277",465392,2008-04-11,"Birmingham","Everton",NA,"Birmingham","Everton"
"6278",465393,2008-04-11,"Bolton","West Ham","Bolton",NA,NA
"6279",465394,2008-04-11,"Derby","Aston Villa","Aston Villa",NA,NA
"6280",465395,2008-04-11,"Portsmouth","Newcastle",NA,"Portsmouth","Newcastle"
"6281",465396,2008-04-11,"Reading","Fulham","Fulham",NA,NA
"6282",465397,2008-04-11,"Sunderland","Manchester City","Manchester City",NA,NA
"6283",465398,2008-04-11,"Tottenham","Middlesbrough",NA,"Tottenham","Middlesbrough"
"6284",465399,2008-04-12,"Liverpool","Blackburn","Liverpool",NA,NA
"6285",465400,2008-04-12,"Manchester United","Arsenal","Manchester United",NA,NA
"6286",465401,2008-04-13,"Chelsea","Wigan",NA,"Chelsea","Wigan"
"6287",465402,2008-04-16,"Everton","Chelsea","Chelsea",NA,NA
"6288",465403,2008-04-18,"Arsenal","Reading","Arsenal",NA,NA
"6289",465404,2008-04-18,"Blackburn","Manchester United",NA,"Blackburn","Manchester United"
"6290",465405,2008-04-18,"Fulham","Liverpool","Liverpool",NA,NA
"6291",465406,2008-04-18,"Middlesbrough","Bolton","Bolton",NA,NA
"6292",465407,2008-04-18,"West Ham","Derby","West Ham",NA,NA
"6293",465408,2008-04-18,"Wigan","Tottenham",NA,"Wigan","Tottenham"
"6294",465409,2008-04-19,"Aston Villa","Birmingham","Aston Villa",NA,NA
"6295",465410,2008-04-19,"Manchester City","Portsmouth","Manchester City",NA,NA
"6296",465411,2008-04-19,"Newcastle","Sunderland","Newcastle",NA,NA
"6297",465412,2008-04-25,"Birmingham","Liverpool",NA,"Birmingham","Liverpool"
"6298",465413,2008-04-25,"Chelsea","Manchester United","Chelsea",NA,NA
"6299",465414,2008-04-25,"Manchester City","Fulham","Fulham",NA,NA
"6300",465415,2008-04-25,"Sunderland","Middlesbrough","Sunderland",NA,NA
"6301",465416,2008-04-25,"Tottenham","Bolton",NA,"Tottenham","Bolton"
"6302",465417,2008-04-25,"West Ham","Newcastle",NA,"West Ham","Newcastle"
"6303",465418,2008-04-25,"Wigan","Reading",NA,"Wigan","Reading"
"6304",465419,2008-04-26,"Everton","Aston Villa",NA,"Everton","Aston Villa"
"6305",465420,2008-04-26,"Portsmouth","Blackburn","Blackburn",NA,NA
"6306",465421,2008-04-27,"Derby","Arsenal","Arsenal",NA,NA
"6307",465422,2008-05-02,"Aston Villa","Wigan","Wigan",NA,NA
"6308",465423,2008-05-02,"Blackburn","Derby","Blackburn",NA,NA
"6309",465424,2008-05-02,"Bolton","Sunderland","Bolton",NA,NA
"6310",465425,2008-05-02,"Fulham","Birmingham","Fulham",NA,NA
"6311",465426,2008-05-02,"Manchester United","West Ham","Manchester United",NA,NA
"6312",465427,2008-05-02,"Middlesbrough","Portsmouth","Middlesbrough",NA,NA
"6313",465428,2008-05-02,"Reading","Tottenham","Tottenham",NA,NA
"6314",465429,2008-05-03,"Arsenal","Everton","Arsenal",NA,NA
"6315",465430,2008-05-03,"Liverpool","Manchester City","Liverpool",NA,NA
"6316",465431,2008-05-04,"Newcastle","Chelsea","Chelsea",NA,NA
"6317",465432,2008-05-10,"Birmingham","Blackburn","Birmingham",NA,NA
"6318",465433,2008-05-10,"Chelsea","Bolton",NA,"Chelsea","Bolton"
"6319",465434,2008-05-10,"Derby","Reading","Reading",NA,NA
"6320",465435,2008-05-10,"Everton","Newcastle","Everton",NA,NA
"6321",465437,2008-05-10,"Portsmouth","Fulham","Fulham",NA,NA
"6322",465438,2008-05-10,"Sunderland","Arsenal","Arsenal",NA,NA
"6323",465439,2008-05-10,"Tottenham","Liverpool","Liverpool",NA,NA
"6324",465440,2008-05-10,"West Ham","Aston Villa",NA,"West Ham","Aston Villa"
"6325",465441,2008-05-10,"Wigan","Manchester United","Manchester United",NA,NA
"6326",465436,2008-05-11,"Middlesbrough","Manchester City","Middlesbrough",NA,NA
"6327",464665,2008-08-15,"Arsenal","West Brom","Arsenal",NA,NA
"6328",464666,2008-08-15,"Bolton","Stoke City","Bolton",NA,NA
"6329",464667,2008-08-15,"Everton","Blackburn","Blackburn",NA,NA
"6330",464668,2008-08-15,"Hull","Fulham","Hull",NA,NA
"6331",464669,2008-08-15,"Middlesbrough","Tottenham","Middlesbrough",NA,NA
"6332",464670,2008-08-15,"Sunderland","Liverpool","Liverpool",NA,NA
"6333",464671,2008-08-15,"West Ham","Wigan","West Ham",NA,NA
"6334",464672,2008-08-16,"Aston Villa","Manchester City","Aston Villa",NA,NA
"6335",464673,2008-08-16,"Chelsea","Portsmouth","Chelsea",NA,NA
"6336",464674,2008-08-16,"Manchester United","Newcastle",NA,"Manchester United","Newcastle"
"6337",464675,2008-08-22,"Blackburn","Hull",NA,"Blackburn","Hull"
"6338",464676,2008-08-22,"Fulham","Arsenal","Fulham",NA,NA
"6339",464677,2008-08-22,"Liverpool","Middlesbrough","Liverpool",NA,NA
"6340",464678,2008-08-22,"Newcastle","Bolton","Newcastle",NA,NA
"6341",464679,2008-08-22,"Stoke City","Aston Villa","Stoke City",NA,NA
"6342",464680,2008-08-22,"Tottenham","Sunderland","Sunderland",NA,NA
"6343",464681,2008-08-22,"West Brom","Everton","Everton",NA,NA
"6344",464682,2008-08-23,"Manchester City","West Ham","Manchester City",NA,NA
"6345",464683,2008-08-23,"Wigan","Chelsea","Chelsea",NA,NA
"6346",464684,2008-08-24,"Portsmouth","Manchester United","Manchester United",NA,NA
"6347",464685,2008-08-29,"Arsenal","Newcastle","Arsenal",NA,NA
"6348",464686,2008-08-29,"Bolton","West Brom",NA,"Bolton","West Brom"
"6349",464687,2008-08-29,"Everton","Portsmouth","Portsmouth",NA,NA
"6350",464688,2008-08-29,"Hull","Wigan","Wigan",NA,NA
"6351",464689,2008-08-29,"Middlesbrough","Stoke City","Middlesbrough",NA,NA
"6352",464690,2008-08-29,"West Ham","Blackburn","West Ham",NA,NA
"6353",464691,2008-08-30,"Aston Villa","Liverpool",NA,"Aston Villa","Liverpool"
"6354",464692,2008-08-30,"Chelsea","Tottenham",NA,"Chelsea","Tottenham"
"6355",464693,2008-08-30,"Sunderland","Manchester City","Manchester City",NA,NA
"6356",464694,2008-09-12,"Blackburn","Arsenal","Arsenal",NA,NA
"6357",464695,2008-09-12,"Fulham","Bolton","Fulham",NA,NA
"6358",464696,2008-09-12,"Liverpool","Manchester United","Liverpool",NA,NA
"6359",464697,2008-09-12,"Manchester City","Chelsea","Chelsea",NA,NA
"6360",464698,2008-09-12,"Newcastle","Hull","Hull",NA,NA
"6361",464699,2008-09-12,"Portsmouth","Middlesbrough","Portsmouth",NA,NA
"6362",464700,2008-09-12,"West Brom","West Ham","West Brom",NA,NA
"6363",464701,2008-09-12,"Wigan","Sunderland",NA,"Wigan","Sunderland"
"6364",464702,2008-09-13,"Stoke City","Everton","Everton",NA,NA
"6365",464703,2008-09-14,"Tottenham","Aston Villa","Aston Villa",NA,NA
"6366",464704,2008-09-19,"Blackburn","Fulham","Blackburn",NA,NA
"6367",464705,2008-09-19,"Bolton","Arsenal","Arsenal",NA,NA
"6368",464706,2008-09-19,"Liverpool","Stoke City",NA,"Liverpool","Stoke City"
"6369",464707,2008-09-19,"Sunderland","Middlesbrough","Sunderland",NA,NA
"6370",464708,2008-09-19,"West Ham","Newcastle","West Ham",NA,NA
"6371",464709,2008-09-20,"Chelsea","Manchester United",NA,"Chelsea","Manchester United"
"6372",464710,2008-09-20,"Hull","Everton",NA,"Hull","Everton"
"6373",464711,2008-09-20,"Manchester City","Portsmouth","Manchester City",NA,NA
"6374",464712,2008-09-20,"Tottenham","Wigan",NA,"Tottenham","Wigan"
"6375",464713,2008-09-20,"West Brom","Aston Villa","Aston Villa",NA,NA
"6376",464714,2008-09-26,"Arsenal","Hull","Hull",NA,NA
"6377",464715,2008-09-26,"Aston Villa","Sunderland","Aston Villa",NA,NA
"6378",464716,2008-09-26,"Everton","Liverpool","Liverpool",NA,NA
"6379",464717,2008-09-26,"Fulham","West Ham","West Ham",NA,NA
"6380",464718,2008-09-26,"Manchester United","Bolton","Manchester United",NA,NA
"6381",464719,2008-09-26,"Middlesbrough","West Brom","West Brom",NA,NA
"6382",464720,2008-09-26,"Newcastle","Blackburn","Blackburn",NA,NA
"6383",464721,2008-09-26,"Stoke City","Chelsea","Chelsea",NA,NA
"6384",464722,2008-09-27,"Portsmouth","Tottenham","Portsmouth",NA,NA
"6385",464723,2008-09-27,"Wigan","Manchester City","Wigan",NA,NA
"6386",464725,2008-10-03,"Sunderland","Arsenal",NA,"Sunderland","Arsenal"
"6387",464726,2008-10-03,"West Brom","Fulham","West Brom",NA,NA
"6388",464727,2008-10-03,"Wigan","Middlesbrough","Middlesbrough",NA,NA
"6389",464728,2008-10-04,"Chelsea","Aston Villa","Chelsea",NA,NA
"6390",464729,2008-10-04,"Everton","Newcastle",NA,"Everton","Newcastle"
"6391",464730,2008-10-04,"Manchester City","Liverpool","Liverpool",NA,NA
"6392",464731,2008-10-04,"Portsmouth","Stoke City","Portsmouth",NA,NA
"6393",464732,2008-10-04,"Tottenham","Hull","Hull",NA,NA
"6394",464733,2008-10-04,"West Ham","Bolton","Bolton",NA,NA
"6395",464724,2008-10-04,"Blackburn","Manchester United","Manchester United",NA,NA
"6396",464734,2008-10-17,"Arsenal","Everton","Arsenal",NA,NA
"6397",464735,2008-10-17,"Aston Villa","Portsmouth",NA,"Aston Villa","Portsmouth"
"6398",464736,2008-10-17,"Bolton","Blackburn",NA,"Bolton","Blackburn"
"6399",464737,2008-10-17,"Fulham","Sunderland",NA,"Fulham","Sunderland"
"6400",464738,2008-10-17,"Liverpool","Wigan","Liverpool",NA,NA
"6401",464739,2008-10-17,"Manchester United","West Brom","Manchester United",NA,NA
"6402",464740,2008-10-17,"Middlesbrough","Chelsea","Chelsea",NA,NA
"6403",464741,2008-10-18,"Hull","West Ham","Hull",NA,NA
"6404",464742,2008-10-18,"Stoke City","Tottenham","Stoke City",NA,NA
"6405",464743,2008-10-19,"Newcastle","Manchester City",NA,"Newcastle","Manchester City"
"6406",464744,2008-10-24,"Blackburn","Middlesbrough",NA,"Blackburn","Middlesbrough"
"6407",464745,2008-10-24,"Everton","Manchester United",NA,"Everton","Manchester United"
"6408",464746,2008-10-24,"Sunderland","Newcastle","Sunderland",NA,NA
"6409",464747,2008-10-24,"West Brom","Hull","Hull",NA,NA
"6410",464748,2008-10-25,"Chelsea","Liverpool","Liverpool",NA,NA
"6411",464749,2008-10-25,"Manchester City","Stoke City","Manchester City",NA,NA
"6412",464750,2008-10-25,"Portsmouth","Fulham",NA,"Portsmouth","Fulham"
"6413",464751,2008-10-25,"Tottenham","Bolton","Tottenham",NA,NA
"6414",464752,2008-10-25,"West Ham","Arsenal","Arsenal",NA,NA
"6415",464753,2008-10-25,"Wigan","Aston Villa","Aston Villa",NA,NA
"6416",464754,2008-10-27,"Newcastle","West Brom","Newcastle",NA,NA
"6417",464756,2008-10-28,"Aston Villa","Blackburn","Aston Villa",NA,NA
"6418",464757,2008-10-28,"Bolton","Everton","Everton",NA,NA
"6419",464758,2008-10-28,"Fulham","Wigan","Fulham",NA,NA
"6420",464759,2008-10-28,"Hull","Chelsea","Chelsea",NA,NA
"6421",464760,2008-10-28,"Liverpool","Portsmouth","Liverpool",NA,NA
"6422",464761,2008-10-28,"Manchester United","West Ham","Manchester United",NA,NA
"6423",464762,2008-10-28,"Middlesbrough","Manchester City","Middlesbrough",NA,NA
"6424",464763,2008-10-28,"Stoke City","Sunderland","Stoke City",NA,NA
"6425",464755,2008-10-28,"Arsenal","Tottenham",NA,"Arsenal","Tottenham"
"6426",464764,2008-10-31,"Chelsea","Sunderland","Chelsea",NA,NA
"6427",464765,2008-10-31,"Everton","Fulham","Everton",NA,NA
"6428",464767,2008-10-31,"Middlesbrough","West Ham",NA,"Middlesbrough","West Ham"
"6429",464768,2008-10-31,"Portsmouth","Wigan","Wigan",NA,NA
"6430",464769,2008-10-31,"Stoke City","Arsenal","Stoke City",NA,NA
"6431",464770,2008-10-31,"Tottenham","Liverpool","Tottenham",NA,NA
"6432",464771,2008-10-31,"West Brom","Blackburn",NA,"West Brom","Blackburn"
"6433",464766,2008-11-01,"Manchester United","Hull","Manchester United",NA,NA
"6434",464773,2008-11-02,"Newcastle","Aston Villa","Newcastle",NA,NA
"6435",464772,2008-11-02,"Bolton","Manchester City","Bolton",NA,NA
"6436",464774,2008-11-07,"Arsenal","Manchester United","Arsenal",NA,NA
"6437",464775,2008-11-07,"Hull","Bolton","Bolton",NA,NA
"6438",464776,2008-11-07,"Liverpool","West Brom","Liverpool",NA,NA
"6439",464777,2008-11-07,"Sunderland","Portsmouth","Portsmouth",NA,NA
"6440",464778,2008-11-07,"West Ham","Everton","Everton",NA,NA
"6441",464779,2008-11-07,"Wigan","Stoke City",NA,"Wigan","Stoke City"
"6442",464780,2008-11-08,"Aston Villa","Middlesbrough","Middlesbrough",NA,NA
"6443",464781,2008-11-08,"Blackburn","Chelsea","Chelsea",NA,NA
"6444",464782,2008-11-08,"Fulham","Newcastle","Fulham",NA,NA
"6445",464783,2008-11-08,"Manchester City","Tottenham","Tottenham",NA,NA
"6446",464784,2008-11-14,"Arsenal","Aston Villa","Aston Villa",NA,NA
"6447",464785,2008-11-14,"Blackburn","Sunderland","Sunderland",NA,NA
"6448",464786,2008-11-14,"Bolton","Liverpool","Liverpool",NA,NA
"6449",464787,2008-11-14,"Fulham","Tottenham","Fulham",NA,NA
"6450",464788,2008-11-14,"Manchester United","Stoke City","Manchester United",NA,NA
"6451",464789,2008-11-14,"Newcastle","Wigan",NA,"Newcastle","Wigan"
"6452",464790,2008-11-14,"West Brom","Chelsea","Chelsea",NA,NA
"6453",464791,2008-11-14,"West Ham","Portsmouth",NA,"West Ham","Portsmouth"
"6454",464792,2008-11-15,"Everton","Middlesbrough",NA,"Everton","Middlesbrough"
"6455",464793,2008-11-15,"Hull","Manchester City",NA,"Hull","Manchester City"
"6456",464794,2008-11-21,"Aston Villa","Manchester United",NA,"Aston Villa","Manchester United"
"6457",464795,2008-11-21,"Chelsea","Newcastle",NA,"Chelsea","Newcastle"
"6458",464796,2008-11-21,"Liverpool","Fulham",NA,"Liverpool","Fulham"
"6459",464797,2008-11-21,"Manchester City","Arsenal","Manchester City",NA,NA
"6460",464798,2008-11-21,"Middlesbrough","Bolton","Bolton",NA,NA
"6461",464799,2008-11-21,"Portsmouth","Hull",NA,"Portsmouth","Hull"
"6462",464800,2008-11-21,"Stoke City","West Brom","Stoke City",NA,NA
"6463",464801,2008-11-22,"Sunderland","West Ham","West Ham",NA,NA
"6464",464802,2008-11-22,"Tottenham","Blackburn","Tottenham",NA,NA
"6465",464803,2008-11-23,"Wigan","Everton","Wigan",NA,NA
"6466",464804,2008-11-28,"Aston Villa","Fulham",NA,"Aston Villa","Fulham"
"6467",464805,2008-11-28,"Middlesbrough","Newcastle",NA,"Middlesbrough","Newcastle"
"6468",464806,2008-11-28,"Stoke City","Hull",NA,"Stoke City","Hull"
"6469",464807,2008-11-28,"Sunderland","Bolton","Bolton",NA,NA
"6470",464808,2008-11-28,"Wigan","West Brom","Wigan",NA,NA
"6471",464809,2008-11-29,"Chelsea","Arsenal","Arsenal",NA,NA
"6472",464810,2008-11-29,"Manchester City","Manchester United","Manchester United",NA,NA
"6473",464811,2008-11-29,"Portsmouth","Blackburn","Portsmouth",NA,NA
"6474",464812,2008-11-29,"Tottenham","Everton","Everton",NA,NA
"6475",464813,2008-11-30,"Liverpool","West Ham",NA,"Liverpool","West Ham"
"6476",464814,2008-12-05,"Arsenal","Wigan","Arsenal",NA,NA
"6477",464815,2008-12-05,"Blackburn","Liverpool","Liverpool",NA,NA
"6478",464816,2008-12-05,"Bolton","Chelsea","Chelsea",NA,NA
"6479",464817,2008-12-05,"Fulham","Manchester City",NA,"Fulham","Manchester City"
"6480",464818,2008-12-05,"Hull","Middlesbrough","Hull",NA,NA
"6481",464819,2008-12-05,"Manchester United","Sunderland","Manchester United",NA,NA
"6482",464820,2008-12-05,"Newcastle","Stoke City",NA,"Newcastle","Stoke City"
"6483",464821,2008-12-06,"Everton","Aston Villa","Aston Villa",NA,NA
"6484",464822,2008-12-06,"West Brom","Portsmouth",NA,"West Brom","Portsmouth"
"6485",464823,2008-12-07,"West Ham","Tottenham","Tottenham",NA,NA
"6486",464824,2008-12-12,"Aston Villa","Bolton","Aston Villa",NA,NA
"6487",464825,2008-12-12,"Liverpool","Hull",NA,"Liverpool","Hull"
"6488",464826,2008-12-12,"Manchester City","Everton","Everton",NA,NA
"6489",464827,2008-12-12,"Middlesbrough","Arsenal",NA,"Middlesbrough","Arsenal"
"6490",464828,2008-12-12,"Stoke City","Fulham",NA,"Stoke City","Fulham"
"6491",464829,2008-12-12,"Sunderland","West Brom","Sunderland",NA,NA
"6492",464830,2008-12-12,"Tottenham","Manchester United",NA,"Tottenham","Manchester United"
"6493",464831,2008-12-12,"Wigan","Blackburn","Wigan",NA,NA
"6494",464832,2008-12-13,"Chelsea","West Ham",NA,"Chelsea","West Ham"
"6495",464833,2008-12-13,"Portsmouth","Newcastle","Newcastle",NA,NA
"6496",464834,2008-12-19,"Blackburn","Stoke City","Blackburn",NA,NA
"6497",464835,2008-12-19,"Bolton","Portsmouth","Bolton",NA,NA
"6498",464836,2008-12-19,"Fulham","Middlesbrough","Fulham",NA,NA
"6499",464837,2008-12-19,"Hull","Sunderland","Sunderland",NA,NA
"6500",464838,2008-12-19,"West Ham","Aston Villa","Aston Villa",NA,NA
"6501",464839,2008-12-20,"Arsenal","Liverpool",NA,"Arsenal","Liverpool"
"6502",464840,2008-12-20,"Newcastle","Tottenham","Newcastle",NA,NA
"6503",464841,2008-12-20,"West Brom","Manchester City","West Brom",NA,NA
"6504",464842,2008-12-21,"Everton","Chelsea",NA,"Everton","Chelsea"
"6505",464843,2008-12-25,"Aston Villa","Arsenal",NA,"Aston Villa","Arsenal"
"6506",464844,2008-12-25,"Chelsea","West Brom","Chelsea",NA,NA
"6507",464845,2008-12-25,"Liverpool","Bolton","Liverpool",NA,NA
"6508",464846,2008-12-25,"Manchester City","Hull","Manchester City",NA,NA
"6509",464847,2008-12-25,"Middlesbrough","Everton","Everton",NA,NA
"6510",464848,2008-12-25,"Portsmouth","West Ham","West Ham",NA,NA
"6511",464849,2008-12-25,"Stoke City","Manchester United","Manchester United",NA,NA
"6512",464850,2008-12-25,"Sunderland","Blackburn",NA,"Sunderland","Blackburn"
"6513",464851,2008-12-25,"Tottenham","Fulham",NA,"Tottenham","Fulham"
"6514",464852,2008-12-25,"Wigan","Newcastle","Wigan",NA,NA
"6515",464853,2008-12-27,"Arsenal","Portsmouth","Arsenal",NA,NA
"6516",464854,2008-12-27,"Blackburn","Manchester City",NA,"Blackburn","Manchester City"
"6517",464855,2008-12-27,"Bolton","Wigan","Wigan",NA,NA
"6518",464856,2008-12-27,"Everton","Sunderland","Everton",NA,NA
"6519",464857,2008-12-27,"Fulham","Chelsea",NA,"Fulham","Chelsea"
"6520",464858,2008-12-27,"Newcastle","Liverpool","Liverpool",NA,NA
"6521",464859,2008-12-27,"West Brom","Tottenham","West Brom",NA,NA
"6522",464860,2008-12-27,"West Ham","Stoke City","West Ham",NA,NA
"6523",464861,2008-12-28,"Manchester United","Middlesbrough","Manchester United",NA,NA
"6524",464862,2008-12-29,"Hull","Aston Villa","Aston Villa",NA,NA
"6525",464863,2009-01-09,"Arsenal","Bolton","Arsenal",NA,NA
"6526",464864,2009-01-09,"Aston Villa","West Brom","Aston Villa",NA,NA
"6527",464865,2009-01-09,"Everton","Hull","Everton",NA,NA
"6528",464866,2009-01-09,"Middlesbrough","Sunderland",NA,"Middlesbrough","Sunderland"
"6529",464867,2009-01-09,"Newcastle","West Ham",NA,"Newcastle","West Ham"
"6530",464868,2009-01-09,"Stoke City","Liverpool",NA,"Stoke City","Liverpool"
"6531",464869,2009-01-10,"Manchester United","Chelsea","Manchester United",NA,NA
"6532",464870,2009-01-10,"Wigan","Tottenham","Wigan",NA,NA
"6533",464871,2009-01-13,"Manchester United","Wigan","Manchester United",NA,NA
"6534",464872,2009-01-16,"Blackburn","Newcastle","Blackburn",NA,NA
"6535",464873,2009-01-16,"Bolton","Manchester United","Manchester United",NA,NA
"6536",464874,2009-01-16,"Chelsea","Stoke City","Chelsea",NA,NA
"6537",464875,2009-01-16,"Hull","Arsenal","Arsenal",NA,NA
"6538",464876,2009-01-16,"Manchester City","Wigan","Manchester City",NA,NA
"6539",464877,2009-01-16,"Sunderland","Aston Villa","Aston Villa",NA,NA
"6540",464878,2009-01-16,"West Brom","Middlesbrough","West Brom",NA,NA
"6541",464879,2009-01-17,"Tottenham","Portsmouth",NA,"Tottenham","Portsmouth"
"6542",464880,2009-01-17,"West Ham","Fulham","West Ham",NA,NA
"6543",464881,2009-01-18,"Liverpool","Everton",NA,"Liverpool","Everton"
"6544",464882,2009-01-26,"Portsmouth","Aston Villa","Aston Villa",NA,NA
"6545",464883,2009-01-26,"Sunderland","Fulham","Sunderland",NA,NA
"6546",464884,2009-01-26,"Tottenham","Stoke City","Tottenham",NA,NA
"6547",464885,2009-01-26,"West Brom","Manchester United","Manchester United",NA,NA
"6548",464886,2009-01-27,"Blackburn","Bolton",NA,"Blackburn","Bolton"
"6549",464887,2009-01-27,"Chelsea","Middlesbrough","Chelsea",NA,NA
"6550",464888,2009-01-27,"Everton","Arsenal",NA,"Everton","Arsenal"
"6551",464889,2009-01-27,"Manchester City","Newcastle","Manchester City",NA,NA
"6552",464890,2009-01-27,"West Ham","Hull","West Ham",NA,NA
"6553",464891,2009-01-27,"Wigan","Liverpool",NA,"Wigan","Liverpool"
"6554",464892,2009-01-30,"Arsenal","West Ham",NA,"Arsenal","West Ham"
"6555",464893,2009-01-30,"Aston Villa","Wigan",NA,"Aston Villa","Wigan"
"6556",464894,2009-01-30,"Bolton","Tottenham","Bolton",NA,NA
"6557",464895,2009-01-30,"Fulham","Portsmouth","Fulham",NA,NA
"6558",464896,2009-01-30,"Hull","West Brom",NA,"Hull","West Brom"
"6559",464897,2009-01-30,"Manchester United","Everton","Manchester United",NA,NA
"6560",464898,2009-01-30,"Middlesbrough","Blackburn",NA,"Middlesbrough","Blackburn"
"6561",464899,2009-01-30,"Stoke City","Manchester City","Stoke City",NA,NA
"6562",464900,2009-01-31,"Liverpool","Chelsea","Liverpool",NA,NA
"6563",464901,2009-01-31,"Newcastle","Sunderland",NA,"Newcastle","Sunderland"
"6564",464902,2009-02-06,"Blackburn","Aston Villa","Aston Villa",NA,NA
"6565",464903,2009-02-06,"Chelsea","Hull",NA,"Chelsea","Hull"
"6566",464904,2009-02-06,"Everton","Bolton","Everton",NA,NA
"6567",464905,2009-02-06,"Manchester City","Middlesbrough","Manchester City",NA,NA
"6568",464906,2009-02-06,"Portsmouth","Liverpool","Liverpool",NA,NA
"6569",464907,2009-02-06,"Sunderland","Stoke City","Sunderland",NA,NA
"6570",464908,2009-02-06,"West Brom","Newcastle","Newcastle",NA,NA
"6571",464909,2009-02-06,"Wigan","Fulham",NA,"Wigan","Fulham"
"6572",464910,2009-02-07,"Tottenham","Arsenal",NA,"Tottenham","Arsenal"
"6573",464911,2009-02-07,"West Ham","Manchester United","Manchester United",NA,NA
"6574",464912,2009-02-13,"Portsmouth","Manchester City","Portsmouth",NA,NA
"6575",464913,2009-02-17,"Manchester United","Fulham","Manchester United",NA,NA
"6576",464914,2009-02-20,"Arsenal","Sunderland",NA,"Arsenal","Sunderland"
"6577",464915,2009-02-20,"Aston Villa","Chelsea","Chelsea",NA,NA
"6578",464916,2009-02-20,"Bolton","West Ham","Bolton",NA,NA
"6579",464917,2009-02-20,"Manchester United","Blackburn","Manchester United",NA,NA
"6580",464918,2009-02-20,"Middlesbrough","Wigan",NA,"Middlesbrough","Wigan"
"6581",464919,2009-02-20,"Stoke City","Portsmouth",NA,"Stoke City","Portsmouth"
"6582",464920,2009-02-21,"Fulham","West Brom","Fulham",NA,NA
"6583",464921,2009-02-21,"Liverpool","Manchester City",NA,"Liverpool","Manchester City"
"6584",464922,2009-02-21,"Newcastle","Everton",NA,"Newcastle","Everton"
"6585",464923,2009-02-22,"Hull","Tottenham","Tottenham",NA,NA
"6586",464924,2009-02-27,"Arsenal","Fulham",NA,"Arsenal","Fulham"
"6587",464925,2009-02-27,"Chelsea","Wigan","Chelsea",NA,NA
"6588",464926,2009-02-27,"Everton","West Brom","Everton",NA,NA
"6589",464927,2009-02-27,"Middlesbrough","Liverpool","Middlesbrough",NA,NA
"6590",464928,2009-02-28,"Aston Villa","Stoke City",NA,"Aston Villa","Stoke City"
"6591",464929,2009-02-28,"Bolton","Newcastle","Bolton",NA,NA
"6592",464930,2009-02-28,"Hull","Blackburn","Blackburn",NA,NA
"6593",464931,2009-02-28,"West Ham","Manchester City","West Ham",NA,NA
"6594",464932,2009-03-02,"Liverpool","Sunderland","Liverpool",NA,NA
"6595",464933,2009-03-02,"Portsmouth","Chelsea","Chelsea",NA,NA
"6596",464934,2009-03-02,"West Brom","Arsenal","Arsenal",NA,NA
"6597",464935,2009-03-03,"Blackburn","Everton",NA,"Blackburn","Everton"
"6598",464936,2009-03-03,"Fulham","Hull","Hull",NA,NA
"6599",464937,2009-03-03,"Manchester City","Aston Villa","Manchester City",NA,NA
"6600",464938,2009-03-03,"Newcastle","Manchester United","Manchester United",NA,NA
"6601",464939,2009-03-03,"Stoke City","Bolton","Stoke City",NA,NA
"6602",464940,2009-03-03,"Tottenham","Middlesbrough","Tottenham",NA,NA
"6603",464941,2009-03-03,"Wigan","West Ham","West Ham",NA,NA
"6604",464942,2009-03-06,"Sunderland","Tottenham",NA,"Sunderland","Tottenham"
"6605",464943,2009-03-10,"Fulham","Blackburn","Blackburn",NA,NA
"6606",464944,2009-03-13,"Arsenal","Blackburn","Arsenal",NA,NA
"6607",464945,2009-03-13,"Bolton","Fulham","Fulham",NA,NA
"6608",464946,2009-03-13,"Everton","Stoke City","Everton",NA,NA
"6609",464947,2009-03-13,"Hull","Newcastle",NA,"Hull","Newcastle"
"6610",464948,2009-03-13,"Manchester United","Liverpool","Liverpool",NA,NA
"6611",464949,2009-03-13,"Middlesbrough","Portsmouth",NA,"Middlesbrough","Portsmouth"
"6612",464950,2009-03-13,"Sunderland","Wigan","Wigan",NA,NA
"6613",464951,2009-03-14,"Aston Villa","Tottenham","Tottenham",NA,NA
"6614",464952,2009-03-14,"Chelsea","Manchester City","Chelsea",NA,NA
"6615",464953,2009-03-15,"West Ham","West Brom",NA,"West Ham","West Brom"
"6616",464954,2009-03-20,"Blackburn","West Ham",NA,"Blackburn","West Ham"
"6617",464955,2009-03-20,"Fulham","Manchester United","Fulham",NA,NA
"6618",464956,2009-03-20,"Newcastle","Arsenal","Arsenal",NA,NA
"6619",464957,2009-03-20,"Portsmouth","Everton","Portsmouth",NA,NA
"6620",464958,2009-03-20,"Stoke City","Middlesbrough","Stoke City",NA,NA
"6621",464959,2009-03-20,"Tottenham","Chelsea","Tottenham",NA,NA
"6622",464960,2009-03-20,"West Brom","Bolton",NA,"West Brom","Bolton"
"6623",464961,2009-03-21,"Liverpool","Aston Villa","Liverpool",NA,NA
"6624",464962,2009-03-21,"Manchester City","Sunderland","Manchester City",NA,NA
"6625",464963,2009-03-21,"Wigan","Hull","Wigan",NA,NA
"6626",464964,2009-04-03,"Arsenal","Manchester City","Arsenal",NA,NA
"6627",464965,2009-04-03,"Blackburn","Tottenham","Blackburn",NA,NA
"6628",464966,2009-04-03,"Bolton","Middlesbrough","Bolton",NA,NA
"6629",464967,2009-04-03,"Fulham","Liverpool","Liverpool",NA,NA
"6630",464968,2009-04-03,"Hull","Portsmouth",NA,"Hull","Portsmouth"
"6631",464969,2009-04-03,"Newcastle","Chelsea","Chelsea",NA,NA
"6632",464970,2009-04-03,"West Brom","Stoke City","Stoke City",NA,NA
"6633",464971,2009-04-03,"West Ham","Sunderland","West Ham",NA,NA
"6634",464972,2009-04-04,"Everton","Wigan","Everton",NA,NA
"6635",464973,2009-04-04,"Manchester United","Aston Villa","Manchester United",NA,NA
"6636",464974,2009-04-10,"Chelsea","Bolton","Chelsea",NA,NA
"6637",464975,2009-04-10,"Liverpool","Blackburn","Liverpool",NA,NA
"6638",464976,2009-04-10,"Middlesbrough","Hull","Middlesbrough",NA,NA
"6639",464977,2009-04-10,"Portsmouth","West Brom",NA,"Portsmouth","West Brom"
"6640",464978,2009-04-10,"Stoke City","Newcastle",NA,"Stoke City","Newcastle"
"6641",464979,2009-04-10,"Sunderland","Manchester United","Manchester United",NA,NA
"6642",464980,2009-04-10,"Tottenham","West Ham","Tottenham",NA,NA
"6643",464981,2009-04-10,"Wigan","Arsenal","Arsenal",NA,NA
"6644",464982,2009-04-11,"Aston Villa","Everton",NA,"Aston Villa","Everton"
"6645",464983,2009-04-11,"Manchester City","Fulham","Fulham",NA,NA
"6646",464984,2009-04-17,"Aston Villa","West Ham",NA,"Aston Villa","West Ham"
"6647",464985,2009-04-17,"Middlesbrough","Fulham",NA,"Middlesbrough","Fulham"
"6648",464986,2009-04-17,"Portsmouth","Bolton","Portsmouth",NA,NA
"6649",464987,2009-04-17,"Stoke City","Blackburn","Stoke City",NA,NA
"6650",464988,2009-04-17,"Sunderland","Hull","Sunderland",NA,NA
"6651",464989,2009-04-18,"Manchester City","West Brom","Manchester City",NA,NA
"6652",464990,2009-04-18,"Tottenham","Newcastle","Tottenham",NA,NA
"6653",464991,2009-04-20,"Liverpool","Arsenal",NA,"Liverpool","Arsenal"
"6654",464992,2009-04-21,"Chelsea","Everton",NA,"Chelsea","Everton"
"6655",464993,2009-04-21,"Manchester United","Portsmouth","Manchester United",NA,NA
"6656",464994,2009-04-24,"Bolton","Aston Villa",NA,"Bolton","Aston Villa"
"6657",464995,2009-04-24,"Everton","Manchester City","Manchester City",NA,NA
"6658",464996,2009-04-24,"Fulham","Stoke City","Fulham",NA,NA
"6659",464997,2009-04-24,"Hull","Liverpool","Liverpool",NA,NA
"6660",464998,2009-04-24,"Manchester United","Tottenham","Manchester United",NA,NA
"6661",464999,2009-04-24,"West Brom","Sunderland","West Brom",NA,NA
"6662",465000,2009-04-24,"West Ham","Chelsea","Chelsea",NA,NA
"6663",465001,2009-04-25,"Arsenal","Middlesbrough","Arsenal",NA,NA
"6664",465002,2009-04-25,"Blackburn","Wigan","Blackburn",NA,NA
"6665",465003,2009-04-26,"Newcastle","Portsmouth",NA,"Newcastle","Portsmouth"
"6666",465004,2009-05-01,"Chelsea","Fulham","Chelsea",NA,NA
"6667",465005,2009-05-01,"Manchester City","Blackburn","Manchester City",NA,NA
"6668",465006,2009-05-01,"Middlesbrough","Manchester United","Manchester United",NA,NA
"6669",465007,2009-05-01,"Portsmouth","Arsenal","Arsenal",NA,NA
"6670",465008,2009-05-01,"Stoke City","West Ham","West Ham",NA,NA
"6671",465009,2009-05-01,"Tottenham","West Brom","Tottenham",NA,NA
"6672",465010,2009-05-01,"Wigan","Bolton",NA,"Wigan","Bolton"
"6673",465011,2009-05-02,"Liverpool","Newcastle","Liverpool",NA,NA
"6674",465012,2009-05-02,"Sunderland","Everton","Everton",NA,NA
"6675",465013,2009-05-03,"Aston Villa","Hull","Aston Villa",NA,NA
"6676",465014,2009-05-08,"Blackburn","Portsmouth","Blackburn",NA,NA
"6677",465015,2009-05-08,"Bolton","Sunderland",NA,"Bolton","Sunderland"
"6678",465016,2009-05-08,"Everton","Tottenham",NA,"Everton","Tottenham"
"6679",465017,2009-05-08,"Fulham","Aston Villa","Fulham",NA,NA
"6680",465018,2009-05-08,"Hull","Stoke City","Stoke City",NA,NA
"6681",465019,2009-05-08,"West Brom","Wigan","West Brom",NA,NA
"6682",465020,2009-05-08,"West Ham","Liverpool","Liverpool",NA,NA
"6683",465021,2009-05-09,"Arsenal","Chelsea","Chelsea",NA,NA
"6684",465022,2009-05-09,"Manchester United","Manchester City","Manchester United",NA,NA
"6685",465023,2009-05-10,"Newcastle","Middlesbrough","Newcastle",NA,NA
"6686",465024,2009-05-12,"Wigan","Manchester United","Manchester United",NA,NA
"6687",465025,2009-05-15,"Bolton","Hull",NA,"Bolton","Hull"
"6688",465026,2009-05-15,"Everton","West Ham","Everton",NA,NA
"6689",465027,2009-05-15,"Manchester United","Arsenal",NA,"Manchester United","Arsenal"
"6690",465028,2009-05-15,"Middlesbrough","Aston Villa",NA,"Middlesbrough","Aston Villa"
"6691",465029,2009-05-15,"Newcastle","Fulham","Fulham",NA,NA
"6692",465030,2009-05-15,"Stoke City","Wigan","Stoke City",NA,NA
"6693",465031,2009-05-15,"Tottenham","Manchester City","Tottenham",NA,NA
"6694",465032,2009-05-16,"Chelsea","Blackburn","Chelsea",NA,NA
"6695",465033,2009-05-16,"West Brom","Liverpool","Liverpool",NA,NA
"6696",465034,2009-05-17,"Portsmouth","Sunderland","Portsmouth",NA,NA
"6697",465035,2009-05-23,"Arsenal","Stoke City","Arsenal",NA,NA
"6698",465036,2009-05-23,"Aston Villa","Newcastle","Aston Villa",NA,NA
"6699",465037,2009-05-23,"Blackburn","West Brom",NA,"Blackburn","West Brom"
"6700",465038,2009-05-23,"Fulham","Everton","Everton",NA,NA
"6701",465039,2009-05-23,"Hull","Manchester United","Manchester United",NA,NA
"6702",465040,2009-05-23,"Liverpool","Tottenham","Liverpool",NA,NA
"6703",465041,2009-05-23,"Manchester City","Bolton","Manchester City",NA,NA
"6704",465042,2009-05-23,"Sunderland","Chelsea","Chelsea",NA,NA
"6705",465043,2009-05-23,"West Ham","Middlesbrough","West Ham",NA,NA
"6706",465044,2009-05-23,"Wigan","Portsmouth","Wigan",NA,NA
"6707",464225,2009-08-14,"Aston Villa","Wigan","Wigan",NA,NA
"6708",464226,2009-08-14,"Blackburn","Manchester City","Manchester City",NA,NA
"6709",464227,2009-08-14,"Bolton","Sunderland","Sunderland",NA,NA
"6710",464228,2009-08-14,"Chelsea","Hull","Chelsea",NA,NA
"6711",464229,2009-08-14,"Everton","Arsenal","Arsenal",NA,NA
"6712",464230,2009-08-14,"Portsmouth","Fulham","Fulham",NA,NA
"6713",464231,2009-08-14,"Stoke City","Burnley","Stoke City",NA,NA
"6714",464232,2009-08-14,"Wolves","West Ham","West Ham",NA,NA
"6715",464233,2009-08-15,"Manchester United","Birmingham","Manchester United",NA,NA
"6716",464234,2009-08-15,"Tottenham","Liverpool","Tottenham",NA,NA
"6717",464235,2009-08-17,"Sunderland","Chelsea","Chelsea",NA,NA
"6718",464236,2009-08-17,"Wigan","Wolves","Wolves",NA,NA
"6719",464237,2009-08-18,"Birmingham","Portsmouth","Birmingham",NA,NA
"6720",464238,2009-08-18,"Burnley","Manchester United","Burnley",NA,NA
"6721",464239,2009-08-18,"Hull","Tottenham","Tottenham",NA,NA
"6722",464240,2009-08-18,"Liverpool","Stoke City","Liverpool",NA,NA
"6723",464241,2009-08-21,"Arsenal","Portsmouth","Arsenal",NA,NA
"6724",464242,2009-08-21,"Birmingham","Stoke City",NA,"Birmingham","Stoke City"
"6725",464243,2009-08-21,"Hull","Bolton","Hull",NA,NA
"6726",464244,2009-08-21,"Manchester City","Wolves","Manchester City",NA,NA
"6727",464245,2009-08-21,"Sunderland","Blackburn","Sunderland",NA,NA
"6728",464246,2009-08-21,"Wigan","Manchester United","Manchester United",NA,NA
"6729",464247,2009-08-22,"Burnley","Everton","Burnley",NA,NA
"6730",464248,2009-08-22,"Fulham","Chelsea","Chelsea",NA,NA
"6731",464249,2009-08-22,"West Ham","Tottenham","Tottenham",NA,NA
"6732",464250,2009-08-23,"Liverpool","Aston Villa","Aston Villa",NA,NA
"6733",464251,2009-08-28,"Blackburn","West Ham",NA,"Blackburn","West Ham"
"6734",464252,2009-08-28,"Bolton","Liverpool","Liverpool",NA,NA
"6735",464253,2009-08-28,"Chelsea","Burnley","Chelsea",NA,NA
"6736",464254,2009-08-28,"Manchester United","Arsenal","Manchester United",NA,NA
"6737",464255,2009-08-28,"Stoke City","Sunderland","Stoke City",NA,NA
"6738",464256,2009-08-28,"Tottenham","Birmingham","Tottenham",NA,NA
"6739",464257,2009-08-28,"Wolves","Hull",NA,"Wolves","Hull"
"6740",464258,2009-08-29,"Aston Villa","Fulham","Aston Villa",NA,NA
"6741",464259,2009-08-29,"Everton","Wigan","Everton",NA,NA
"6742",464260,2009-08-29,"Portsmouth","Manchester City","Manchester City",NA,NA
"6743",464261,2009-09-11,"Blackburn","Wolves","Blackburn",NA,NA
"6744",464262,2009-09-11,"Liverpool","Burnley","Liverpool",NA,NA
"6745",464263,2009-09-11,"Manchester City","Arsenal","Manchester City",NA,NA
"6746",464264,2009-09-11,"Portsmouth","Bolton","Bolton",NA,NA
"6747",464265,2009-09-11,"Stoke City","Chelsea","Chelsea",NA,NA
"6748",464266,2009-09-11,"Sunderland","Hull","Sunderland",NA,NA
"6749",464267,2009-09-11,"Tottenham","Manchester United","Manchester United",NA,NA
"6750",464268,2009-09-11,"Wigan","West Ham","Wigan",NA,NA
"6751",464269,2009-09-12,"Birmingham","Aston Villa","Aston Villa",NA,NA
"6752",464270,2009-09-12,"Fulham","Everton","Fulham",NA,NA
"6753",464271,2009-09-18,"Arsenal","Wigan","Arsenal",NA,NA
"6754",464272,2009-09-18,"Aston Villa","Portsmouth","Aston Villa",NA,NA
"6755",464273,2009-09-18,"Bolton","Stoke City",NA,"Bolton","Stoke City"
"6756",464274,2009-09-18,"Burnley","Sunderland","Burnley",NA,NA
"6757",464275,2009-09-18,"Hull","Birmingham","Birmingham",NA,NA
"6758",464276,2009-09-18,"West Ham","Liverpool","Liverpool",NA,NA
"6759",464277,2009-09-19,"Chelsea","Tottenham","Chelsea",NA,NA
"6760",464278,2009-09-19,"Everton","Blackburn","Everton",NA,NA
"6761",464279,2009-09-19,"Manchester United","Manchester City","Manchester United",NA,NA
"6762",464280,2009-09-19,"Wolves","Fulham","Wolves",NA,NA
"6763",464281,2009-09-25,"Birmingham","Bolton","Bolton",NA,NA
"6764",464282,2009-09-25,"Blackburn","Aston Villa","Blackburn",NA,NA
"6765",464283,2009-09-25,"Fulham","Arsenal","Arsenal",NA,NA
"6766",464284,2009-09-25,"Liverpool","Hull","Liverpool",NA,NA
"6767",464285,2009-09-25,"Portsmouth","Everton","Everton",NA,NA
"6768",464286,2009-09-25,"Stoke City","Manchester United","Manchester United",NA,NA
"6769",464287,2009-09-25,"Tottenham","Burnley","Tottenham",NA,NA
"6770",464288,2009-09-25,"Wigan","Chelsea","Wigan",NA,NA
"6771",464289,2009-09-26,"Sunderland","Wolves","Sunderland",NA,NA
"6772",464290,2009-09-27,"Manchester City","West Ham","Manchester City",NA,NA
"6773",464291,2009-10-02,"Bolton","Tottenham",NA,"Bolton","Tottenham"
"6774",464292,2009-10-02,"Burnley","Birmingham","Burnley",NA,NA
"6775",464293,2009-10-02,"Hull","Wigan","Hull",NA,NA
"6776",464294,2009-10-02,"Manchester United","Sunderland",NA,"Manchester United","Sunderland"
"6777",464295,2009-10-02,"Wolves","Portsmouth","Portsmouth",NA,NA
"6778",464296,2009-10-03,"Arsenal","Blackburn","Arsenal",NA,NA
"6779",464297,2009-10-03,"Chelsea","Liverpool","Chelsea",NA,NA
"6780",464298,2009-10-03,"Everton","Stoke City",NA,"Everton","Stoke City"
"6781",464299,2009-10-03,"West Ham","Fulham",NA,"West Ham","Fulham"
"6782",464300,2009-10-04,"Aston Villa","Manchester City",NA,"Aston Villa","Manchester City"
"6783",464301,2009-10-16,"Arsenal","Birmingham","Arsenal",NA,NA
"6784",464302,2009-10-16,"Aston Villa","Chelsea","Aston Villa",NA,NA
"6785",464303,2009-10-16,"Everton","Wolves",NA,"Everton","Wolves"
"6786",464304,2009-10-16,"Manchester United","Bolton","Manchester United",NA,NA
"6787",464305,2009-10-16,"Portsmouth","Tottenham","Tottenham",NA,NA
"6788",464306,2009-10-16,"Stoke City","West Ham","Stoke City",NA,NA
"6789",464307,2009-10-16,"Sunderland","Liverpool","Sunderland",NA,NA
"6790",464308,2009-10-17,"Blackburn","Burnley","Blackburn",NA,NA
"6791",464309,2009-10-17,"Wigan","Manchester City",NA,"Wigan","Manchester City"
"6792",464310,2009-10-18,"Fulham","Hull","Fulham",NA,NA
"6793",464311,2009-10-23,"Birmingham","Sunderland","Birmingham",NA,NA
"6794",464312,2009-10-23,"Burnley","Wigan","Wigan",NA,NA
"6795",464313,2009-10-23,"Chelsea","Blackburn","Chelsea",NA,NA
"6796",464314,2009-10-23,"Hull","Portsmouth",NA,"Hull","Portsmouth"
"6797",464315,2009-10-23,"Tottenham","Stoke City","Stoke City",NA,NA
"6798",464316,2009-10-23,"Wolves","Aston Villa",NA,"Wolves","Aston Villa"
"6799",464317,2009-10-24,"Bolton","Everton","Bolton",NA,NA
"6800",464318,2009-10-24,"Liverpool","Manchester United","Liverpool",NA,NA
"6801",464319,2009-10-24,"Manchester City","Fulham",NA,"Manchester City","Fulham"
"6802",464320,2009-10-24,"West Ham","Arsenal",NA,"West Ham","Arsenal"
"6803",464321,2009-10-30,"Arsenal","Tottenham","Arsenal",NA,NA
"6804",464322,2009-10-30,"Bolton","Chelsea","Chelsea",NA,NA
"6805",464323,2009-10-30,"Burnley","Hull","Burnley",NA,NA
"6806",464324,2009-10-30,"Everton","Aston Villa",NA,"Everton","Aston Villa"
"6807",464325,2009-10-30,"Fulham","Liverpool","Fulham",NA,NA
"6808",464326,2009-10-30,"Manchester United","Blackburn","Manchester United",NA,NA
"6809",464327,2009-10-30,"Portsmouth","Wigan","Portsmouth",NA,NA
"6810",464328,2009-10-30,"Stoke City","Wolves",NA,"Stoke City","Wolves"
"6811",464329,2009-10-30,"Sunderland","West Ham",NA,"Sunderland","West Ham"
"6812",464330,2009-10-31,"Birmingham","Manchester City",NA,"Birmingham","Manchester City"
"6813",464331,2009-11-03,"West Ham","Aston Villa","West Ham",NA,NA
"6814",464332,2009-11-06,"Aston Villa","Bolton","Aston Villa",NA,NA
"6815",464333,2009-11-06,"Blackburn","Portsmouth","Blackburn",NA,NA
"6816",464334,2009-11-06,"Manchester City","Burnley",NA,"Manchester City","Burnley"
"6817",464335,2009-11-06,"Tottenham","Sunderland","Tottenham",NA,NA
"6818",464336,2009-11-06,"Wolves","Arsenal","Arsenal",NA,NA
"6819",464337,2009-11-07,"Chelsea","Manchester United","Chelsea",NA,NA
"6820",464338,2009-11-07,"Hull","Stoke City","Hull",NA,NA
"6821",464339,2009-11-07,"West Ham","Everton","Everton",NA,NA
"6822",464340,2009-11-07,"Wigan","Fulham",NA,"Wigan","Fulham"
"6823",464341,2009-11-08,"Liverpool","Birmingham",NA,"Liverpool","Birmingham"
"6824",464342,2009-11-20,"Birmingham","Fulham","Birmingham",NA,NA
"6825",464343,2009-11-20,"Burnley","Aston Villa",NA,"Burnley","Aston Villa"
"6826",464344,2009-11-20,"Chelsea","Wolves","Chelsea",NA,NA
"6827",464345,2009-11-20,"Hull","West Ham",NA,"Hull","West Ham"
"6828",464346,2009-11-20,"Liverpool","Manchester City",NA,"Liverpool","Manchester City"
"6829",464347,2009-11-20,"Manchester United","Everton","Manchester United",NA,NA
"6830",464348,2009-11-20,"Sunderland","Arsenal","Sunderland",NA,NA
"6831",464349,2009-11-21,"Bolton","Blackburn","Blackburn",NA,NA
"6832",464350,2009-11-21,"Stoke City","Portsmouth","Stoke City",NA,NA
"6833",464351,2009-11-21,"Tottenham","Wigan","Tottenham",NA,NA
"6834",464352,2009-11-24,"Fulham","Blackburn","Fulham",NA,NA
"6835",464353,2009-11-24,"Hull","Everton","Hull",NA,NA
"6836",464354,2009-11-27,"Aston Villa","Tottenham",NA,"Aston Villa","Tottenham"
"6837",464355,2009-11-27,"Blackburn","Stoke City",NA,"Blackburn","Stoke City"
"6838",464356,2009-11-27,"Fulham","Bolton",NA,"Fulham","Bolton"
"6839",464357,2009-11-27,"Manchester City","Hull",NA,"Manchester City","Hull"
"6840",464358,2009-11-27,"Portsmouth","Manchester United","Manchester United",NA,NA
"6841",464359,2009-11-27,"West Ham","Burnley","West Ham",NA,NA
"6842",464360,2009-11-27,"Wigan","Sunderland","Wigan",NA,NA
"6843",464361,2009-11-28,"Arsenal","Chelsea","Chelsea",NA,NA
"6844",464362,2009-11-28,"Everton","Liverpool","Liverpool",NA,NA
"6845",464363,2009-11-28,"Wolves","Birmingham","Birmingham",NA,NA
"6846",464364,2009-12-04,"Arsenal","Stoke City","Arsenal",NA,NA
"6847",464365,2009-12-04,"Aston Villa","Hull","Aston Villa",NA,NA
"6848",464366,2009-12-04,"Blackburn","Liverpool",NA,"Blackburn","Liverpool"
"6849",464367,2009-12-04,"Manchester City","Chelsea","Manchester City",NA,NA
"6850",464368,2009-12-04,"Portsmouth","Burnley","Portsmouth",NA,NA
"6851",464369,2009-12-04,"West Ham","Manchester United","Manchester United",NA,NA
"6852",464370,2009-12-04,"Wigan","Birmingham","Birmingham",NA,NA
"6853",464371,2009-12-04,"Wolves","Bolton","Wolves",NA,NA
"6854",464372,2009-12-05,"Everton","Tottenham",NA,"Everton","Tottenham"
"6855",464373,2009-12-05,"Fulham","Sunderland","Fulham",NA,NA
"6856",464374,2009-12-11,"Birmingham","West Ham","Birmingham",NA,NA
"6857",464375,2009-12-11,"Bolton","Manchester City",NA,"Bolton","Manchester City"
"6858",464376,2009-12-11,"Burnley","Fulham",NA,"Burnley","Fulham"
"6859",464377,2009-12-11,"Chelsea","Everton",NA,"Chelsea","Everton"
"6860",464378,2009-12-11,"Hull","Blackburn",NA,"Hull","Blackburn"
"6861",464379,2009-12-11,"Manchester United","Aston Villa","Aston Villa",NA,NA
"6862",464380,2009-12-11,"Stoke City","Wigan",NA,"Stoke City","Wigan"
"6863",464381,2009-12-11,"Sunderland","Portsmouth",NA,"Sunderland","Portsmouth"
"6864",464382,2009-12-11,"Tottenham","Wolves","Wolves",NA,NA
"6865",464383,2009-12-12,"Liverpool","Arsenal","Arsenal",NA,NA
"6866",464384,2009-12-14,"Birmingham","Blackburn","Birmingham",NA,NA
"6867",464385,2009-12-14,"Bolton","West Ham","Bolton",NA,NA
"6868",464386,2009-12-14,"Manchester United","Wolves","Manchester United",NA,NA
"6869",464387,2009-12-14,"Sunderland","Aston Villa","Aston Villa",NA,NA
"6870",464388,2009-12-15,"Burnley","Arsenal",NA,"Burnley","Arsenal"
"6871",464389,2009-12-15,"Chelsea","Portsmouth","Chelsea",NA,NA
"6872",464390,2009-12-15,"Liverpool","Wigan","Liverpool",NA,NA
"6873",464391,2009-12-15,"Tottenham","Manchester City","Tottenham",NA,NA
"6874",464392,2009-12-18,"Arsenal","Hull","Arsenal",NA,NA
"6875",464393,2009-12-18,"Aston Villa","Stoke City","Aston Villa",NA,NA
"6876",464394,2009-12-18,"Blackburn","Tottenham","Tottenham",NA,NA
"6877",464395,2009-12-18,"Fulham","Manchester United","Fulham",NA,NA
"6878",464396,2009-12-18,"Manchester City","Sunderland","Manchester City",NA,NA
"6879",464397,2009-12-18,"Portsmouth","Liverpool","Portsmouth",NA,NA
"6880",464398,2009-12-19,"Everton","Birmingham",NA,"Everton","Birmingham"
"6881",464399,2009-12-19,"West Ham","Chelsea",NA,"West Ham","Chelsea"
"6882",464400,2009-12-19,"Wolves","Burnley","Wolves",NA,NA
"6883",464401,2009-12-25,"Birmingham","Chelsea",NA,"Birmingham","Chelsea"
"6884",464402,2009-12-25,"Burnley","Bolton",NA,"Burnley","Bolton"
"6885",464403,2009-12-25,"Fulham","Tottenham",NA,"Fulham","Tottenham"
"6886",464404,2009-12-25,"Liverpool","Wolves","Liverpool",NA,NA
"6887",464405,2009-12-25,"Manchester City","Stoke City","Manchester City",NA,NA
"6888",464406,2009-12-25,"Sunderland","Everton",NA,"Sunderland","Everton"
"6889",464407,2009-12-25,"West Ham","Portsmouth","West Ham",NA,NA
"6890",464408,2009-12-25,"Wigan","Blackburn",NA,"Wigan","Blackburn"
"6891",464409,2009-12-26,"Arsenal","Aston Villa","Arsenal",NA,NA
"6892",464410,2009-12-26,"Hull","Manchester United","Manchester United",NA,NA
"6893",464411,2009-12-27,"Blackburn","Sunderland",NA,"Blackburn","Sunderland"
"6894",464412,2009-12-27,"Chelsea","Fulham","Chelsea",NA,NA
"6895",464413,2009-12-27,"Everton","Burnley","Everton",NA,NA
"6896",464414,2009-12-27,"Stoke City","Birmingham","Birmingham",NA,NA
"6897",464415,2009-12-27,"Tottenham","West Ham","Tottenham",NA,NA
"6898",464416,2009-12-27,"Wolves","Manchester City","Manchester City",NA,NA
"6899",464417,2009-12-28,"Aston Villa","Liverpool","Liverpool",NA,NA
"6900",464418,2009-12-28,"Bolton","Hull",NA,"Bolton","Hull"
"6901",464419,2009-12-29,"Manchester United","Wigan","Manchester United",NA,NA
"6902",464420,2009-12-29,"Portsmouth","Arsenal","Arsenal",NA,NA
"6903",464421,2010-01-04,"Stoke City","Fulham","Stoke City",NA,NA
"6904",464422,2010-01-08,"Arsenal","Everton",NA,"Arsenal","Everton"
"6905",464423,2010-01-08,"Birmingham","Manchester United",NA,"Birmingham","Manchester United"
"6906",464424,2010-01-10,"Manchester City","Blackburn","Manchester City",NA,NA
"6907",464425,2010-01-15,"Chelsea","Sunderland","Chelsea",NA,NA
"6908",464426,2010-01-15,"Everton","Manchester City","Everton",NA,NA
"6909",464427,2010-01-15,"Manchester United","Burnley","Manchester United",NA,NA
"6910",464428,2010-01-15,"Stoke City","Liverpool",NA,"Stoke City","Liverpool"
"6911",464429,2010-01-15,"Tottenham","Hull",NA,"Tottenham","Hull"
"6912",464430,2010-01-15,"Wolves","Wigan","Wigan",NA,NA
"6913",464431,2010-01-16,"Aston Villa","West Ham",NA,"Aston Villa","West Ham"
"6914",464432,2010-01-16,"Blackburn","Fulham","Blackburn",NA,NA
"6915",464433,2010-01-16,"Bolton","Arsenal","Arsenal",NA,NA
"6916",464434,2010-01-19,"Arsenal","Bolton","Arsenal",NA,NA
"6917",464435,2010-01-19,"Liverpool","Tottenham","Liverpool",NA,NA
"6918",464436,2010-01-22,"Manchester United","Hull","Manchester United",NA,NA
"6919",464437,2010-01-25,"Bolton","Burnley","Bolton",NA,NA
"6920",464438,2010-01-25,"Portsmouth","West Ham",NA,"Portsmouth","West Ham"
"6921",464439,2010-01-25,"Tottenham","Fulham","Tottenham",NA,NA
"6922",464440,2010-01-25,"Wolves","Liverpool",NA,"Wolves","Liverpool"
"6923",464441,2010-01-26,"Aston Villa","Arsenal",NA,"Aston Villa","Arsenal"
"6924",464442,2010-01-26,"Blackburn","Wigan","Blackburn",NA,NA
"6925",464443,2010-01-26,"Chelsea","Birmingham","Chelsea",NA,NA
"6926",464444,2010-01-26,"Everton","Sunderland","Everton",NA,NA
"6927",464445,2010-01-29,"Birmingham","Tottenham",NA,"Birmingham","Tottenham"
"6928",464446,2010-01-29,"Burnley","Chelsea","Chelsea",NA,NA
"6929",464447,2010-01-29,"Fulham","Aston Villa","Aston Villa",NA,NA
"6930",464448,2010-01-29,"Hull","Wolves",NA,"Hull","Wolves"
"6931",464449,2010-01-29,"Liverpool","Bolton","Liverpool",NA,NA
"6932",464450,2010-01-29,"West Ham","Blackburn",NA,"West Ham","Blackburn"
"6933",464451,2010-01-29,"Wigan","Everton","Everton",NA,NA
"6934",464452,2010-01-30,"Arsenal","Manchester United","Manchester United",NA,NA
"6935",464453,2010-01-30,"Manchester City","Portsmouth","Manchester City",NA,NA
"6936",464454,2010-01-31,"Sunderland","Stoke City",NA,"Sunderland","Stoke City"
"6937",464455,2010-02-01,"Hull","Chelsea",NA,"Hull","Chelsea"
"6938",464456,2010-02-02,"Fulham","Portsmouth","Fulham",NA,NA
"6939",464457,2010-02-05,"Bolton","Fulham",NA,"Bolton","Fulham"
"6940",464458,2010-02-05,"Burnley","West Ham","Burnley",NA,NA
"6941",464459,2010-02-05,"Hull","Manchester City","Hull",NA,NA
"6942",464460,2010-02-05,"Liverpool","Everton","Liverpool",NA,NA
"6943",464461,2010-02-05,"Manchester United","Portsmouth","Manchester United",NA,NA
"6944",464462,2010-02-05,"Stoke City","Blackburn","Stoke City",NA,NA
"6945",464463,2010-02-05,"Sunderland","Wigan",NA,"Sunderland","Wigan"
"6946",464464,2010-02-05,"Tottenham","Aston Villa",NA,"Tottenham","Aston Villa"
"6947",464465,2010-02-06,"Birmingham","Wolves","Birmingham",NA,NA
"6948",464466,2010-02-06,"Chelsea","Arsenal","Chelsea",NA,NA
"6949",464467,2010-02-08,"Fulham","Burnley","Fulham",NA,NA
"6950",464468,2010-02-08,"Manchester City","Bolton","Manchester City",NA,NA
"6951",464469,2010-02-08,"Portsmouth","Sunderland",NA,"Portsmouth","Sunderland"
"6952",464470,2010-02-08,"Wigan","Stoke City",NA,"Wigan","Stoke City"
"6953",464471,2010-02-09,"Arsenal","Liverpool","Arsenal",NA,NA
"6954",464472,2010-02-09,"Aston Villa","Manchester United",NA,"Aston Villa","Manchester United"
"6955",464473,2010-02-09,"Blackburn","Hull","Blackburn",NA,NA
"6956",464474,2010-02-09,"Everton","Chelsea","Everton",NA,NA
"6957",464475,2010-02-09,"West Ham","Birmingham","West Ham",NA,NA
"6958",464476,2010-02-09,"Wolves","Tottenham","Wolves",NA,NA
"6959",464477,2010-02-15,"Stoke City","Manchester City",NA,"Stoke City","Manchester City"
"6960",464478,2010-02-16,"Wigan","Bolton",NA,"Wigan","Bolton"
"6961",464479,2010-02-19,"Arsenal","Sunderland","Arsenal",NA,NA
"6962",464480,2010-02-19,"Everton","Manchester United","Everton",NA,NA
"6963",464481,2010-02-19,"Portsmouth","Stoke City","Stoke City",NA,NA
"6964",464482,2010-02-19,"West Ham","Hull","West Ham",NA,NA
"6965",464483,2010-02-19,"Wolves","Chelsea","Chelsea",NA,NA
"6966",464484,2010-02-20,"Aston Villa","Burnley","Aston Villa",NA,NA
"6967",464485,2010-02-20,"Blackburn","Bolton","Blackburn",NA,NA
"6968",464486,2010-02-20,"Fulham","Birmingham","Fulham",NA,NA
"6969",464487,2010-02-20,"Manchester City","Liverpool",NA,"Manchester City","Liverpool"
"6970",464488,2010-02-20,"Wigan","Tottenham","Tottenham",NA,NA
"6971",464489,2010-02-22,"Manchester United","West Ham","Manchester United",NA,NA
"6972",464490,2010-02-26,"Birmingham","Wigan","Birmingham",NA,NA
"6973",464491,2010-02-26,"Bolton","Wolves","Bolton",NA,NA
"6974",464492,2010-02-26,"Burnley","Portsmouth","Portsmouth",NA,NA
"6975",464493,2010-02-26,"Chelsea","Manchester City","Manchester City",NA,NA
"6976",464494,2010-02-26,"Stoke City","Arsenal","Arsenal",NA,NA
"6977",464495,2010-02-27,"Liverpool","Blackburn","Liverpool",NA,NA
"6978",464496,2010-02-27,"Sunderland","Fulham",NA,"Sunderland","Fulham"
"6979",464497,2010-02-27,"Tottenham","Everton","Tottenham",NA,NA
"6980",464498,2010-03-05,"Arsenal","Burnley","Arsenal",NA,NA
"6981",464499,2010-03-05,"West Ham","Bolton","Bolton",NA,NA
"6982",464500,2010-03-05,"Wolves","Manchester United","Manchester United",NA,NA
"6983",464501,2010-03-06,"Everton","Hull","Everton",NA,NA
"6984",464502,2010-03-07,"Wigan","Liverpool","Wigan",NA,NA
"6985",464503,2010-03-08,"Portsmouth","Birmingham","Birmingham",NA,NA
"6986",464504,2010-03-08,"Sunderland","Bolton","Sunderland",NA,NA
"6987",464505,2010-03-09,"Burnley","Stoke City",NA,"Burnley","Stoke City"
"6988",464506,2010-03-12,"Birmingham","Everton",NA,"Birmingham","Everton"
"6989",464507,2010-03-12,"Bolton","Wigan","Bolton",NA,NA
"6990",464508,2010-03-12,"Burnley","Wolves","Wolves",NA,NA
"6991",464509,2010-03-12,"Chelsea","West Ham","Chelsea",NA,NA
"6992",464510,2010-03-12,"Hull","Arsenal","Arsenal",NA,NA
"6993",464511,2010-03-12,"Stoke City","Aston Villa",NA,"Stoke City","Aston Villa"
"6994",464512,2010-03-12,"Tottenham","Blackburn","Tottenham",NA,NA
"6995",464513,2010-03-13,"Manchester United","Fulham","Manchester United",NA,NA
"6996",464514,2010-03-13,"Sunderland","Manchester City",NA,"Sunderland","Manchester City"
"6997",464515,2010-03-14,"Liverpool","Portsmouth","Liverpool",NA,NA
"6998",464516,2010-03-15,"Wigan","Aston Villa","Aston Villa",NA,NA
"6999",464517,2010-03-19,"Arsenal","West Ham","Arsenal",NA,NA
"7000",464518,2010-03-19,"Aston Villa","Wolves",NA,"Aston Villa","Wolves"
"7001",464519,2010-03-19,"Everton","Bolton","Everton",NA,NA
"7002",464520,2010-03-19,"Portsmouth","Hull","Portsmouth",NA,NA
"7003",464521,2010-03-19,"Stoke City","Tottenham","Tottenham",NA,NA
"7004",464522,2010-03-19,"Sunderland","Birmingham","Sunderland",NA,NA
"7005",464523,2010-03-19,"Wigan","Burnley","Wigan",NA,NA
"7006",464524,2010-03-20,"Blackburn","Chelsea",NA,"Blackburn","Chelsea"
"7007",464525,2010-03-20,"Fulham","Manchester City","Manchester City",NA,NA
"7008",464526,2010-03-20,"Manchester United","Liverpool","Manchester United",NA,NA
"7009",464527,2010-03-22,"West Ham","Wolves","Wolves",NA,NA
"7010",464528,2010-03-23,"Aston Villa","Sunderland",NA,"Aston Villa","Sunderland"
"7011",464529,2010-03-23,"Blackburn","Birmingham","Blackburn",NA,NA
"7012",464530,2010-03-23,"Manchester City","Everton","Everton",NA,NA
"7013",464531,2010-03-23,"Portsmouth","Chelsea","Chelsea",NA,NA
"7014",464532,2010-03-26,"Birmingham","Arsenal",NA,"Birmingham","Arsenal"
"7015",464533,2010-03-26,"Bolton","Manchester United","Manchester United",NA,NA
"7016",464534,2010-03-26,"Chelsea","Aston Villa","Chelsea",NA,NA
"7017",464535,2010-03-26,"Hull","Fulham","Hull",NA,NA
"7018",464536,2010-03-26,"Tottenham","Portsmouth","Tottenham",NA,NA
"7019",464537,2010-03-26,"West Ham","Stoke City","Stoke City",NA,NA
"7020",464538,2010-03-26,"Wolves","Everton",NA,"Wolves","Everton"
"7021",464539,2010-03-27,"Burnley","Blackburn","Blackburn",NA,NA
"7022",464540,2010-03-27,"Liverpool","Sunderland","Liverpool",NA,NA
"7023",464541,2010-03-28,"Manchester City","Wigan","Manchester City",NA,NA
"7024",464542,2010-04-02,"Arsenal","Wolves","Arsenal",NA,NA
"7025",464543,2010-04-02,"Bolton","Aston Villa","Aston Villa",NA,NA
"7026",464544,2010-04-02,"Burnley","Manchester City","Manchester City",NA,NA
"7027",464545,2010-04-02,"Manchester United","Chelsea","Chelsea",NA,NA
"7028",464546,2010-04-02,"Portsmouth","Blackburn",NA,"Portsmouth","Blackburn"
"7029",464547,2010-04-02,"Stoke City","Hull","Stoke City",NA,NA
"7030",464548,2010-04-02,"Sunderland","Tottenham","Sunderland",NA,NA
"7031",464549,2010-04-03,"Birmingham","Liverpool",NA,"Birmingham","Liverpool"
"7032",464550,2010-04-03,"Everton","West Ham",NA,"Everton","West Ham"
"7033",464551,2010-04-03,"Fulham","Wigan","Fulham",NA,NA
"7034",464552,2010-04-09,"Hull","Burnley","Burnley",NA,NA
"7035",464553,2010-04-09,"West Ham","Sunderland","West Ham",NA,NA
"7036",464554,2010-04-10,"Blackburn","Manchester United",NA,"Blackburn","Manchester United"
"7037",464555,2010-04-10,"Liverpool","Fulham",NA,"Liverpool","Fulham"
"7038",464556,2010-04-10,"Manchester City","Birmingham","Manchester City",NA,NA
"7039",464557,2010-04-10,"Wolves","Stoke City",NA,"Wolves","Stoke City"
"7040",464558,2010-04-12,"Chelsea","Bolton","Chelsea",NA,NA
"7041",464559,2010-04-13,"Aston Villa","Everton",NA,"Aston Villa","Everton"
"7042",464560,2010-04-13,"Tottenham","Arsenal","Tottenham",NA,NA
"7043",464561,2010-04-13,"Wigan","Portsmouth",NA,"Wigan","Portsmouth"
"7044",464562,2010-04-16,"Birmingham","Hull",NA,"Birmingham","Hull"
"7045",464563,2010-04-16,"Blackburn","Everton","Everton",NA,NA
"7046",464564,2010-04-16,"Fulham","Wolves",NA,"Fulham","Wolves"
"7047",464565,2010-04-16,"Manchester City","Manchester United","Manchester United",NA,NA
"7048",464566,2010-04-16,"Stoke City","Bolton","Bolton",NA,NA
"7049",464567,2010-04-16,"Sunderland","Burnley","Sunderland",NA,NA
"7050",464568,2010-04-16,"Tottenham","Chelsea","Tottenham",NA,NA
"7051",464569,2010-04-17,"Portsmouth","Aston Villa","Aston Villa",NA,NA
"7052",464570,2010-04-17,"Wigan","Arsenal","Wigan",NA,NA
"7053",464571,2010-04-18,"Liverpool","West Ham","Liverpool",NA,NA
"7054",464572,2010-04-20,"Hull","Aston Villa","Aston Villa",NA,NA
"7055",464573,2010-04-23,"Arsenal","Manchester City",NA,"Arsenal","Manchester City"
"7056",464574,2010-04-23,"Bolton","Portsmouth",NA,"Bolton","Portsmouth"
"7057",464575,2010-04-23,"Hull","Sunderland","Sunderland",NA,NA
"7058",464576,2010-04-23,"Manchester United","Tottenham","Manchester United",NA,NA
"7059",464577,2010-04-23,"West Ham","Wigan","West Ham",NA,NA
"7060",464578,2010-04-23,"Wolves","Blackburn",NA,"Wolves","Blackburn"
"7061",464579,2010-04-24,"Aston Villa","Birmingham","Aston Villa",NA,NA
"7062",464580,2010-04-24,"Burnley","Liverpool","Liverpool",NA,NA
"7063",464581,2010-04-24,"Chelsea","Stoke City","Chelsea",NA,NA
"7064",464582,2010-04-24,"Everton","Fulham","Everton",NA,NA
"7065",464583,2010-04-30,"Birmingham","Burnley","Birmingham",NA,NA
"7066",464584,2010-04-30,"Manchester City","Aston Villa","Manchester City",NA,NA
"7067",464585,2010-04-30,"Portsmouth","Wolves","Portsmouth",NA,NA
"7068",464586,2010-04-30,"Stoke City","Everton",NA,"Stoke City","Everton"
"7069",464587,2010-04-30,"Tottenham","Bolton","Tottenham",NA,NA
"7070",464588,2010-05-01,"Fulham","West Ham","Fulham",NA,NA
"7071",464589,2010-05-01,"Liverpool","Chelsea","Chelsea",NA,NA
"7072",464590,2010-05-01,"Sunderland","Manchester United","Manchester United",NA,NA
"7073",464591,2010-05-02,"Blackburn","Arsenal","Blackburn",NA,NA
"7074",464592,2010-05-02,"Wigan","Hull",NA,"Wigan","Hull"
"7075",464593,2010-05-04,"Fulham","Stoke City","Stoke City",NA,NA
"7076",464594,2010-05-04,"Manchester City","Tottenham","Tottenham",NA,NA
"7077",464595,2010-05-08,"Arsenal","Fulham","Arsenal",NA,NA
"7078",464596,2010-05-08,"Aston Villa","Blackburn","Blackburn",NA,NA
"7079",464597,2010-05-08,"Bolton","Birmingham","Bolton",NA,NA
"7080",464598,2010-05-08,"Burnley","Tottenham","Burnley",NA,NA
"7081",464599,2010-05-08,"Chelsea","Wigan","Chelsea",NA,NA
"7082",464600,2010-05-08,"Everton","Portsmouth","Everton",NA,NA
"7083",464601,2010-05-08,"Hull","Liverpool",NA,"Hull","Liverpool"
"7084",464602,2010-05-08,"Manchester United","Stoke City","Manchester United",NA,NA
"7085",464603,2010-05-08,"West Ham","Manchester City",NA,"West Ham","Manchester City"
"7086",464604,2010-05-08,"Wolves","Sunderland","Wolves",NA,NA
"7087",463812,2010-08-13,"Aston Villa","West Ham","Aston Villa",NA,NA
"7088",463813,2010-08-13,"Blackburn","Everton","Blackburn",NA,NA
"7089",463814,2010-08-13,"Bolton","Fulham",NA,"Bolton","Fulham"
"7090",463815,2010-08-13,"Chelsea","West Brom","Chelsea",NA,NA
"7091",463816,2010-08-13,"Sunderland","Birmingham",NA,"Sunderland","Birmingham"
"7092",463817,2010-08-13,"Tottenham","Manchester City",NA,"Tottenham","Manchester City"
"7093",463818,2010-08-13,"Wigan","Blackpool","Blackpool",NA,NA
"7094",463819,2010-08-13,"Wolves","Stoke City","Wolves",NA,NA
"7095",463820,2010-08-14,"Liverpool","Arsenal",NA,"Liverpool","Arsenal"
"7096",463821,2010-08-15,"Manchester United","Newcastle","Manchester United",NA,NA
"7097",463822,2010-08-20,"Arsenal","Blackpool","Arsenal",NA,NA
"7098",463823,2010-08-20,"Birmingham","Blackburn","Birmingham",NA,NA
"7099",463824,2010-08-20,"Everton","Wolves",NA,"Everton","Wolves"
"7100",463825,2010-08-20,"Stoke City","Tottenham","Tottenham",NA,NA
"7101",463826,2010-08-20,"West Brom","Sunderland","West Brom",NA,NA
"7102",463827,2010-08-20,"West Ham","Bolton","Bolton",NA,NA
"7103",463828,2010-08-20,"Wigan","Chelsea","Chelsea",NA,NA
"7104",463829,2010-08-21,"Fulham","Manchester United",NA,"Fulham","Manchester United"
"7105",463830,2010-08-21,"Newcastle","Aston Villa","Newcastle",NA,NA
"7106",463831,2010-08-22,"Manchester City","Liverpool","Manchester City",NA,NA
"7107",463832,2010-08-27,"Blackburn","Arsenal","Arsenal",NA,NA
"7108",463833,2010-08-27,"Blackpool","Fulham",NA,"Blackpool","Fulham"
"7109",463834,2010-08-27,"Chelsea","Stoke City","Chelsea",NA,NA
"7110",463835,2010-08-27,"Manchester United","West Ham","Manchester United",NA,NA
"7111",463836,2010-08-27,"Tottenham","Wigan","Wigan",NA,NA
"7112",463837,2010-08-27,"Wolves","Newcastle",NA,"Wolves","Newcastle"
"7113",463838,2010-08-28,"Aston Villa","Everton","Aston Villa",NA,NA
"7114",463839,2010-08-28,"Bolton","Birmingham",NA,"Bolton","Birmingham"
"7115",463840,2010-08-28,"Liverpool","West Brom","Liverpool",NA,NA
"7116",463841,2010-08-28,"Sunderland","Manchester City","Sunderland",NA,NA
"7117",463842,2010-09-10,"Arsenal","Bolton","Arsenal",NA,NA
"7118",463843,2010-09-10,"Everton","Manchester United",NA,"Everton","Manchester United"
"7119",463844,2010-09-10,"Fulham","Wolves","Fulham",NA,NA
"7120",463845,2010-09-10,"Manchester City","Blackburn",NA,"Manchester City","Blackburn"
"7121",463846,2010-09-10,"Newcastle","Blackpool","Blackpool",NA,NA
"7122",463847,2010-09-10,"West Brom","Tottenham",NA,"West Brom","Tottenham"
"7123",463848,2010-09-10,"West Ham","Chelsea","Chelsea",NA,NA
"7124",463849,2010-09-10,"Wigan","Sunderland",NA,"Wigan","Sunderland"
"7125",463850,2010-09-11,"Birmingham","Liverpool",NA,"Birmingham","Liverpool"
"7126",463851,2010-09-12,"Stoke City","Aston Villa","Stoke City",NA,NA
"7127",463852,2010-09-17,"Aston Villa","Bolton",NA,"Aston Villa","Bolton"
"7128",463853,2010-09-17,"Blackburn","Fulham",NA,"Blackburn","Fulham"
"7129",463854,2010-09-17,"Everton","Newcastle","Newcastle",NA,NA
"7130",463855,2010-09-17,"Stoke City","West Ham",NA,"Stoke City","West Ham"
"7131",463856,2010-09-17,"Sunderland","Arsenal",NA,"Sunderland","Arsenal"
"7132",463857,2010-09-17,"Tottenham","Wolves","Tottenham",NA,NA
"7133",463858,2010-09-17,"West Brom","Birmingham","West Brom",NA,NA
"7134",463859,2010-09-18,"Chelsea","Blackpool","Chelsea",NA,NA
"7135",463860,2010-09-18,"Manchester United","Liverpool","Manchester United",NA,NA
"7136",463861,2010-09-18,"Wigan","Manchester City","Manchester City",NA,NA
"7137",463862,2010-09-24,"Arsenal","West Brom","West Brom",NA,NA
"7138",463863,2010-09-24,"Birmingham","Wigan",NA,"Birmingham","Wigan"
"7139",463864,2010-09-24,"Blackpool","Blackburn","Blackburn",NA,NA
"7140",463865,2010-09-24,"Fulham","Everton",NA,"Fulham","Everton"
"7141",463866,2010-09-24,"Liverpool","Sunderland",NA,"Liverpool","Sunderland"
"7142",463867,2010-09-24,"Manchester City","Chelsea","Manchester City",NA,NA
"7143",463868,2010-09-24,"West Ham","Tottenham","West Ham",NA,NA
"7144",463869,2010-09-25,"Bolton","Manchester United",NA,"Bolton","Manchester United"
"7145",463870,2010-09-25,"Newcastle","Stoke City","Stoke City",NA,NA
"7146",463871,2010-09-25,"Wolves","Aston Villa","Aston Villa",NA,NA
"7147",463872,2010-10-01,"Birmingham","Everton","Everton",NA,NA
"7148",463873,2010-10-01,"Stoke City","Blackburn","Stoke City",NA,NA
"7149",463874,2010-10-01,"Sunderland","Manchester United",NA,"Sunderland","Manchester United"
"7150",463875,2010-10-01,"Tottenham","Aston Villa","Tottenham",NA,NA
"7151",463876,2010-10-01,"West Brom","Bolton",NA,"West Brom","Bolton"
"7152",463877,2010-10-01,"West Ham","Fulham",NA,"West Ham","Fulham"
"7153",463878,2010-10-01,"Wigan","Wolves","Wigan",NA,NA
"7154",463879,2010-10-02,"Chelsea","Arsenal","Chelsea",NA,NA
"7155",463880,2010-10-02,"Liverpool","Blackpool","Blackpool",NA,NA
"7156",463881,2010-10-02,"Manchester City","Newcastle","Manchester City",NA,NA
"7157",463882,2010-10-15,"Arsenal","Birmingham","Arsenal",NA,NA
"7158",463883,2010-10-15,"Aston Villa","Chelsea",NA,"Aston Villa","Chelsea"
"7159",463884,2010-10-15,"Bolton","Stoke City","Bolton",NA,NA
"7160",463885,2010-10-15,"Fulham","Tottenham","Tottenham",NA,NA
"7161",463886,2010-10-15,"Manchester United","West Brom",NA,"Manchester United","West Brom"
"7162",463887,2010-10-15,"Newcastle","Wigan",NA,"Newcastle","Wigan"
"7163",463888,2010-10-15,"Wolves","West Ham",NA,"Wolves","West Ham"
"7164",463889,2010-10-16,"Blackpool","Manchester City","Manchester City",NA,NA
"7165",463890,2010-10-16,"Everton","Liverpool","Everton",NA,NA
"7166",463891,2010-10-17,"Blackburn","Sunderland",NA,"Blackburn","Sunderland"
"7167",463892,2010-10-22,"Birmingham","Blackpool","Birmingham",NA,NA
"7168",463893,2010-10-22,"Chelsea","Wolves","Chelsea",NA,NA
"7169",463894,2010-10-22,"Sunderland","Aston Villa","Sunderland",NA,NA
"7170",463895,2010-10-22,"Tottenham","Everton",NA,"Tottenham","Everton"
"7171",463896,2010-10-22,"West Brom","Fulham","West Brom",NA,NA
"7172",463897,2010-10-22,"West Ham","Newcastle","Newcastle",NA,NA
"7173",463898,2010-10-22,"Wigan","Bolton",NA,"Wigan","Bolton"
"7174",463899,2010-10-23,"Liverpool","Blackburn","Liverpool",NA,NA
"7175",463900,2010-10-23,"Manchester City","Arsenal","Arsenal",NA,NA
"7176",463901,2010-10-23,"Stoke City","Manchester United","Manchester United",NA,NA
"7177",463902,2010-10-29,"Arsenal","West Ham","Arsenal",NA,NA
"7178",463903,2010-10-29,"Blackburn","Chelsea","Chelsea",NA,NA
"7179",463904,2010-10-29,"Everton","Stoke City","Everton",NA,NA
"7180",463905,2010-10-29,"Fulham","Wigan","Fulham",NA,NA
"7181",463906,2010-10-29,"Manchester United","Tottenham","Manchester United",NA,NA
"7182",463907,2010-10-29,"Wolves","Manchester City","Wolves",NA,NA
"7183",463908,2010-10-30,"Aston Villa","Birmingham",NA,"Aston Villa","Birmingham"
"7184",463909,2010-10-30,"Bolton","Liverpool","Liverpool",NA,NA
"7185",463910,2010-10-30,"Newcastle","Sunderland","Newcastle",NA,NA
"7186",463911,2010-10-31,"Blackpool","West Brom","Blackpool",NA,NA
"7187",463912,2010-11-05,"Birmingham","West Ham",NA,"Birmingham","West Ham"
"7188",463913,2010-11-05,"Blackburn","Wigan","Blackburn",NA,NA
"7189",463914,2010-11-05,"Blackpool","Everton",NA,"Blackpool","Everton"
"7190",463916,2010-11-05,"Fulham","Aston Villa",NA,"Fulham","Aston Villa"
"7191",463917,2010-11-05,"Manchester United","Wolves","Manchester United",NA,NA
"7192",463918,2010-11-05,"Sunderland","Stoke City","Sunderland",NA,NA
"7193",463915,2010-11-05,"Bolton","Tottenham","Bolton",NA,NA
"7194",463919,2010-11-06,"Arsenal","Newcastle","Newcastle",NA,NA
"7195",463920,2010-11-06,"Liverpool","Chelsea","Liverpool",NA,NA
"7196",463921,2010-11-06,"West Brom","Manchester City","Manchester City",NA,NA
"7197",463922,2010-11-08,"Stoke City","Birmingham","Stoke City",NA,NA
"7198",463923,2010-11-08,"Tottenham","Sunderland",NA,"Tottenham","Sunderland"
"7199",463924,2010-11-09,"Aston Villa","Blackpool","Aston Villa",NA,NA
"7200",463925,2010-11-09,"Chelsea","Fulham","Chelsea",NA,NA
"7201",463926,2010-11-09,"Everton","Bolton",NA,"Everton","Bolton"
"7202",463927,2010-11-09,"Manchester City","Manchester United",NA,"Manchester City","Manchester United"
"7203",463928,2010-11-09,"Newcastle","Blackburn","Blackburn",NA,NA
"7204",463929,2010-11-09,"West Ham","West Brom",NA,"West Ham","West Brom"
"7205",463930,2010-11-09,"Wigan","Liverpool",NA,"Wigan","Liverpool"
"7206",463931,2010-11-09,"Wolves","Arsenal","Arsenal",NA,NA
"7207",463932,2010-11-12,"Aston Villa","Manchester United",NA,"Aston Villa","Manchester United"
"7208",463933,2010-11-12,"Manchester City","Birmingham",NA,"Manchester City","Birmingham"
"7209",463934,2010-11-12,"Newcastle","Fulham",NA,"Newcastle","Fulham"
"7210",463935,2010-11-12,"Stoke City","Liverpool","Stoke City",NA,NA
"7211",463936,2010-11-12,"Tottenham","Blackburn","Tottenham",NA,NA
"7212",463937,2010-11-12,"West Ham","Blackpool",NA,"West Ham","Blackpool"
"7213",463938,2010-11-12,"Wigan","West Brom","Wigan",NA,NA
"7214",463939,2010-11-12,"Wolves","Bolton","Bolton",NA,NA
"7215",463940,2010-11-13,"Chelsea","Sunderland","Sunderland",NA,NA
"7216",463941,2010-11-13,"Everton","Arsenal","Arsenal",NA,NA
"7217",463942,2010-11-19,"Arsenal","Tottenham","Tottenham",NA,NA
"7218",463943,2010-11-19,"Birmingham","Chelsea","Birmingham",NA,NA
"7219",463944,2010-11-19,"Blackpool","Wolves","Blackpool",NA,NA
"7220",463945,2010-11-19,"Bolton","Newcastle","Bolton",NA,NA
"7221",463946,2010-11-19,"Liverpool","West Ham","Liverpool",NA,NA
"7222",463947,2010-11-19,"Manchester United","Wigan","Manchester United",NA,NA
"7223",463948,2010-11-19,"West Brom","Stoke City","Stoke City",NA,NA
"7224",463949,2010-11-20,"Blackburn","Aston Villa","Blackburn",NA,NA
"7225",463950,2010-11-20,"Fulham","Manchester City","Manchester City",NA,NA
"7226",463951,2010-11-21,"Sunderland","Everton",NA,"Sunderland","Everton"
"7227",463952,2010-11-26,"Aston Villa","Arsenal","Arsenal",NA,NA
"7228",463953,2010-11-26,"Bolton","Blackpool",NA,"Bolton","Blackpool"
"7229",463954,2010-11-26,"Everton","West Brom","West Brom",NA,NA
"7230",463955,2010-11-26,"Fulham","Birmingham",NA,"Fulham","Birmingham"
"7231",463957,2010-11-26,"Stoke City","Manchester City",NA,"Stoke City","Manchester City"
"7232",463958,2010-11-26,"West Ham","Wigan","West Ham",NA,NA
"7233",463959,2010-11-26,"Wolves","Sunderland","Wolves",NA,NA
"7234",463956,2010-11-26,"Manchester United","Blackburn","Manchester United",NA,NA
"7235",463960,2010-11-27,"Newcastle","Chelsea",NA,"Newcastle","Chelsea"
"7236",463961,2010-11-27,"Tottenham","Liverpool","Tottenham",NA,NA
"7237",463962,2010-12-03,"Arsenal","Fulham","Arsenal",NA,NA
"7238",463963,2010-12-03,"Birmingham","Tottenham",NA,"Birmingham","Tottenham"
"7239",463964,2010-12-03,"Blackburn","Wolves","Blackburn",NA,NA
"7240",463965,2010-12-03,"Chelsea","Everton",NA,"Chelsea","Everton"
"7241",463966,2010-12-03,"Manchester City","Bolton","Manchester City",NA,NA
"7242",463967,2010-12-03,"Wigan","Stoke City",NA,"Wigan","Stoke City"
"7243",463968,2010-12-04,"Sunderland","West Ham","Sunderland",NA,NA
"7244",463969,2010-12-04,"West Brom","Newcastle","West Brom",NA,NA
"7245",463970,2010-12-05,"Liverpool","Aston Villa","Liverpool",NA,NA
"7246",463971,2010-12-10,"Aston Villa","West Brom","Aston Villa",NA,NA
"7247",463972,2010-12-10,"Everton","Wigan",NA,"Everton","Wigan"
"7248",463973,2010-12-10,"Fulham","Sunderland",NA,"Fulham","Sunderland"
"7249",463974,2010-12-10,"Newcastle","Liverpool","Newcastle",NA,NA
"7250",463975,2010-12-10,"Stoke City","Blackpool","Blackpool",NA,NA
"7251",463976,2010-12-10,"West Ham","Manchester City","Manchester City",NA,NA
"7252",463977,2010-12-11,"Bolton","Blackburn","Bolton",NA,NA
"7253",463978,2010-12-11,"Tottenham","Chelsea",NA,"Tottenham","Chelsea"
"7254",463979,2010-12-11,"Wolves","Birmingham","Wolves",NA,NA
"7255",463980,2010-12-12,"Manchester United","Arsenal","Manchester United",NA,NA
"7256",463981,2010-12-17,"Blackburn","West Ham",NA,"Blackburn","West Ham"
"7257",463982,2010-12-17,"Sunderland","Bolton","Sunderland",NA,NA
"7258",463983,2010-12-19,"Manchester City","Everton","Everton",NA,NA
"7259",463984,2010-12-25,"Aston Villa","Tottenham","Tottenham",NA,NA
"7260",463985,2010-12-25,"Blackburn","Stoke City","Stoke City",NA,NA
"7261",463986,2010-12-25,"Bolton","West Brom","Bolton",NA,NA
"7262",463987,2010-12-25,"Fulham","West Ham","West Ham",NA,NA
"7263",463988,2010-12-25,"Manchester United","Sunderland","Manchester United",NA,NA
"7264",463989,2010-12-25,"Newcastle","Manchester City","Manchester City",NA,NA
"7265",463990,2010-12-25,"Wolves","Wigan","Wigan",NA,NA
"7266",463991,2010-12-26,"Arsenal","Chelsea","Arsenal",NA,NA
"7267",463992,2010-12-27,"Birmingham","Manchester United",NA,"Birmingham","Manchester United"
"7268",463993,2010-12-27,"Manchester City","Aston Villa","Manchester City",NA,NA
"7269",463994,2010-12-27,"Stoke City","Fulham","Fulham",NA,NA
"7270",463995,2010-12-27,"Sunderland","Blackpool","Blackpool",NA,NA
"7271",463996,2010-12-27,"Tottenham","Newcastle","Tottenham",NA,NA
"7272",463997,2010-12-27,"West Brom","Blackburn","Blackburn",NA,NA
"7273",463998,2010-12-27,"West Ham","Everton",NA,"West Ham","Everton"
"7274",463999,2010-12-28,"Chelsea","Bolton","Chelsea",NA,NA
"7275",464000,2010-12-28,"Liverpool","Wolves","Wolves",NA,NA
"7276",464001,2010-12-28,"Wigan","Arsenal",NA,"Wigan","Arsenal"
"7277",464002,2010-12-31,"Birmingham","Arsenal","Arsenal",NA,NA
"7278",464003,2010-12-31,"Liverpool","Bolton","Liverpool",NA,NA
"7279",464004,2010-12-31,"Manchester City","Blackpool","Manchester City",NA,NA
"7280",464005,2010-12-31,"Stoke City","Everton","Stoke City",NA,NA
"7281",464006,2010-12-31,"Sunderland","Blackburn","Sunderland",NA,NA
"7282",464007,2010-12-31,"Tottenham","Fulham","Tottenham",NA,NA
"7283",464008,2010-12-31,"West Brom","Manchester United","Manchester United",NA,NA
"7284",464009,2010-12-31,"West Ham","Wolves","West Ham",NA,NA
"7285",464010,2011-01-01,"Chelsea","Aston Villa",NA,"Chelsea","Aston Villa"
"7286",464011,2011-01-01,"Wigan","Newcastle","Newcastle",NA,NA
"7287",464012,2011-01-03,"Blackpool","Birmingham","Birmingham",NA,NA
"7288",464013,2011-01-03,"Fulham","West Brom","Fulham",NA,NA
"7289",464014,2011-01-03,"Manchester United","Stoke City","Manchester United",NA,NA
"7290",464015,2011-01-04,"Arsenal","Manchester City",NA,"Arsenal","Manchester City"
"7291",464016,2011-01-04,"Aston Villa","Sunderland","Sunderland",NA,NA
"7292",464017,2011-01-04,"Blackburn","Liverpool","Blackburn",NA,NA
"7293",464018,2011-01-04,"Bolton","Wigan",NA,"Bolton","Wigan"
"7294",464019,2011-01-04,"Everton","Tottenham","Everton",NA,NA
"7295",464020,2011-01-04,"Newcastle","West Ham","Newcastle",NA,NA
"7296",464021,2011-01-04,"Wolves","Chelsea","Wolves",NA,NA
"7297",464022,2011-01-11,"Blackpool","Liverpool","Blackpool",NA,NA
"7298",464023,2011-01-14,"Chelsea","Blackburn","Chelsea",NA,NA
"7299",464024,2011-01-14,"Manchester City","Wolves","Manchester City",NA,NA
"7300",464025,2011-01-14,"Stoke City","Bolton","Stoke City",NA,NA
"7301",464026,2011-01-14,"West Brom","Blackpool","West Brom",NA,NA
"7302",464027,2011-01-14,"West Ham","Arsenal","Arsenal",NA,NA
"7303",464028,2011-01-14,"Wigan","Fulham",NA,"Wigan","Fulham"
"7304",464029,2011-01-15,"Birmingham","Aston Villa",NA,"Birmingham","Aston Villa"
"7305",464030,2011-01-15,"Liverpool","Everton",NA,"Liverpool","Everton"
"7306",464031,2011-01-15,"Sunderland","Newcastle",NA,"Sunderland","Newcastle"
"7307",464032,2011-01-15,"Tottenham","Manchester United",NA,"Tottenham","Manchester United"
"7308",464033,2011-01-21,"Arsenal","Wigan","Arsenal",NA,NA
"7309",464034,2011-01-21,"Aston Villa","Manchester City","Aston Villa",NA,NA
"7310",464035,2011-01-21,"Blackpool","Sunderland","Sunderland",NA,NA
"7311",464036,2011-01-21,"Everton","West Ham",NA,"Everton","West Ham"
"7312",464037,2011-01-21,"Fulham","Stoke City","Fulham",NA,NA
"7313",464038,2011-01-21,"Manchester United","Birmingham","Manchester United",NA,NA
"7314",464039,2011-01-21,"Newcastle","Tottenham",NA,"Newcastle","Tottenham"
"7315",464040,2011-01-21,"Wolves","Liverpool","Liverpool",NA,NA
"7316",464041,2011-01-22,"Blackburn","West Brom","Blackburn",NA,NA
"7317",464042,2011-01-23,"Bolton","Chelsea","Chelsea",NA,NA
"7318",464043,2011-01-24,"Blackpool","Manchester United","Manchester United",NA,NA
"7319",464044,2011-01-24,"Wigan","Aston Villa","Aston Villa",NA,NA
"7320",464045,2011-01-25,"Liverpool","Fulham","Liverpool",NA,NA
"7321",464046,2011-01-31,"Arsenal","Everton","Arsenal",NA,NA
"7322",464047,2011-01-31,"Manchester United","Aston Villa","Manchester United",NA,NA
"7323",464048,2011-01-31,"Sunderland","Chelsea","Chelsea",NA,NA
"7324",464049,2011-01-31,"West Brom","Wigan",NA,"West Brom","Wigan"
"7325",464050,2011-02-01,"Birmingham","Manchester City",NA,"Birmingham","Manchester City"
"7326",464051,2011-02-01,"Blackburn","Tottenham","Tottenham",NA,NA
"7327",464052,2011-02-01,"Blackpool","West Ham","West Ham",NA,NA
"7328",464053,2011-02-01,"Bolton","Wolves","Bolton",NA,NA
"7329",464054,2011-02-01,"Fulham","Newcastle","Fulham",NA,NA
"7330",464055,2011-02-01,"Liverpool","Stoke City","Liverpool",NA,NA
"7331",464056,2011-02-04,"Aston Villa","Fulham",NA,"Aston Villa","Fulham"
"7332",464057,2011-02-04,"Everton","Blackpool","Everton",NA,NA
"7333",464058,2011-02-04,"Manchester City","West Brom","Manchester City",NA,NA
"7334",464059,2011-02-04,"Newcastle","Arsenal",NA,"Newcastle","Arsenal"
"7335",464060,2011-02-04,"Stoke City","Sunderland","Stoke City",NA,NA
"7336",464061,2011-02-04,"Tottenham","Bolton","Tottenham",NA,NA
"7337",464062,2011-02-04,"Wigan","Blackburn","Wigan",NA,NA
"7338",464063,2011-02-04,"Wolves","Manchester United","Wolves",NA,NA
"7339",464064,2011-02-05,"Chelsea","Liverpool","Liverpool",NA,NA
"7340",464065,2011-02-05,"West Ham","Birmingham","Birmingham",NA,NA
"7341",464066,2011-02-11,"Arsenal","Wolves","Arsenal",NA,NA
"7342",464067,2011-02-11,"Birmingham","Stoke City","Birmingham",NA,NA
"7343",464068,2011-02-11,"Blackburn","Newcastle",NA,"Blackburn","Newcastle"
"7344",464069,2011-02-11,"Blackpool","Aston Villa",NA,"Blackpool","Aston Villa"
"7345",464070,2011-02-11,"Liverpool","Wigan",NA,"Liverpool","Wigan"
"7346",464071,2011-02-11,"Manchester United","Manchester City","Manchester United",NA,NA
"7347",464072,2011-02-11,"Sunderland","Tottenham","Tottenham",NA,NA
"7348",464073,2011-02-11,"West Brom","West Ham",NA,"West Brom","West Ham"
"7349",464074,2011-02-12,"Bolton","Everton","Bolton",NA,NA
"7350",464075,2011-02-13,"Fulham","Chelsea",NA,"Fulham","Chelsea"
"7351",464076,2011-02-14,"Birmingham","Newcastle","Newcastle",NA,NA
"7352",464077,2011-02-19,"West Brom","Wolves",NA,"West Brom","Wolves"
"7353",464078,2011-02-21,"Blackpool","Tottenham","Blackpool",NA,NA
"7354",464079,2011-02-22,"Arsenal","Stoke City","Arsenal",NA,NA
"7355",464080,2011-02-25,"Aston Villa","Blackburn","Aston Villa",NA,NA
"7356",464081,2011-02-25,"Everton","Sunderland","Everton",NA,NA
"7357",464082,2011-02-25,"Newcastle","Bolton",NA,"Newcastle","Bolton"
"7358",464083,2011-02-25,"Wigan","Manchester United","Manchester United",NA,NA
"7359",464084,2011-02-25,"Wolves","Blackpool","Wolves",NA,NA
"7360",464085,2011-02-26,"Manchester City","Fulham",NA,"Manchester City","Fulham"
"7361",464086,2011-02-26,"West Ham","Liverpool","West Ham",NA,NA
"7362",464087,2011-02-27,"Stoke City","West Brom",NA,"Stoke City","West Brom"
"7363",464088,2011-02-28,"Chelsea","Manchester United","Chelsea",NA,NA
"7364",464089,2011-03-04,"Arsenal","Sunderland",NA,"Arsenal","Sunderland"
"7365",464090,2011-03-04,"Birmingham","West Brom","West Brom",NA,NA
"7366",464091,2011-03-04,"Bolton","Aston Villa","Bolton",NA,NA
"7367",464092,2011-03-04,"Fulham","Blackburn","Fulham",NA,NA
"7368",464093,2011-03-04,"Manchester City","Wigan","Manchester City",NA,NA
"7369",464094,2011-03-04,"Newcastle","Everton","Everton",NA,NA
"7370",464095,2011-03-04,"West Ham","Stoke City","West Ham",NA,NA
"7371",464096,2011-03-05,"Liverpool","Manchester United","Liverpool",NA,NA
"7372",464097,2011-03-05,"Wolves","Tottenham",NA,"Wolves","Tottenham"
"7373",464098,2011-03-06,"Blackpool","Chelsea","Chelsea",NA,NA
"7374",464099,2011-03-08,"Everton","Birmingham",NA,"Everton","Birmingham"
"7375",464100,2011-03-18,"Aston Villa","Wolves","Wolves",NA,NA
"7376",464101,2011-03-18,"Blackburn","Blackpool",NA,"Blackburn","Blackpool"
"7377",464102,2011-03-18,"Everton","Fulham","Everton",NA,NA
"7378",464103,2011-03-18,"Manchester United","Bolton","Manchester United",NA,NA
"7379",464104,2011-03-18,"Stoke City","Newcastle","Stoke City",NA,NA
"7380",464105,2011-03-18,"Tottenham","West Ham",NA,"Tottenham","West Ham"
"7381",464106,2011-03-18,"West Brom","Arsenal",NA,"West Brom","Arsenal"
"7382",464107,2011-03-18,"Wigan","Birmingham","Wigan",NA,NA
"7383",464108,2011-03-19,"Chelsea","Manchester City","Chelsea",NA,NA
"7384",464109,2011-03-19,"Sunderland","Liverpool","Liverpool",NA,NA
"7385",464110,2011-04-01,"Arsenal","Blackburn",NA,"Arsenal","Blackburn"
"7386",464111,2011-04-01,"Birmingham","Bolton","Birmingham",NA,NA
"7387",464112,2011-04-01,"Everton","Aston Villa",NA,"Everton","Aston Villa"
"7388",464113,2011-04-01,"Newcastle","Wolves","Newcastle",NA,NA
"7389",464114,2011-04-01,"Stoke City","Chelsea",NA,"Stoke City","Chelsea"
"7390",464115,2011-04-01,"West Brom","Liverpool","West Brom",NA,NA
"7391",464116,2011-04-01,"West Ham","Manchester United","Manchester United",NA,NA
"7392",464117,2011-04-01,"Wigan","Tottenham",NA,"Wigan","Tottenham"
"7393",464118,2011-04-02,"Fulham","Blackpool","Fulham",NA,NA
"7394",464119,2011-04-02,"Manchester City","Sunderland","Manchester City",NA,NA
"7395",464120,2011-04-08,"Blackburn","Birmingham",NA,"Blackburn","Birmingham"
"7396",464121,2011-04-08,"Bolton","West Ham","Bolton",NA,NA
"7397",464122,2011-04-08,"Chelsea","Wigan","Chelsea",NA,NA
"7398",464123,2011-04-08,"Manchester United","Fulham","Manchester United",NA,NA
"7399",464124,2011-04-08,"Sunderland","West Brom","West Brom",NA,NA
"7400",464125,2011-04-08,"Tottenham","Stoke City","Tottenham",NA,NA
"7401",464126,2011-04-08,"Wolves","Everton","Everton",NA,NA
"7402",464127,2011-04-09,"Aston Villa","Newcastle","Aston Villa",NA,NA
"7403",464128,2011-04-09,"Blackpool","Arsenal","Arsenal",NA,NA
"7404",464129,2011-04-10,"Liverpool","Manchester City","Liverpool",NA,NA
"7405",464130,2011-04-15,"Birmingham","Sunderland","Birmingham",NA,NA
"7406",464131,2011-04-15,"Blackpool","Wigan","Wigan",NA,NA
"7407",464132,2011-04-15,"Everton","Blackburn","Everton",NA,NA
"7408",464133,2011-04-15,"West Brom","Chelsea","Chelsea",NA,NA
"7409",464134,2011-04-15,"West Ham","Aston Villa","Aston Villa",NA,NA
"7410",464135,2011-04-16,"Arsenal","Liverpool",NA,"Arsenal","Liverpool"
"7411",464136,2011-04-18,"Newcastle","Manchester United",NA,"Newcastle","Manchester United"
"7412",464137,2011-04-19,"Chelsea","Birmingham","Chelsea",NA,NA
"7413",464138,2011-04-19,"Tottenham","Arsenal",NA,"Tottenham","Arsenal"
"7414",464139,2011-04-22,"Aston Villa","Stoke City",NA,"Aston Villa","Stoke City"
"7415",464140,2011-04-22,"Blackpool","Newcastle",NA,"Blackpool","Newcastle"
"7416",464141,2011-04-22,"Chelsea","West Ham","Chelsea",NA,NA
"7417",464142,2011-04-22,"Liverpool","Birmingham","Liverpool",NA,NA
"7418",464143,2011-04-22,"Manchester United","Everton","Manchester United",NA,NA
"7419",464144,2011-04-22,"Sunderland","Wigan","Sunderland",NA,NA
"7420",464145,2011-04-22,"Tottenham","West Brom",NA,"Tottenham","West Brom"
"7421",464146,2011-04-22,"Wolves","Fulham",NA,"Wolves","Fulham"
"7422",464147,2011-04-23,"Bolton","Arsenal","Bolton",NA,NA
"7423",464148,2011-04-24,"Blackburn","Manchester City","Manchester City",NA,NA
"7424",464149,2011-04-25,"Stoke City","Wolves","Stoke City",NA,NA
"7425",464150,2011-04-26,"Fulham","Bolton","Fulham",NA,NA
"7426",464151,2011-04-29,"Blackburn","Bolton","Blackburn",NA,NA
"7427",464152,2011-04-29,"Blackpool","Stoke City",NA,"Blackpool","Stoke City"
"7428",464153,2011-04-29,"Chelsea","Tottenham","Chelsea",NA,NA
"7429",464154,2011-04-29,"Sunderland","Fulham","Fulham",NA,NA
"7430",464155,2011-04-29,"West Brom","Aston Villa","West Brom",NA,NA
"7431",464156,2011-04-29,"Wigan","Everton",NA,"Wigan","Everton"
"7432",464157,2011-04-30,"Arsenal","Manchester United","Arsenal",NA,NA
"7433",464158,2011-04-30,"Birmingham","Wolves",NA,"Birmingham","Wolves"
"7434",464159,2011-04-30,"Liverpool","Newcastle","Liverpool",NA,NA
"7435",464160,2011-04-30,"Manchester City","West Ham","Manchester City",NA,NA
"7436",464161,2011-05-06,"Aston Villa","Wigan",NA,"Aston Villa","Wigan"
"7437",464162,2011-05-06,"Bolton","Sunderland","Sunderland",NA,NA
"7438",464163,2011-05-06,"Everton","Manchester City","Everton",NA,NA
"7439",464164,2011-05-06,"Newcastle","Birmingham","Newcastle",NA,NA
"7440",464165,2011-05-06,"Tottenham","Blackpool",NA,"Tottenham","Blackpool"
"7441",464166,2011-05-06,"West Ham","Blackburn",NA,"West Ham","Blackburn"
"7442",464167,2011-05-07,"Manchester United","Chelsea","Manchester United",NA,NA
"7443",464168,2011-05-07,"Stoke City","Arsenal","Stoke City",NA,NA
"7444",464169,2011-05-07,"Wolves","West Brom","Wolves",NA,NA
"7445",464170,2011-05-08,"Fulham","Liverpool","Liverpool",NA,NA
"7446",464171,2011-05-09,"Manchester City","Tottenham","Manchester City",NA,NA
"7447",464172,2011-05-13,"Blackburn","Manchester United",NA,"Blackburn","Manchester United"
"7448",464173,2011-05-13,"Blackpool","Bolton","Blackpool",NA,NA
"7449",464174,2011-05-13,"Sunderland","Wolves","Wolves",NA,NA
"7450",464175,2011-05-13,"West Brom","Everton","West Brom",NA,NA
"7451",464176,2011-05-14,"Arsenal","Aston Villa","Aston Villa",NA,NA
"7452",464177,2011-05-14,"Birmingham","Fulham","Fulham",NA,NA
"7453",464178,2011-05-14,"Chelsea","Newcastle",NA,"Chelsea","Newcastle"
"7454",464179,2011-05-14,"Liverpool","Tottenham","Tottenham",NA,NA
"7455",464180,2011-05-14,"Wigan","West Ham","Wigan",NA,NA
"7456",464181,2011-05-16,"Manchester City","Stoke City","Manchester City",NA,NA
"7457",464182,2011-05-21,"Aston Villa","Liverpool","Aston Villa",NA,NA
"7458",464183,2011-05-21,"Bolton","Manchester City","Manchester City",NA,NA
"7459",464184,2011-05-21,"Everton","Chelsea","Everton",NA,NA
"7460",464185,2011-05-21,"Fulham","Arsenal",NA,"Fulham","Arsenal"
"7461",464186,2011-05-21,"Manchester United","Blackpool","Manchester United",NA,NA
"7462",464187,2011-05-21,"Newcastle","West Brom",NA,"Newcastle","West Brom"
"7463",464188,2011-05-21,"Stoke City","Wigan","Wigan",NA,NA
"7464",464189,2011-05-21,"Tottenham","Birmingham","Tottenham",NA,NA
"7465",464190,2011-05-21,"West Ham","Sunderland","Sunderland",NA,NA
"7466",464191,2011-05-21,"Wolves","Blackburn","Blackburn",NA,NA
"7467",463415,2011-08-12,"Blackburn","Wolves","Wolves",NA,NA
"7468",463416,2011-08-12,"Fulham","Aston Villa",NA,"Fulham","Aston Villa"
"7469",463417,2011-08-12,"Liverpool","Sunderland",NA,"Liverpool","Sunderland"
"7470",463418,2011-08-12,"Newcastle","Arsenal",NA,"Newcastle","Arsenal"
"7471",463419,2011-08-12,"QPR","Bolton","Bolton",NA,NA
"7472",463420,2011-08-12,"Wigan","Norwich",NA,"Wigan","Norwich"
"7473",463421,2011-08-13,"Stoke City","Chelsea",NA,"Stoke City","Chelsea"
"7474",463422,2011-08-13,"West Brom","Manchester United","Manchester United",NA,NA
"7475",463423,2011-08-14,"Manchester City","Swansea","Manchester City",NA,NA
"7476",463424,2011-08-19,"Arsenal","Liverpool","Liverpool",NA,NA
"7477",463425,2011-08-19,"Aston Villa","Blackburn","Aston Villa",NA,NA
"7478",463426,2011-08-19,"Chelsea","West Brom","Chelsea",NA,NA
"7479",463427,2011-08-19,"Everton","QPR","QPR",NA,NA
"7480",463428,2011-08-19,"Sunderland","Newcastle","Newcastle",NA,NA
"7481",463429,2011-08-19,"Swansea","Wigan",NA,"Swansea","Wigan"
"7482",463430,2011-08-20,"Bolton","Manchester City","Manchester City",NA,NA
"7483",463431,2011-08-20,"Norwich","Stoke City",NA,"Norwich","Stoke City"
"7484",463432,2011-08-20,"Wolves","Fulham","Wolves",NA,NA
"7485",463433,2011-08-21,"Manchester United","Tottenham","Manchester United",NA,NA
"7486",463434,2011-08-26,"Aston Villa","Wolves",NA,"Aston Villa","Wolves"
"7487",463435,2011-08-26,"Blackburn","Everton","Everton",NA,NA
"7488",463436,2011-08-26,"Chelsea","Norwich","Chelsea",NA,NA
"7489",463437,2011-08-26,"Liverpool","Bolton","Liverpool",NA,NA
"7490",463438,2011-08-26,"Swansea","Sunderland",NA,"Swansea","Sunderland"
"7491",463439,2011-08-26,"Wigan","QPR","Wigan",NA,NA
"7492",463440,2011-08-27,"Manchester United","Arsenal","Manchester United",NA,NA
"7493",463441,2011-08-27,"Newcastle","Fulham","Newcastle",NA,NA
"7494",463442,2011-08-27,"Tottenham","Manchester City","Manchester City",NA,NA
"7495",463443,2011-08-27,"West Brom","Stoke City","Stoke City",NA,NA
"7496",463444,2011-09-09,"Arsenal","Swansea","Arsenal",NA,NA
"7497",463445,2011-09-09,"Bolton","Manchester United","Manchester United",NA,NA
"7498",463446,2011-09-09,"Everton","Aston Villa",NA,"Everton","Aston Villa"
"7499",463447,2011-09-09,"Manchester City","Wigan","Manchester City",NA,NA
"7500",463448,2011-09-09,"Stoke City","Liverpool","Stoke City",NA,NA
"7501",463449,2011-09-09,"Sunderland","Chelsea","Chelsea",NA,NA
"7502",463450,2011-09-09,"Wolves","Tottenham","Tottenham",NA,NA
"7503",463451,2011-09-10,"Fulham","Blackburn",NA,"Fulham","Blackburn"
"7504",463452,2011-09-10,"Norwich","West Brom","West Brom",NA,NA
"7505",463453,2011-09-11,"QPR","Newcastle",NA,"QPR","Newcastle"
"7506",463454,2011-09-16,"Aston Villa","Newcastle",NA,"Aston Villa","Newcastle"
"7507",463455,2011-09-16,"Blackburn","Arsenal","Blackburn",NA,NA
"7508",463456,2011-09-16,"Bolton","Norwich","Norwich",NA,NA
"7509",463457,2011-09-16,"Everton","Wigan","Everton",NA,NA
"7510",463458,2011-09-16,"Swansea","West Brom","Swansea",NA,NA
"7511",463459,2011-09-16,"Wolves","QPR","QPR",NA,NA
"7512",463460,2011-09-17,"Fulham","Manchester City",NA,"Fulham","Manchester City"
"7513",463461,2011-09-17,"Manchester United","Chelsea","Manchester United",NA,NA
"7514",463462,2011-09-17,"Sunderland","Stoke City","Sunderland",NA,NA
"7515",463463,2011-09-17,"Tottenham","Liverpool","Tottenham",NA,NA
"7516",463464,2011-09-23,"Arsenal","Bolton","Arsenal",NA,NA
"7517",463465,2011-09-23,"Chelsea","Swansea","Chelsea",NA,NA
"7518",463466,2011-09-23,"Liverpool","Wolves","Liverpool",NA,NA
"7519",463467,2011-09-23,"Manchester City","Everton","Manchester City",NA,NA
"7520",463468,2011-09-23,"Newcastle","Blackburn","Newcastle",NA,NA
"7521",463469,2011-09-23,"Stoke City","Manchester United",NA,"Stoke City","Manchester United"
"7522",463470,2011-09-23,"West Brom","Fulham",NA,"West Brom","Fulham"
"7523",463471,2011-09-23,"Wigan","Tottenham","Tottenham",NA,NA
"7524",463472,2011-09-24,"QPR","Aston Villa",NA,"QPR","Aston Villa"
"7525",463473,2011-09-25,"Norwich","Sunderland","Norwich",NA,NA
"7526",463474,2011-09-30,"Aston Villa","Wigan","Aston Villa",NA,NA
"7527",463475,2011-09-30,"Blackburn","Manchester City","Manchester City",NA,NA
"7528",463476,2011-09-30,"Everton","Liverpool","Liverpool",NA,NA
"7529",463477,2011-09-30,"Manchester United","Norwich","Manchester United",NA,NA
"7530",463478,2011-09-30,"Sunderland","West Brom",NA,"Sunderland","West Brom"
"7531",463479,2011-09-30,"Wolves","Newcastle","Newcastle",NA,NA
"7532",463480,2011-10-01,"Bolton","Chelsea","Chelsea",NA,NA
"7533",463481,2011-10-01,"Fulham","QPR","Fulham",NA,NA
"7534",463482,2011-10-01,"Swansea","Stoke City","Swansea",NA,NA
"7535",463483,2011-10-01,"Tottenham","Arsenal","Tottenham",NA,NA
"7536",463484,2011-10-14,"Chelsea","Everton","Chelsea",NA,NA
"7537",463485,2011-10-14,"Liverpool","Manchester United",NA,"Liverpool","Manchester United"
"7538",463486,2011-10-14,"Manchester City","Aston Villa","Manchester City",NA,NA
"7539",463487,2011-10-14,"Norwich","Swansea","Norwich",NA,NA
"7540",463488,2011-10-14,"QPR","Blackburn",NA,"QPR","Blackburn"
"7541",463489,2011-10-14,"Stoke City","Fulham","Stoke City",NA,NA
"7542",463490,2011-10-14,"Wigan","Bolton","Bolton",NA,NA
"7543",463491,2011-10-15,"Arsenal","Sunderland","Arsenal",NA,NA
"7544",463492,2011-10-15,"Newcastle","Tottenham",NA,"Newcastle","Tottenham"
"7545",463493,2011-10-15,"West Brom","Wolves","West Brom",NA,NA
"7546",463494,2011-10-21,"Aston Villa","West Brom","West Brom",NA,NA
"7547",463495,2011-10-21,"Bolton","Sunderland","Sunderland",NA,NA
"7548",463496,2011-10-21,"Liverpool","Norwich",NA,"Liverpool","Norwich"
"7549",463497,2011-10-21,"Newcastle","Wigan","Newcastle",NA,NA
"7550",463498,2011-10-21,"Wolves","Swansea",NA,"Wolves","Swansea"
"7551",463499,2011-10-22,"Arsenal","Stoke City","Arsenal",NA,NA
"7552",463500,2011-10-22,"Blackburn","Tottenham","Tottenham",NA,NA
"7553",463501,2011-10-22,"Fulham","Everton","Everton",NA,NA
"7554",463502,2011-10-22,"Manchester United","Manchester City","Manchester City",NA,NA
"7555",463503,2011-10-22,"QPR","Chelsea","QPR",NA,NA
"7556",463504,2011-10-28,"Chelsea","Arsenal","Arsenal",NA,NA
"7557",463505,2011-10-28,"Everton","Manchester United","Manchester United",NA,NA
"7558",463506,2011-10-28,"Manchester City","Wolves","Manchester City",NA,NA
"7559",463507,2011-10-28,"Norwich","Blackburn",NA,"Norwich","Blackburn"
"7560",463508,2011-10-28,"Sunderland","Aston Villa",NA,"Sunderland","Aston Villa"
"7561",463509,2011-10-28,"Swansea","Bolton","Swansea",NA,NA
"7562",463510,2011-10-28,"West Brom","Liverpool","Liverpool",NA,NA
"7563",463511,2011-10-28,"Wigan","Fulham","Fulham",NA,NA
"7564",463512,2011-10-29,"Tottenham","QPR","Tottenham",NA,NA
"7565",463513,2011-10-30,"Stoke City","Newcastle","Newcastle",NA,NA
"7566",463514,2011-11-04,"Arsenal","West Brom","Arsenal",NA,NA
"7567",463515,2011-11-04,"Aston Villa","Norwich","Aston Villa",NA,NA
"7568",463516,2011-11-04,"Blackburn","Chelsea","Chelsea",NA,NA
"7569",463517,2011-11-04,"Liverpool","Swansea",NA,"Liverpool","Swansea"
"7570",463518,2011-11-04,"Manchester United","Sunderland","Manchester United",NA,NA
"7571",463519,2011-11-04,"Newcastle","Everton","Newcastle",NA,NA
"7572",463520,2011-11-04,"QPR","Manchester City","Manchester City",NA,NA
"7573",463521,2011-11-05,"Bolton","Stoke City","Bolton",NA,NA
"7574",463522,2011-11-05,"Fulham","Tottenham","Tottenham",NA,NA
"7575",463523,2011-11-05,"Wolves","Wigan","Wolves",NA,NA
"7576",463524,2011-11-18,"Everton","Wolves","Everton",NA,NA
"7577",463525,2011-11-18,"Manchester City","Newcastle","Manchester City",NA,NA
"7578",463526,2011-11-18,"Norwich","Arsenal","Arsenal",NA,NA
"7579",463527,2011-11-18,"Stoke City","QPR","QPR",NA,NA
"7580",463528,2011-11-18,"Sunderland","Fulham",NA,"Sunderland","Fulham"
"7581",463529,2011-11-18,"Swansea","Manchester United","Manchester United",NA,NA
"7582",463530,2011-11-18,"West Brom","Bolton","West Brom",NA,NA
"7583",463531,2011-11-18,"Wigan","Blackburn",NA,"Wigan","Blackburn"
"7584",463532,2011-11-19,"Chelsea","Liverpool","Liverpool",NA,NA
"7585",463533,2011-11-20,"Tottenham","Aston Villa","Tottenham",NA,NA
"7586",463534,2011-11-25,"Arsenal","Fulham",NA,"Arsenal","Fulham"
"7587",463535,2011-11-25,"Bolton","Everton","Everton",NA,NA
"7588",463536,2011-11-25,"Chelsea","Wolves","Chelsea",NA,NA
"7589",463537,2011-11-25,"Manchester United","Newcastle",NA,"Manchester United","Newcastle"
"7590",463538,2011-11-25,"Norwich","QPR","Norwich",NA,NA
"7591",463539,2011-11-25,"Stoke City","Blackburn","Stoke City",NA,NA
"7592",463540,2011-11-25,"Sunderland","Wigan","Wigan",NA,NA
"7593",463541,2011-11-25,"West Brom","Tottenham","Tottenham",NA,NA
"7594",463542,2011-11-26,"Liverpool","Manchester City",NA,"Liverpool","Manchester City"
"7595",463543,2011-11-26,"Swansea","Aston Villa",NA,"Swansea","Aston Villa"
"7596",463544,2011-12-02,"Aston Villa","Manchester United","Manchester United",NA,NA
"7597",463545,2011-12-02,"Blackburn","Swansea","Blackburn",NA,NA
"7598",463546,2011-12-02,"Manchester City","Norwich","Manchester City",NA,NA
"7599",463547,2011-12-02,"Newcastle","Chelsea","Chelsea",NA,NA
"7600",463548,2011-12-02,"QPR","West Brom",NA,"QPR","West Brom"
"7601",463549,2011-12-02,"Tottenham","Bolton","Tottenham",NA,NA
"7602",463550,2011-12-02,"Wigan","Arsenal","Arsenal",NA,NA
"7603",463551,2011-12-03,"Everton","Stoke City","Stoke City",NA,NA
"7604",463552,2011-12-03,"Wolves","Sunderland","Wolves",NA,NA
"7605",463553,2011-12-04,"Fulham","Liverpool","Fulham",NA,NA
"7606",463554,2011-12-09,"Arsenal","Everton","Arsenal",NA,NA
"7607",463555,2011-12-09,"Bolton","Aston Villa","Aston Villa",NA,NA
"7608",463556,2011-12-09,"Liverpool","QPR","Liverpool",NA,NA
"7609",463557,2011-12-09,"Manchester United","Wolves","Manchester United",NA,NA
"7610",463558,2011-12-09,"Norwich","Newcastle","Norwich",NA,NA
"7611",463559,2011-12-09,"Swansea","Fulham","Swansea",NA,NA
"7612",463560,2011-12-09,"West Brom","Wigan","Wigan",NA,NA
"7613",463561,2011-12-10,"Stoke City","Tottenham","Stoke City",NA,NA
"7614",463562,2011-12-10,"Sunderland","Blackburn","Sunderland",NA,NA
"7615",463563,2011-12-11,"Chelsea","Manchester City","Chelsea",NA,NA
"7616",463564,2011-12-16,"Blackburn","West Brom","West Brom",NA,NA
"7617",463565,2011-12-16,"Everton","Norwich",NA,"Everton","Norwich"
"7618",463566,2011-12-16,"Fulham","Bolton","Fulham",NA,NA
"7619",463567,2011-12-16,"Newcastle","Swansea",NA,"Newcastle","Swansea"
"7620",463568,2011-12-16,"Wigan","Chelsea",NA,"Wigan","Chelsea"
"7621",463569,2011-12-16,"Wolves","Stoke City","Stoke City",NA,NA
"7622",463570,2011-12-17,"Aston Villa","Liverpool","Liverpool",NA,NA
"7623",463571,2011-12-17,"Manchester City","Arsenal","Manchester City",NA,NA
"7624",463572,2011-12-17,"QPR","Manchester United","Manchester United",NA,NA
"7625",463573,2011-12-17,"Tottenham","Sunderland","Tottenham",NA,NA
"7626",463574,2011-12-19,"Blackburn","Bolton","Bolton",NA,NA
"7627",463575,2011-12-19,"Wolves","Norwich",NA,"Wolves","Norwich"
"7628",463576,2011-12-20,"Aston Villa","Arsenal","Arsenal",NA,NA
"7629",463577,2011-12-20,"Everton","Swansea","Everton",NA,NA
"7630",463578,2011-12-20,"Fulham","Manchester United","Manchester United",NA,NA
"7631",463579,2011-12-20,"Manchester City","Stoke City","Manchester City",NA,NA
"7632",463580,2011-12-20,"Newcastle","West Brom","West Brom",NA,NA
"7633",463581,2011-12-20,"QPR","Sunderland","Sunderland",NA,NA
"7634",463582,2011-12-20,"Wigan","Liverpool",NA,"Wigan","Liverpool"
"7635",463583,2011-12-21,"Tottenham","Chelsea",NA,"Tottenham","Chelsea"
"7636",463584,2011-12-25,"Bolton","Newcastle","Newcastle",NA,NA
"7637",463585,2011-12-25,"Chelsea","Fulham",NA,"Chelsea","Fulham"
"7638",463586,2011-12-25,"Liverpool","Blackburn",NA,"Liverpool","Blackburn"
"7639",463587,2011-12-25,"Manchester United","Wigan","Manchester United",NA,NA
"7640",463588,2011-12-25,"Stoke City","Aston Villa",NA,"Stoke City","Aston Villa"
"7641",463589,2011-12-25,"Sunderland","Everton",NA,"Sunderland","Everton"
"7642",463590,2011-12-25,"West Brom","Manchester City",NA,"West Brom","Manchester City"
"7643",463591,2011-12-26,"Arsenal","Wolves",NA,"Arsenal","Wolves"
"7644",463592,2011-12-26,"Norwich","Tottenham","Tottenham",NA,NA
"7645",463593,2011-12-26,"Swansea","QPR",NA,"Swansea","QPR"
"7646",463594,2011-12-29,"Liverpool","Newcastle","Liverpool",NA,NA
"7647",463595,2011-12-30,"Arsenal","QPR","Arsenal",NA,NA
"7648",463596,2011-12-30,"Bolton","Wolves",NA,"Bolton","Wolves"
"7649",463597,2011-12-30,"Chelsea","Aston Villa","Aston Villa",NA,NA
"7650",463598,2011-12-30,"Manchester United","Blackburn","Blackburn",NA,NA
"7651",463599,2011-12-30,"Norwich","Fulham",NA,"Norwich","Fulham"
"7652",463600,2011-12-30,"Stoke City","Wigan",NA,"Stoke City","Wigan"
"7653",463601,2011-12-30,"Swansea","Tottenham",NA,"Swansea","Tottenham"
"7654",463602,2011-12-31,"Sunderland","Manchester City","Sunderland",NA,NA
"7655",463603,2011-12-31,"West Brom","Everton","Everton",NA,NA
"7656",463604,2012-01-01,"Aston Villa","Swansea","Swansea",NA,NA
"7657",463605,2012-01-01,"Blackburn","Stoke City","Stoke City",NA,NA
"7658",463606,2012-01-01,"Fulham","Arsenal","Fulham",NA,NA
"7659",463607,2012-01-01,"QPR","Norwich","Norwich",NA,NA
"7660",463608,2012-01-01,"Wolves","Chelsea","Chelsea",NA,NA
"7661",463609,2012-01-02,"Manchester City","Liverpool","Manchester City",NA,NA
"7662",463610,2012-01-02,"Tottenham","West Brom","Tottenham",NA,NA
"7663",463611,2012-01-02,"Wigan","Sunderland","Sunderland",NA,NA
"7664",463612,2012-01-03,"Everton","Bolton","Bolton",NA,NA
"7665",463613,2012-01-03,"Newcastle","Manchester United","Newcastle",NA,NA
"7666",463614,2012-01-10,"Tottenham","Everton","Tottenham",NA,NA
"7667",463615,2012-01-13,"Aston Villa","Everton",NA,"Aston Villa","Everton"
"7668",463616,2012-01-13,"Blackburn","Fulham","Blackburn",NA,NA
"7669",463617,2012-01-13,"Chelsea","Sunderland","Chelsea",NA,NA
"7670",463618,2012-01-13,"Liverpool","Stoke City",NA,"Liverpool","Stoke City"
"7671",463619,2012-01-13,"Manchester United","Bolton","Manchester United",NA,NA
"7672",463620,2012-01-13,"Tottenham","Wolves",NA,"Tottenham","Wolves"
"7673",463621,2012-01-13,"West Brom","Norwich","Norwich",NA,NA
"7674",463622,2012-01-14,"Newcastle","QPR","Newcastle",NA,NA
"7675",463623,2012-01-14,"Swansea","Arsenal","Swansea",NA,NA
"7676",463624,2012-01-15,"Wigan","Manchester City","Manchester City",NA,NA
"7677",463625,2012-01-20,"Bolton","Liverpool","Bolton",NA,NA
"7678",463626,2012-01-20,"Everton","Blackburn",NA,"Everton","Blackburn"
"7679",463627,2012-01-20,"Fulham","Newcastle","Fulham",NA,NA
"7680",463628,2012-01-20,"Norwich","Chelsea",NA,"Norwich","Chelsea"
"7681",463629,2012-01-20,"QPR","Wigan","QPR",NA,NA
"7682",463630,2012-01-20,"Stoke City","West Brom","West Brom",NA,NA
"7683",463631,2012-01-20,"Sunderland","Swansea","Sunderland",NA,NA
"7684",463632,2012-01-20,"Wolves","Aston Villa","Aston Villa",NA,NA
"7685",463633,2012-01-21,"Arsenal","Manchester United","Manchester United",NA,NA
"7686",463634,2012-01-21,"Manchester City","Tottenham","Manchester City",NA,NA
"7687",463635,2012-01-30,"Everton","Manchester City","Everton",NA,NA
"7688",463636,2012-01-30,"Manchester United","Stoke City","Manchester United",NA,NA
"7689",463637,2012-01-30,"Swansea","Chelsea",NA,"Swansea","Chelsea"
"7690",463638,2012-01-30,"Tottenham","Wigan","Tottenham",NA,NA
"7691",463639,2012-01-30,"Wolves","Liverpool","Liverpool",NA,NA
"7692",463640,2012-01-31,"Aston Villa","QPR",NA,"Aston Villa","QPR"
"7693",463641,2012-01-31,"Blackburn","Newcastle","Newcastle",NA,NA
"7694",463642,2012-01-31,"Bolton","Arsenal",NA,"Bolton","Arsenal"
"7695",463643,2012-01-31,"Fulham","West Brom",NA,"Fulham","West Brom"
"7696",463644,2012-01-31,"Sunderland","Norwich","Sunderland",NA,NA
"7697",463645,2012-02-03,"Arsenal","Blackburn","Arsenal",NA,NA
"7698",463646,2012-02-03,"Manchester City","Fulham","Manchester City",NA,NA
"7699",463647,2012-02-03,"Norwich","Bolton","Norwich",NA,NA
"7700",463648,2012-02-03,"QPR","Wolves","Wolves",NA,NA
"7701",463649,2012-02-03,"Stoke City","Sunderland","Sunderland",NA,NA
"7702",463650,2012-02-03,"West Brom","Swansea","Swansea",NA,NA
"7703",463651,2012-02-03,"Wigan","Everton",NA,"Wigan","Everton"
"7704",463652,2012-02-04,"Chelsea","Manchester United",NA,"Chelsea","Manchester United"
"7705",463653,2012-02-04,"Newcastle","Aston Villa","Newcastle",NA,NA
"7706",463654,2012-02-05,"Liverpool","Tottenham",NA,"Liverpool","Tottenham"
"7707",463655,2012-02-10,"Blackburn","QPR","Blackburn",NA,NA
"7708",463656,2012-02-10,"Bolton","Wigan","Wigan",NA,NA
"7709",463657,2012-02-10,"Everton","Chelsea","Everton",NA,NA
"7710",463658,2012-02-10,"Fulham","Stoke City","Fulham",NA,NA
"7711",463659,2012-02-10,"Manchester United","Liverpool","Manchester United",NA,NA
"7712",463660,2012-02-10,"Sunderland","Arsenal","Arsenal",NA,NA
"7713",463661,2012-02-10,"Swansea","Norwich","Norwich",NA,NA
"7714",463662,2012-02-10,"Tottenham","Newcastle","Tottenham",NA,NA
"7715",463663,2012-02-11,"Aston Villa","Manchester City","Manchester City",NA,NA
"7716",463664,2012-02-11,"Wolves","West Brom","West Brom",NA,NA
"7717",463665,2012-02-24,"Chelsea","Bolton","Chelsea",NA,NA
"7718",463666,2012-02-24,"Manchester City","Blackburn","Manchester City",NA,NA
"7719",463667,2012-02-24,"Newcastle","Wolves",NA,"Newcastle","Wolves"
"7720",463668,2012-02-24,"QPR","Fulham","Fulham",NA,NA
"7721",463669,2012-02-24,"West Brom","Sunderland","West Brom",NA,NA
"7722",463670,2012-02-24,"Wigan","Aston Villa",NA,"Wigan","Aston Villa"
"7723",463671,2012-02-25,"Arsenal","Tottenham","Arsenal",NA,NA
"7724",463672,2012-02-25,"Norwich","Manchester United","Manchester United",NA,NA
"7725",463673,2012-02-25,"Stoke City","Swansea","Stoke City",NA,NA
"7726",463674,2012-03-02,"Blackburn","Aston Villa",NA,"Blackburn","Aston Villa"
"7727",463675,2012-03-02,"Liverpool","Arsenal","Arsenal",NA,NA
"7728",463676,2012-03-02,"Manchester City","Bolton","Manchester City",NA,NA
"7729",463677,2012-03-02,"QPR","Everton",NA,"QPR","Everton"
"7730",463678,2012-03-02,"Stoke City","Norwich","Stoke City",NA,NA
"7731",463679,2012-03-02,"West Brom","Chelsea","West Brom",NA,NA
"7732",463680,2012-03-02,"Wigan","Swansea","Swansea",NA,NA
"7733",463681,2012-03-03,"Fulham","Wolves","Fulham",NA,NA
"7734",463682,2012-03-03,"Newcastle","Sunderland",NA,"Newcastle","Sunderland"
"7735",463683,2012-03-03,"Tottenham","Manchester United","Manchester United",NA,NA
"7736",463684,2012-03-09,"Aston Villa","Fulham","Aston Villa",NA,NA
"7737",463685,2012-03-09,"Bolton","QPR","Bolton",NA,NA
"7738",463686,2012-03-09,"Chelsea","Stoke City","Chelsea",NA,NA
"7739",463687,2012-03-09,"Everton","Tottenham","Everton",NA,NA
"7740",463688,2012-03-09,"Sunderland","Liverpool","Sunderland",NA,NA
"7741",463689,2012-03-09,"Wolves","Blackburn","Blackburn",NA,NA
"7742",463690,2012-03-10,"Manchester United","West Brom","Manchester United",NA,NA
"7743",463691,2012-03-10,"Norwich","Wigan",NA,"Norwich","Wigan"
"7744",463692,2012-03-10,"Swansea","Manchester City","Swansea",NA,NA
"7745",463693,2012-03-11,"Arsenal","Newcastle","Arsenal",NA,NA
"7746",463694,2012-03-12,"Liverpool","Everton","Liverpool",NA,NA
"7747",463695,2012-03-16,"Fulham","Swansea","Swansea",NA,NA
"7748",463696,2012-03-16,"Wigan","West Brom",NA,"Wigan","West Brom"
"7749",463697,2012-03-17,"Newcastle","Norwich","Newcastle",NA,NA
"7750",463698,2012-03-17,"Wolves","Manchester United","Manchester United",NA,NA
"7751",463699,2012-03-19,"Blackburn","Sunderland","Blackburn",NA,NA
"7752",463700,2012-03-20,"Everton","Arsenal","Arsenal",NA,NA
"7753",463701,2012-03-20,"Manchester City","Chelsea","Manchester City",NA,NA
"7754",463702,2012-03-20,"QPR","Liverpool","QPR",NA,NA
"7755",463703,2012-03-20,"Tottenham","Stoke City",NA,"Tottenham","Stoke City"
"7756",463704,2012-03-23,"Arsenal","Aston Villa","Arsenal",NA,NA
"7757",463705,2012-03-23,"Bolton","Blackburn","Bolton",NA,NA
"7758",463706,2012-03-23,"Chelsea","Tottenham",NA,"Chelsea","Tottenham"
"7759",463707,2012-03-23,"Liverpool","Wigan","Wigan",NA,NA
"7760",463708,2012-03-23,"Norwich","Wolves","Norwich",NA,NA
"7761",463709,2012-03-23,"Stoke City","Manchester City",NA,"Stoke City","Manchester City"
"7762",463710,2012-03-23,"Sunderland","QPR","Sunderland",NA,NA
"7763",463711,2012-03-23,"Swansea","Everton","Everton",NA,NA
"7764",463712,2012-03-24,"West Brom","Newcastle","Newcastle",NA,NA
"7765",463713,2012-03-25,"Manchester United","Fulham","Manchester United",NA,NA
"7766",463714,2012-03-30,"Aston Villa","Chelsea","Chelsea",NA,NA
"7767",463715,2012-03-30,"Everton","West Brom","Everton",NA,NA
"7768",463716,2012-03-30,"Fulham","Norwich","Fulham",NA,NA
"7769",463717,2012-03-30,"Manchester City","Sunderland",NA,"Manchester City","Sunderland"
"7770",463718,2012-03-30,"QPR","Arsenal","QPR",NA,NA
"7771",463719,2012-03-30,"Wigan","Stoke City","Wigan",NA,NA
"7772",463720,2012-03-30,"Wolves","Bolton","Bolton",NA,NA
"7773",463721,2012-03-31,"Newcastle","Liverpool","Newcastle",NA,NA
"7774",463722,2012-03-31,"Tottenham","Swansea","Tottenham",NA,NA
"7775",463723,2012-04-01,"Blackburn","Manchester United","Manchester United",NA,NA
"7776",463724,2012-04-05,"Swansea","Newcastle","Newcastle",NA,NA
"7777",463725,2012-04-06,"Bolton","Fulham","Fulham",NA,NA
"7778",463726,2012-04-06,"Chelsea","Wigan","Chelsea",NA,NA
"7779",463727,2012-04-06,"Liverpool","Aston Villa",NA,"Liverpool","Aston Villa"
"7780",463728,2012-04-06,"Norwich","Everton",NA,"Norwich","Everton"
"7781",463729,2012-04-06,"Stoke City","Wolves","Stoke City",NA,NA
"7782",463730,2012-04-06,"Sunderland","Tottenham",NA,"Sunderland","Tottenham"
"7783",463731,2012-04-06,"West Brom","Blackburn","West Brom",NA,NA
"7784",463732,2012-04-07,"Arsenal","Manchester City","Arsenal",NA,NA
"7785",463733,2012-04-07,"Manchester United","QPR","Manchester United",NA,NA
"7786",463734,2012-04-08,"Aston Villa","Stoke City",NA,"Aston Villa","Stoke City"
"7787",463735,2012-04-08,"Everton","Sunderland","Everton",NA,NA
"7788",463736,2012-04-08,"Fulham","Chelsea",NA,"Fulham","Chelsea"
"7789",463737,2012-04-08,"Newcastle","Bolton","Newcastle",NA,NA
"7790",463738,2012-04-08,"Tottenham","Norwich","Norwich",NA,NA
"7791",463739,2012-04-09,"Blackburn","Liverpool","Liverpool",NA,NA
"7792",463740,2012-04-10,"Manchester City","West Brom","Manchester City",NA,NA
"7793",463741,2012-04-10,"QPR","Swansea","QPR",NA,NA
"7794",463742,2012-04-10,"Wigan","Manchester United","Wigan",NA,NA
"7795",463743,2012-04-10,"Wolves","Arsenal","Arsenal",NA,NA
"7796",463744,2012-04-13,"Norwich","Manchester City","Manchester City",NA,NA
"7797",463745,2012-04-13,"Sunderland","Wolves",NA,"Sunderland","Wolves"
"7798",463746,2012-04-13,"Swansea","Blackburn","Swansea",NA,NA
"7799",463747,2012-04-13,"West Brom","QPR","West Brom",NA,NA
"7800",463748,2012-04-14,"Manchester United","Aston Villa","Manchester United",NA,NA
"7801",463749,2012-04-15,"Arsenal","Wigan","Wigan",NA,NA
"7802",463750,2012-04-20,"Arsenal","Chelsea",NA,"Arsenal","Chelsea"
"7803",463751,2012-04-20,"Aston Villa","Sunderland",NA,"Aston Villa","Sunderland"
"7804",463752,2012-04-20,"Blackburn","Norwich","Blackburn",NA,NA
"7805",463753,2012-04-20,"Bolton","Swansea",NA,"Bolton","Swansea"
"7806",463754,2012-04-20,"Fulham","Wigan","Fulham",NA,NA
"7807",463755,2012-04-20,"Newcastle","Stoke City","Newcastle",NA,NA
"7808",463756,2012-04-20,"QPR","Tottenham","QPR",NA,NA
"7809",463757,2012-04-21,"Liverpool","West Brom","West Brom",NA,NA
"7810",463758,2012-04-21,"Manchester United","Everton",NA,"Manchester United","Everton"
"7811",463759,2012-04-21,"Wolves","Manchester City","Manchester City",NA,NA
"7812",463760,2012-04-23,"Aston Villa","Bolton","Bolton",NA,NA
"7813",463761,2012-04-27,"Everton","Fulham","Everton",NA,NA
"7814",463762,2012-04-27,"Norwich","Liverpool","Liverpool",NA,NA
"7815",463763,2012-04-27,"Stoke City","Arsenal",NA,"Stoke City","Arsenal"
"7816",463764,2012-04-27,"Sunderland","Bolton",NA,"Sunderland","Bolton"
"7817",463765,2012-04-27,"Swansea","Wolves",NA,"Swansea","Wolves"
"7818",463766,2012-04-27,"West Brom","Aston Villa",NA,"West Brom","Aston Villa"
"7819",463767,2012-04-27,"Wigan","Newcastle","Wigan",NA,NA
"7820",463768,2012-04-28,"Chelsea","QPR","Chelsea",NA,NA
"7821",463769,2012-04-28,"Tottenham","Blackburn","Tottenham",NA,NA
"7822",463770,2012-04-29,"Manchester City","Manchester United","Manchester City",NA,NA
"7823",463771,2012-04-30,"Liverpool","Fulham","Fulham",NA,NA
"7824",463772,2012-04-30,"Stoke City","Everton",NA,"Stoke City","Everton"
"7825",463773,2012-05-01,"Bolton","Tottenham","Tottenham",NA,NA
"7826",463774,2012-05-01,"Chelsea","Newcastle","Newcastle",NA,NA
"7827",463775,2012-05-04,"Arsenal","Norwich",NA,"Arsenal","Norwich"
"7828",463776,2012-05-05,"Aston Villa","Tottenham",NA,"Aston Villa","Tottenham"
"7829",463777,2012-05-05,"Bolton","West Brom",NA,"Bolton","West Brom"
"7830",463778,2012-05-05,"Fulham","Sunderland","Fulham",NA,NA
"7831",463779,2012-05-05,"Manchester United","Swansea","Manchester United",NA,NA
"7832",463780,2012-05-05,"Newcastle","Manchester City","Manchester City",NA,NA
"7833",463781,2012-05-05,"QPR","Stoke City","QPR",NA,NA
"7834",463782,2012-05-05,"Wolves","Everton",NA,"Wolves","Everton"
"7835",463783,2012-05-06,"Blackburn","Wigan","Wigan",NA,NA
"7836",463784,2012-05-07,"Liverpool","Chelsea","Liverpool",NA,NA
"7837",463785,2012-05-12,"Chelsea","Blackburn","Chelsea",NA,NA
"7838",463786,2012-05-12,"Everton","Newcastle","Everton",NA,NA
"7839",463788,2012-05-12,"Norwich","Aston Villa","Norwich",NA,NA
"7840",463789,2012-05-12,"Stoke City","Bolton",NA,"Stoke City","Bolton"
"7841",463790,2012-05-12,"Sunderland","Manchester United","Manchester United",NA,NA
"7842",463791,2012-05-12,"Swansea","Liverpool","Swansea",NA,NA
"7843",463792,2012-05-12,"Tottenham","Fulham","Tottenham",NA,NA
"7844",463793,2012-05-12,"West Brom","Arsenal","Arsenal",NA,NA
"7845",463794,2012-05-12,"Wigan","Wolves","Wigan",NA,NA
"7846",463787,2012-05-12,"Manchester City","QPR","Manchester City",NA,NA
"7847",450859,2012-08-18,"QPR","Swansea","Swansea",NA,NA
"7848",450860,2012-08-18,"Reading","Stoke City",NA,"Reading","Stoke City"
"7849",450861,2012-08-18,"Arsenal","Sunderland",NA,"Arsenal","Sunderland"
"7850",450862,2012-08-18,"Fulham","Norwich","Fulham",NA,NA
"7851",450863,2012-08-18,"West Ham","Aston Villa","West Ham",NA,NA
"7852",450864,2012-08-18,"West Brom","Liverpool","West Brom",NA,NA
"7853",450865,2012-08-18,"Newcastle","Tottenham","Newcastle",NA,NA
"7854",450866,2012-08-19,"Wigan","Chelsea","Chelsea",NA,NA
"7855",450867,2012-08-19,"Manchester City","Southampton","Manchester City",NA,NA
"7856",450868,2012-08-20,"Everton","Manchester United","Everton",NA,NA
"7857",450869,2012-08-22,"Chelsea","Reading","Chelsea",NA,NA
"7858",450870,2012-08-25,"Swansea","West Ham","Swansea",NA,NA
"7859",450871,2012-08-25,"Manchester United","Fulham","Manchester United",NA,NA
"7860",450872,2012-08-25,"Aston Villa","Everton","Everton",NA,NA
"7861",450874,2012-08-25,"Tottenham","West Brom",NA,"Tottenham","West Brom"
"7862",450875,2012-08-25,"Southampton","Wigan","Wigan",NA,NA
"7863",450876,2012-08-25,"Norwich","QPR",NA,"Norwich","QPR"
"7864",450877,2012-08-25,"Chelsea","Newcastle","Chelsea",NA,NA
"7865",450878,2012-08-26,"Stoke City","Arsenal",NA,"Stoke City","Arsenal"
"7866",450879,2012-08-26,"Liverpool","Manchester City",NA,"Liverpool","Manchester City"
"7867",450880,2012-09-01,"West Ham","Fulham","West Ham",NA,NA
"7868",450881,2012-09-01,"Swansea","Sunderland",NA,"Swansea","Sunderland"
"7869",450882,2012-09-01,"Wigan","Stoke City",NA,"Wigan","Stoke City"
"7870",450883,2012-09-01,"Tottenham","Norwich",NA,"Tottenham","Norwich"
"7871",450884,2012-09-01,"West Brom","Everton","West Brom",NA,NA
"7872",450885,2012-09-01,"Manchester City","QPR","Manchester City",NA,NA
"7873",450886,2012-09-02,"Liverpool","Arsenal","Arsenal",NA,NA
"7874",450887,2012-09-02,"Newcastle","Aston Villa",NA,"Newcastle","Aston Villa"
"7875",450888,2012-09-02,"Southampton","Manchester United","Manchester United",NA,NA
"7876",450889,2012-09-15,"Norwich","West Ham",NA,"Norwich","West Ham"
"7877",450890,2012-09-15,"QPR","Chelsea",NA,"QPR","Chelsea"
"7878",450891,2012-09-15,"Arsenal","Southampton","Arsenal",NA,NA
"7879",450892,2012-09-15,"Manchester United","Wigan","Manchester United",NA,NA
"7880",450893,2012-09-15,"Aston Villa","Swansea","Aston Villa",NA,NA
"7881",450894,2012-09-15,"Sunderland","Liverpool",NA,"Sunderland","Liverpool"
"7882",591931,2012-09-15,"Fulham","West Brom","Fulham",NA,NA
"7883",591932,2012-09-15,"Stoke City","Manchester City",NA,"Stoke City","Manchester City"
"7884",450895,2012-09-16,"Reading","Tottenham","Tottenham",NA,NA
"7885",450896,2012-09-17,"Everton","Newcastle",NA,"Everton","Newcastle"
"7886",450897,2012-09-22,"Swansea","Everton","Everton",NA,NA
"7887",450898,2012-09-22,"Wigan","Fulham","Fulham",NA,NA
"7888",450899,2012-09-22,"Chelsea","Stoke City","Chelsea",NA,NA
"7889",450900,2012-09-22,"West Ham","Sunderland",NA,"West Ham","Sunderland"
"7890",450901,2012-09-22,"Southampton","Aston Villa","Southampton",NA,NA
"7891",450902,2012-09-22,"West Brom","Reading","West Brom",NA,NA
"7892",450903,2012-09-23,"Liverpool","Manchester United","Manchester United",NA,NA
"7893",450904,2012-09-23,"Newcastle","Norwich","Newcastle",NA,NA
"7894",450905,2012-09-23,"Tottenham","QPR","Tottenham",NA,NA
"7895",450906,2012-09-23,"Manchester City","Arsenal",NA,"Manchester City","Arsenal"
"7896",450907,2012-09-29,"Arsenal","Chelsea","Chelsea",NA,NA
"7897",450908,2012-09-29,"Stoke City","Swansea","Stoke City",NA,NA
"7898",450909,2012-09-29,"Reading","Newcastle",NA,"Reading","Newcastle"
"7899",450910,2012-09-29,"Sunderland","Wigan","Sunderland",NA,NA
"7900",450911,2012-09-29,"Everton","Southampton","Everton",NA,NA
"7901",450912,2012-09-29,"Fulham","Manchester City","Manchester City",NA,NA
"7902",450913,2012-09-29,"Norwich","Liverpool","Liverpool",NA,NA
"7903",450914,2012-09-29,"Manchester United","Tottenham","Tottenham",NA,NA
"7904",450915,2012-09-30,"Aston Villa","West Brom",NA,"Aston Villa","West Brom"
"7905",450916,2012-10-01,"QPR","West Ham","West Ham",NA,NA
"7906",450917,2012-10-06,"Manchester City","Sunderland","Manchester City",NA,NA
"7907",450918,2012-10-06,"Swansea","Reading",NA,"Swansea","Reading"
"7908",450919,2012-10-06,"Wigan","Everton",NA,"Wigan","Everton"
"7909",450920,2012-10-06,"Chelsea","Norwich","Chelsea",NA,NA
"7910",450921,2012-10-06,"West Brom","QPR","West Brom",NA,NA
"7911",450922,2012-10-06,"West Ham","Arsenal","Arsenal",NA,NA
"7912",450923,2012-10-07,"Southampton","Fulham",NA,"Southampton","Fulham"
"7913",450924,2012-10-07,"Tottenham","Aston Villa","Tottenham",NA,NA
"7914",450925,2012-10-07,"Liverpool","Stoke City",NA,"Liverpool","Stoke City"
"7915",450926,2012-10-07,"Newcastle","Manchester United","Manchester United",NA,NA
"7916",450927,2012-10-20,"Tottenham","Chelsea","Chelsea",NA,NA
"7917",450928,2012-10-20,"Swansea","Wigan","Swansea",NA,NA
"7918",450929,2012-10-20,"Fulham","Aston Villa","Fulham",NA,NA
"7919",450930,2012-10-20,"Liverpool","Reading","Liverpool",NA,NA
"7920",450931,2012-10-20,"West Brom","Manchester City","Manchester City",NA,NA
"7921",450932,2012-10-20,"Manchester United","Stoke City","Manchester United",NA,NA
"7922",450933,2012-10-20,"West Ham","Southampton","West Ham",NA,NA
"7923",450934,2012-10-20,"Norwich","Arsenal","Norwich",NA,NA
"7924",450935,2012-10-21,"Sunderland","Newcastle",NA,"Sunderland","Newcastle"
"7925",450936,2012-10-21,"QPR","Everton",NA,"QPR","Everton"
"7926",450937,2012-10-27,"Aston Villa","Norwich",NA,"Aston Villa","Norwich"
"7927",450938,2012-10-27,"Reading","Fulham",NA,"Reading","Fulham"
"7928",450939,2012-10-27,"Arsenal","QPR","Arsenal",NA,NA
"7929",450940,2012-10-27,"Stoke City","Sunderland",NA,"Stoke City","Sunderland"
"7930",450941,2012-10-27,"Wigan","West Ham","Wigan",NA,NA
"7931",450942,2012-10-27,"Manchester City","Swansea","Manchester City",NA,NA
"7932",450943,2012-10-28,"Everton","Liverpool",NA,"Everton","Liverpool"
"7933",450944,2012-10-28,"Southampton","Tottenham","Tottenham",NA,NA
"7934",450945,2012-10-28,"Newcastle","West Brom","Newcastle",NA,NA
"7935",450946,2012-10-28,"Chelsea","Manchester United","Manchester United",NA,NA
"7936",450947,2012-11-03,"Manchester United","Arsenal","Manchester United",NA,NA
"7937",450948,2012-11-03,"Swansea","Chelsea",NA,"Swansea","Chelsea"
"7938",450949,2012-11-03,"Fulham","Everton",NA,"Fulham","Everton"
"7939",450950,2012-11-03,"Tottenham","Wigan","Wigan",NA,NA
"7940",450951,2012-11-03,"Norwich","Stoke City","Norwich",NA,NA
"7941",450952,2012-11-03,"Sunderland","Aston Villa","Aston Villa",NA,NA
"7942",450953,2012-11-03,"West Ham","Manchester City",NA,"West Ham","Manchester City"
"7943",450954,2012-11-04,"QPR","Reading",NA,"QPR","Reading"
"7944",450955,2012-11-04,"Liverpool","Newcastle",NA,"Liverpool","Newcastle"
"7945",450956,2012-11-05,"West Brom","Southampton","West Brom",NA,NA
"7946",450957,2012-11-10,"Reading","Norwich",NA,"Reading","Norwich"
"7947",450958,2012-11-10,"Arsenal","Fulham",NA,"Arsenal","Fulham"
"7948",450959,2012-11-10,"Southampton","Swansea",NA,"Southampton","Swansea"
"7949",450960,2012-11-10,"Stoke City","QPR","Stoke City",NA,NA
"7950",450961,2012-11-10,"Wigan","West Brom","West Brom",NA,NA
"7951",450962,2012-11-10,"Everton","Sunderland","Everton",NA,NA
"7952",450963,2012-11-10,"Aston Villa","Manchester United","Manchester United",NA,NA
"7953",450964,2012-11-11,"Manchester City","Tottenham","Manchester City",NA,NA
"7954",450965,2012-11-11,"Newcastle","West Ham","West Ham",NA,NA
"7955",450966,2012-11-11,"Chelsea","Liverpool",NA,"Chelsea","Liverpool"
"7956",450967,2012-11-17,"Arsenal","Tottenham","Arsenal",NA,NA
"7957",450968,2012-11-17,"West Brom","Chelsea","West Brom",NA,NA
"7958",450969,2012-11-17,"Liverpool","Wigan","Liverpool",NA,NA
"7959",450970,2012-11-17,"Manchester City","Aston Villa","Manchester City",NA,NA
"7960",450971,2012-11-17,"Newcastle","Swansea","Swansea",NA,NA
"7961",450972,2012-11-17,"QPR","Southampton","Southampton",NA,NA
"7962",450973,2012-11-17,"Reading","Everton","Reading",NA,NA
"7963",450974,2012-11-17,"Norwich","Manchester United","Norwich",NA,NA
"7964",450975,2012-11-18,"Fulham","Sunderland","Sunderland",NA,NA
"7965",450976,2012-11-19,"West Ham","Stoke City",NA,"West Ham","Stoke City"
"7966",450977,2012-11-24,"Sunderland","West Brom","West Brom",NA,NA
"7967",450978,2012-11-24,"Stoke City","Fulham","Stoke City",NA,NA
"7968",450979,2012-11-24,"Everton","Norwich",NA,"Everton","Norwich"
"7969",450980,2012-11-24,"Wigan","Reading","Wigan",NA,NA
"7970",450981,2012-11-24,"Manchester United","QPR","Manchester United",NA,NA
"7971",450982,2012-11-24,"Aston Villa","Arsenal",NA,"Aston Villa","Arsenal"
"7972",450983,2012-11-25,"Swansea","Liverpool",NA,"Swansea","Liverpool"
"7973",450984,2012-11-25,"Southampton","Newcastle","Southampton",NA,NA
"7974",450985,2012-11-25,"Chelsea","Manchester City",NA,"Chelsea","Manchester City"
"7975",450986,2012-11-25,"Tottenham","West Ham","Tottenham",NA,NA
"7976",450987,2012-11-27,"Sunderland","QPR",NA,"Sunderland","QPR"
"7977",450988,2012-11-27,"Aston Villa","Reading","Aston Villa",NA,NA
"7978",450989,2012-11-28,"Swansea","West Brom","Swansea",NA,NA
"7979",450990,2012-11-28,"Tottenham","Liverpool","Tottenham",NA,NA
"7980",450991,2012-11-28,"Chelsea","Fulham",NA,"Chelsea","Fulham"
"7981",450992,2012-11-28,"Southampton","Norwich",NA,"Southampton","Norwich"
"7982",450993,2012-11-28,"Everton","Arsenal",NA,"Everton","Arsenal"
"7983",450994,2012-11-28,"Stoke City","Newcastle","Stoke City",NA,NA
"7984",450995,2012-11-28,"Wigan","Manchester City","Manchester City",NA,NA
"7985",450996,2012-11-28,"Manchester United","West Ham","Manchester United",NA,NA
"7986",450997,2012-12-01,"West Ham","Chelsea","West Ham",NA,NA
"7987",450998,2012-12-01,"Fulham","Tottenham","Tottenham",NA,NA
"7988",450999,2012-12-01,"West Brom","Stoke City","Stoke City",NA,NA
"7989",451000,2012-12-01,"Liverpool","Southampton","Liverpool",NA,NA
"7990",451001,2012-12-01,"QPR","Aston Villa",NA,"QPR","Aston Villa"
"7991",451002,2012-12-01,"Arsenal","Swansea","Swansea",NA,NA
"7992",451003,2012-12-01,"Reading","Manchester United","Manchester United",NA,NA
"7993",591933,2012-12-01,"Manchester City","Everton",NA,"Manchester City","Everton"
"7994",451004,2012-12-02,"Norwich","Sunderland","Norwich",NA,NA
"7995",451005,2012-12-03,"Newcastle","Wigan","Newcastle",NA,NA
"7996",451006,2012-12-08,"Southampton","Reading","Southampton",NA,NA
"7997",451007,2012-12-08,"Sunderland","Chelsea","Chelsea",NA,NA
"7998",451008,2012-12-08,"Arsenal","West Brom","Arsenal",NA,NA
"7999",451009,2012-12-08,"Swansea","Norwich","Norwich",NA,NA
"8000",451010,2012-12-08,"Aston Villa","Stoke City",NA,"Aston Villa","Stoke City"
"8001",451011,2012-12-08,"Wigan","QPR",NA,"Wigan","QPR"
"8002",451012,2012-12-09,"Manchester City","Manchester United","Manchester United",NA,NA
"8003",451013,2012-12-09,"Everton","Tottenham","Everton",NA,NA
"8004",451014,2012-12-09,"West Ham","Liverpool","Liverpool",NA,NA
"8005",451015,2012-12-10,"Fulham","Newcastle","Fulham",NA,NA
"8006",451016,2012-12-11,"Sunderland","Reading","Sunderland",NA,NA
"8007",451017,2012-12-15,"Newcastle","Manchester City","Manchester City",NA,NA
"8008",451018,2012-12-15,"Stoke City","Everton",NA,"Stoke City","Everton"
"8009",451019,2012-12-15,"Liverpool","Aston Villa","Aston Villa",NA,NA
"8010",451020,2012-12-15,"Manchester United","Sunderland","Manchester United",NA,NA
"8011",451021,2012-12-15,"Norwich","Wigan","Norwich",NA,NA
"8012",451022,2012-12-15,"QPR","Fulham","QPR",NA,NA
"8013",451023,2012-12-16,"Tottenham","Swansea","Tottenham",NA,NA
"8014",451024,2012-12-16,"West Brom","West Ham",NA,"West Brom","West Ham"
"8015",451025,2012-12-17,"Reading","Arsenal","Arsenal",NA,NA
"8016",451026,2012-12-22,"Wigan","Arsenal","Arsenal",NA,NA
"8017",451027,2012-12-22,"Newcastle","QPR","Newcastle",NA,NA
"8018",451028,2012-12-22,"Southampton","Sunderland","Sunderland",NA,NA
"8019",451029,2012-12-22,"Tottenham","Stoke City",NA,"Tottenham","Stoke City"
"8020",451030,2012-12-22,"West Brom","Norwich","West Brom",NA,NA
"8021",451031,2012-12-22,"West Ham","Everton","Everton",NA,NA
"8022",451032,2012-12-22,"Manchester City","Reading","Manchester City",NA,NA
"8023",451033,2012-12-22,"Liverpool","Fulham","Liverpool",NA,NA
"8024",451034,2012-12-23,"Swansea","Manchester United",NA,"Swansea","Manchester United"
"8025",451035,2012-12-23,"Chelsea","Aston Villa","Chelsea",NA,NA
"8026",451036,2012-12-26,"Norwich","Chelsea","Chelsea",NA,NA
"8027",451037,2012-12-26,"QPR","West Brom","West Brom",NA,NA
"8028",451038,2012-12-26,"Reading","Swansea",NA,"Reading","Swansea"
"8029",451039,2012-12-26,"Everton","Wigan","Everton",NA,NA
"8030",451040,2012-12-26,"Sunderland","Manchester City","Sunderland",NA,NA
"8031",451041,2012-12-26,"Fulham","Southampton",NA,"Fulham","Southampton"
"8032",451042,2012-12-26,"Manchester United","Newcastle","Manchester United",NA,NA
"8033",451043,2012-12-26,"Aston Villa","Tottenham","Tottenham",NA,NA
"8034",451044,2012-12-26,"Stoke City","Liverpool","Stoke City",NA,NA
"8035",451045,2012-12-29,"Sunderland","Tottenham","Tottenham",NA,NA
"8036",451046,2012-12-29,"Stoke City","Southampton",NA,"Stoke City","Southampton"
"8037",451047,2012-12-29,"Fulham","Swansea","Swansea",NA,NA
"8038",451048,2012-12-29,"Manchester United","West Brom","Manchester United",NA,NA
"8039",451049,2012-12-29,"Norwich","Manchester City","Manchester City",NA,NA
"8040",451050,2012-12-29,"Reading","West Ham","Reading",NA,NA
"8041",451051,2012-12-29,"Aston Villa","Wigan","Wigan",NA,NA
"8042",451052,2012-12-29,"Arsenal","Newcastle","Arsenal",NA,NA
"8043",451053,2012-12-30,"Everton","Chelsea","Chelsea",NA,NA
"8044",451054,2012-12-30,"QPR","Liverpool","Liverpool",NA,NA
"8045",451055,2013-01-01,"West Brom","Fulham","Fulham",NA,NA
"8046",451056,2013-01-01,"Swansea","Aston Villa",NA,"Swansea","Aston Villa"
"8047",451057,2013-01-01,"Tottenham","Reading","Tottenham",NA,NA
"8048",451058,2013-01-01,"West Ham","Norwich","West Ham",NA,NA
"8049",451059,2013-01-01,"Manchester City","Stoke City","Manchester City",NA,NA
"8050",451060,2013-01-01,"Wigan","Manchester United","Manchester United",NA,NA
"8051",451061,2013-01-01,"Southampton","Arsenal",NA,"Southampton","Arsenal"
"8052",451062,2013-01-02,"Chelsea","QPR","QPR",NA,NA
"8053",451063,2013-01-02,"Liverpool","Sunderland","Liverpool",NA,NA
"8054",451064,2013-01-02,"Newcastle","Everton","Everton",NA,NA
"8055",451065,2013-01-12,"QPR","Tottenham",NA,"QPR","Tottenham"
"8056",451066,2013-01-12,"Reading","West Brom","Reading",NA,NA
"8057",451067,2013-01-12,"Aston Villa","Southampton","Southampton",NA,NA
"8058",451068,2013-01-12,"Stoke City","Chelsea","Chelsea",NA,NA
"8059",451069,2013-01-12,"Everton","Swansea",NA,"Everton","Swansea"
"8060",451070,2013-01-12,"Sunderland","West Ham","Sunderland",NA,NA
"8061",451071,2013-01-12,"Fulham","Wigan",NA,"Fulham","Wigan"
"8062",451072,2013-01-12,"Norwich","Newcastle",NA,"Norwich","Newcastle"
"8063",451073,2013-01-13,"Manchester United","Liverpool","Manchester United",NA,NA
"8064",451074,2013-01-13,"Arsenal","Manchester City","Manchester City",NA,NA
"8065",451075,2013-01-16,"Chelsea","Southampton",NA,"Chelsea","Southampton"
"8066",451076,2013-01-19,"Swansea","Stoke City","Swansea",NA,NA
"8067",451077,2013-01-19,"Liverpool","Norwich","Liverpool",NA,NA
"8068",451078,2013-01-19,"West Ham","QPR",NA,"West Ham","QPR"
"8069",451079,2013-01-19,"Manchester City","Fulham","Manchester City",NA,NA
"8070",451080,2013-01-19,"Wigan","Sunderland","Sunderland",NA,NA
"8071",451081,2013-01-19,"Newcastle","Reading","Reading",NA,NA
"8072",451082,2013-01-19,"West Brom","Aston Villa",NA,"West Brom","Aston Villa"
"8073",451083,2013-01-20,"Chelsea","Arsenal","Chelsea",NA,NA
"8074",451084,2013-01-20,"Tottenham","Manchester United",NA,"Tottenham","Manchester United"
"8075",451085,2013-01-21,"Southampton","Everton",NA,"Southampton","Everton"
"8076",451086,2013-01-23,"Arsenal","West Ham","Arsenal",NA,NA
"8077",451087,2013-01-29,"Stoke City","Wigan",NA,"Stoke City","Wigan"
"8078",451088,2013-01-29,"Sunderland","Swansea",NA,"Sunderland","Swansea"
"8079",451089,2013-01-29,"Aston Villa","Newcastle","Newcastle",NA,NA
"8080",451090,2013-01-29,"QPR","Manchester City",NA,"QPR","Manchester City"
"8081",451091,2013-01-30,"Norwich","Tottenham",NA,"Norwich","Tottenham"
"8082",451092,2013-01-30,"Arsenal","Liverpool",NA,"Arsenal","Liverpool"
"8083",451093,2013-01-30,"Everton","West Brom","Everton",NA,NA
"8084",451094,2013-01-30,"Fulham","West Ham","Fulham",NA,NA
"8085",451095,2013-01-30,"Manchester United","Southampton","Manchester United",NA,NA
"8086",451096,2013-01-30,"Reading","Chelsea",NA,"Reading","Chelsea"
"8087",451097,2013-02-02,"QPR","Norwich",NA,"QPR","Norwich"
"8088",451098,2013-02-02,"Reading","Sunderland","Reading",NA,NA
"8089",451099,2013-02-02,"Arsenal","Stoke City","Arsenal",NA,NA
"8090",451100,2013-02-02,"Wigan","Southampton",NA,"Wigan","Southampton"
"8091",451101,2013-02-02,"Newcastle","Chelsea","Newcastle",NA,NA
"8092",451102,2013-02-02,"Everton","Aston Villa",NA,"Everton","Aston Villa"
"8093",451103,2013-02-02,"West Ham","Swansea","West Ham",NA,NA
"8094",451104,2013-02-02,"Fulham","Manchester United","Manchester United",NA,NA
"8095",451105,2013-02-03,"West Brom","Tottenham","Tottenham",NA,NA
"8096",451106,2013-02-03,"Manchester City","Liverpool",NA,"Manchester City","Liverpool"
"8097",451107,2013-02-09,"Tottenham","Newcastle","Tottenham",NA,NA
"8098",451108,2013-02-09,"Stoke City","Reading","Stoke City",NA,NA
"8099",451109,2013-02-09,"Chelsea","Wigan","Chelsea",NA,NA
"8100",451110,2013-02-09,"Sunderland","Arsenal","Arsenal",NA,NA
"8101",451111,2013-02-09,"Swansea","QPR","Swansea",NA,NA
"8102",451112,2013-02-09,"Norwich","Fulham",NA,"Norwich","Fulham"
"8103",451113,2013-02-09,"Southampton","Manchester City","Southampton",NA,NA
"8104",451114,2013-02-10,"Aston Villa","West Ham","Aston Villa",NA,NA
"8105",451115,2013-02-10,"Manchester United","Everton","Manchester United",NA,NA
"8106",451116,2013-02-11,"Liverpool","West Brom","West Brom",NA,NA
"8107",591934,2013-02-17,"Liverpool","Swansea","Liverpool",NA,NA
"8108",451117,2013-02-23,"Fulham","Stoke City","Fulham",NA,NA
"8109",451118,2013-02-23,"West Brom","Sunderland","West Brom",NA,NA
"8110",451119,2013-02-23,"Norwich","Everton","Norwich",NA,NA
"8111",451120,2013-02-23,"QPR","Manchester United","Manchester United",NA,NA
"8112",451121,2013-02-23,"Arsenal","Aston Villa","Arsenal",NA,NA
"8113",451122,2013-02-23,"Reading","Wigan","Wigan",NA,NA
"8114",451123,2013-02-24,"Manchester City","Chelsea","Manchester City",NA,NA
"8115",451124,2013-02-24,"Newcastle","Southampton","Newcastle",NA,NA
"8116",451125,2013-02-25,"West Ham","Tottenham","Tottenham",NA,NA
"8117",451126,2013-03-02,"Swansea","Newcastle","Swansea",NA,NA
"8118",451127,2013-03-02,"Chelsea","West Brom","Chelsea",NA,NA
"8119",451128,2013-03-02,"Everton","Reading","Everton",NA,NA
"8120",451129,2013-03-02,"Southampton","QPR","QPR",NA,NA
"8121",451130,2013-03-02,"Stoke City","West Ham","West Ham",NA,NA
"8122",451131,2013-03-02,"Sunderland","Fulham",NA,"Sunderland","Fulham"
"8123",451132,2013-03-02,"Manchester United","Norwich","Manchester United",NA,NA
"8124",451133,2013-03-02,"Wigan","Liverpool","Liverpool",NA,NA
"8125",451134,2013-03-03,"Tottenham","Arsenal","Tottenham",NA,NA
"8126",451135,2013-03-04,"Aston Villa","Manchester City","Manchester City",NA,NA
"8127",451136,2013-03-09,"Reading","Aston Villa","Aston Villa",NA,NA
"8128",451137,2013-03-09,"Norwich","Southampton",NA,"Norwich","Southampton"
"8129",451138,2013-03-09,"QPR","Sunderland","QPR",NA,NA
"8130",451139,2013-03-09,"West Brom","Swansea","West Brom",NA,NA
"8131",451140,2013-03-10,"Newcastle","Stoke City","Newcastle",NA,NA
"8132",451141,2013-03-10,"Liverpool","Tottenham","Liverpool",NA,NA
"8133",451142,2013-03-16,"Everton","Manchester City","Everton",NA,NA
"8134",451143,2013-03-16,"Southampton","Liverpool","Southampton",NA,NA
"8135",451144,2013-03-16,"Stoke City","West Brom",NA,"Stoke City","West Brom"
"8136",451145,2013-03-16,"Aston Villa","QPR","Aston Villa",NA,NA
"8137",451146,2013-03-16,"Swansea","Arsenal","Arsenal",NA,NA
"8138",451147,2013-03-16,"Manchester United","Reading","Manchester United",NA,NA
"8139",451148,2013-03-17,"Sunderland","Norwich",NA,"Sunderland","Norwich"
"8140",451149,2013-03-17,"Tottenham","Fulham","Fulham",NA,NA
"8141",451150,2013-03-17,"Chelsea","West Ham","Chelsea",NA,NA
"8142",451151,2013-03-17,"Wigan","Newcastle","Wigan",NA,NA
"8143",451152,2013-03-30,"Sunderland","Manchester United","Manchester United",NA,NA
"8144",451153,2013-03-30,"Arsenal","Reading","Arsenal",NA,NA
"8145",451154,2013-03-30,"Swansea","Tottenham","Tottenham",NA,NA
"8146",451155,2013-03-30,"West Ham","West Brom","West Ham",NA,NA
"8147",451156,2013-03-30,"Manchester City","Newcastle","Manchester City",NA,NA
"8148",451157,2013-03-30,"Southampton","Chelsea","Southampton",NA,NA
"8149",451158,2013-03-30,"Wigan","Norwich","Wigan",NA,NA
"8150",451159,2013-03-30,"Everton","Stoke City","Everton",NA,NA
"8151",451160,2013-03-31,"Aston Villa","Liverpool","Liverpool",NA,NA
"8152",451161,2013-04-01,"Fulham","QPR","Fulham",NA,NA
"8153",451162,2013-04-06,"Reading","Southampton","Southampton",NA,NA
"8154",451163,2013-04-06,"Norwich","Swansea",NA,"Norwich","Swansea"
"8155",451164,2013-04-06,"Stoke City","Aston Villa","Aston Villa",NA,NA
"8156",451165,2013-04-06,"West Brom","Arsenal","Arsenal",NA,NA
"8157",451166,2013-04-07,"Liverpool","West Ham",NA,"Liverpool","West Ham"
"8158",451167,2013-04-07,"Tottenham","Everton",NA,"Tottenham","Everton"
"8159",451168,2013-04-07,"Newcastle","Fulham","Newcastle",NA,NA
"8160",451169,2013-04-07,"Chelsea","Sunderland","Chelsea",NA,NA
"8161",451170,2013-04-07,"QPR","Wigan",NA,"QPR","Wigan"
"8162",591935,2013-04-08,"Manchester United","Manchester City","Manchester City",NA,NA
"8163",451171,2013-04-13,"Reading","Liverpool",NA,"Reading","Liverpool"
"8164",451172,2013-04-13,"Arsenal","Norwich","Arsenal",NA,NA
"8165",451173,2013-04-13,"Southampton","West Ham",NA,"Southampton","West Ham"
"8166",451174,2013-04-13,"Everton","QPR","Everton",NA,NA
"8167",591936,2013-04-13,"Aston Villa","Fulham",NA,"Aston Villa","Fulham"
"8168",451175,2013-04-14,"Newcastle","Sunderland","Sunderland",NA,NA
"8169",451176,2013-04-14,"Stoke City","Manchester United","Manchester United",NA,NA
"8170",451177,2013-04-16,"Arsenal","Everton",NA,"Arsenal","Everton"
"8171",451178,2013-04-17,"West Ham","Manchester United",NA,"West Ham","Manchester United"
"8172",451179,2013-04-17,"Manchester City","Wigan","Manchester City",NA,NA
"8173",451180,2013-04-17,"Fulham","Chelsea","Chelsea",NA,NA
"8174",451181,2013-04-20,"West Ham","Wigan","West Ham",NA,NA
"8175",451182,2013-04-20,"Norwich","Reading","Norwich",NA,NA
"8176",451183,2013-04-20,"QPR","Stoke City","Stoke City",NA,NA
"8177",451184,2013-04-20,"Swansea","Southampton",NA,"Swansea","Southampton"
"8178",451185,2013-04-20,"Fulham","Arsenal","Arsenal",NA,NA
"8179",451186,2013-04-20,"West Brom","Newcastle",NA,"West Brom","Newcastle"
"8180",591937,2013-04-20,"Sunderland","Everton","Sunderland",NA,NA
"8181",451187,2013-04-21,"Tottenham","Manchester City","Tottenham",NA,NA
"8182",451188,2013-04-21,"Liverpool","Chelsea",NA,"Liverpool","Chelsea"
"8183",451189,2013-04-22,"Manchester United","Aston Villa","Manchester United",NA,NA
"8184",451190,2013-04-27,"Manchester City","West Ham","Manchester City",NA,NA
"8185",451191,2013-04-27,"Southampton","West Brom","West Brom",NA,NA
"8186",451192,2013-04-27,"Stoke City","Norwich","Stoke City",NA,NA
"8187",451193,2013-04-27,"Wigan","Tottenham",NA,"Wigan","Tottenham"
"8188",451194,2013-04-27,"Everton","Fulham","Everton",NA,NA
"8189",451195,2013-04-27,"Newcastle","Liverpool","Liverpool",NA,NA
"8190",451196,2013-04-28,"Reading","QPR",NA,"Reading","QPR"
"8191",451197,2013-04-28,"Chelsea","Swansea","Chelsea",NA,NA
"8192",451198,2013-04-28,"Arsenal","Manchester United",NA,"Arsenal","Manchester United"
"8193",451199,2013-04-29,"Aston Villa","Sunderland","Aston Villa",NA,NA
"8194",451200,2013-05-04,"Tottenham","Southampton","Tottenham",NA,NA
"8195",451201,2013-05-04,"West Ham","Newcastle",NA,"West Ham","Newcastle"
"8196",451202,2013-05-04,"Norwich","Aston Villa","Aston Villa",NA,NA
"8197",451203,2013-05-04,"Swansea","Manchester City",NA,"Swansea","Manchester City"
"8198",451204,2013-05-04,"Fulham","Reading","Reading",NA,NA
"8199",451205,2013-05-04,"West Brom","Wigan","Wigan",NA,NA
"8200",451206,2013-05-04,"QPR","Arsenal","Arsenal",NA,NA
"8201",451207,2013-05-05,"Liverpool","Everton",NA,"Liverpool","Everton"
"8202",451208,2013-05-05,"Manchester United","Chelsea","Chelsea",NA,NA
"8203",451209,2013-05-06,"Sunderland","Stoke City",NA,"Sunderland","Stoke City"
"8204",451210,2013-05-07,"Manchester City","West Brom","Manchester City",NA,NA
"8205",451211,2013-05-07,"Wigan","Swansea","Swansea",NA,NA
"8206",451212,2013-05-08,"Chelsea","Tottenham",NA,"Chelsea","Tottenham"
"8207",451213,2013-05-11,"Aston Villa","Chelsea","Chelsea",NA,NA
"8208",451214,2013-05-12,"Stoke City","Tottenham","Tottenham",NA,NA
"8209",451215,2013-05-12,"Everton","West Ham","Everton",NA,NA
"8210",451216,2013-05-12,"Sunderland","Southampton",NA,"Sunderland","Southampton"
"8211",451217,2013-05-12,"Norwich","West Brom","Norwich",NA,NA
"8212",451218,2013-05-12,"Fulham","Liverpool","Liverpool",NA,NA
"8213",451219,2013-05-12,"Manchester United","Swansea","Manchester United",NA,NA
"8214",591938,2013-05-12,"QPR","Newcastle","Newcastle",NA,NA
"8215",451220,2013-05-14,"Arsenal","Wigan","Arsenal",NA,NA
"8216",451221,2013-05-14,"Reading","Manchester City","Manchester City",NA,NA
"8217",451222,2013-05-19,"Wigan","Aston Villa",NA,"Wigan","Aston Villa"
"8218",451223,2013-05-19,"Newcastle","Arsenal","Arsenal",NA,NA
"8219",451224,2013-05-19,"Southampton","Stoke City",NA,"Southampton","Stoke City"
"8220",451225,2013-05-19,"Swansea","Fulham","Fulham",NA,NA
"8221",451226,2013-05-19,"Tottenham","Sunderland","Tottenham",NA,NA
"8222",451227,2013-05-19,"Chelsea","Everton","Chelsea",NA,NA
"8223",451228,2013-05-19,"West Brom","Manchester United",NA,"West Brom","Manchester United"
"8224",451229,2013-05-19,"Liverpool","QPR","Liverpool",NA,NA
"8225",451230,2013-05-19,"West Ham","Reading","West Ham",NA,NA
"8226",451231,2013-05-19,"Manchester City","Norwich","Norwich",NA,NA
"8227",450479,2013-08-17,"Liverpool","Stoke City","Liverpool",NA,NA
"8228",450480,2013-08-17,"Norwich","Everton",NA,"Norwich","Everton"
"8229",450481,2013-08-17,"Sunderland","Fulham","Fulham",NA,NA
"8230",450482,2013-08-17,"Arsenal","Aston Villa","Aston Villa",NA,NA
"8231",450483,2013-08-17,"West Brom","Southampton","Southampton",NA,NA
"8232",450484,2013-08-17,"West Ham","Cardiff","West Ham",NA,NA
"8233",450485,2013-08-17,"Swansea","Manchester United","Manchester United",NA,NA
"8234",450486,2013-08-18,"Crystal Palace","Tottenham","Tottenham",NA,NA
"8235",450487,2013-08-18,"Chelsea","Hull","Chelsea",NA,NA
"8236",450488,2013-08-19,"Manchester City","Newcastle","Manchester City",NA,NA
"8237",450489,2013-08-21,"Chelsea","Aston Villa","Chelsea",NA,NA
"8238",450490,2013-08-24,"Fulham","Arsenal","Arsenal",NA,NA
"8239",450491,2013-08-24,"Hull","Norwich","Hull",NA,NA
"8240",450492,2013-08-24,"Stoke City","Crystal Palace","Stoke City",NA,NA
"8241",450493,2013-08-24,"Everton","West Brom",NA,"Everton","West Brom"
"8242",450494,2013-08-24,"Southampton","Sunderland",NA,"Southampton","Sunderland"
"8243",450495,2013-08-24,"Newcastle","West Ham",NA,"Newcastle","West Ham"
"8244",450496,2013-08-24,"Aston Villa","Liverpool","Liverpool",NA,NA
"8245",450497,2013-08-25,"Cardiff","Manchester City","Cardiff",NA,NA
"8246",450498,2013-08-25,"Tottenham","Swansea","Tottenham",NA,NA
"8247",450499,2013-08-26,"Manchester United","Chelsea",NA,"Manchester United","Chelsea"
"8248",450500,2013-08-31,"Manchester City","Hull","Manchester City",NA,NA
"8249",450501,2013-08-31,"Newcastle","Fulham","Newcastle",NA,NA
"8250",450502,2013-08-31,"West Ham","Stoke City","Stoke City",NA,NA
"8251",450503,2013-08-31,"Norwich","Southampton","Norwich",NA,NA
"8252",450504,2013-08-31,"Cardiff","Everton",NA,"Cardiff","Everton"
"8253",450505,2013-08-31,"Crystal Palace","Sunderland","Crystal Palace",NA,NA
"8254",450506,2013-09-01,"Liverpool","Manchester United","Liverpool",NA,NA
"8255",450507,2013-09-01,"West Brom","Swansea","Swansea",NA,NA
"8256",450508,2013-09-01,"Arsenal","Tottenham","Arsenal",NA,NA
"8257",450509,2013-09-14,"Manchester United","Crystal Palace","Manchester United",NA,NA
"8258",450510,2013-09-14,"Tottenham","Norwich","Tottenham",NA,NA
"8259",450511,2013-09-14,"Hull","Cardiff",NA,"Hull","Cardiff"
"8260",450512,2013-09-14,"Aston Villa","Newcastle","Newcastle",NA,NA
"8261",450513,2013-09-14,"Sunderland","Arsenal","Arsenal",NA,NA
"8262",450514,2013-09-14,"Stoke City","Manchester City",NA,"Stoke City","Manchester City"
"8263",450515,2013-09-14,"Fulham","West Brom",NA,"Fulham","West Brom"
"8264",450516,2013-09-14,"Everton","Chelsea","Everton",NA,NA
"8265",450517,2013-09-15,"Southampton","West Ham",NA,"Southampton","West Ham"
"8266",450518,2013-09-16,"Swansea","Liverpool",NA,"Swansea","Liverpool"
"8267",450519,2013-09-21,"Norwich","Aston Villa","Aston Villa",NA,NA
"8268",450520,2013-09-21,"West Brom","Sunderland","West Brom",NA,NA
"8269",450521,2013-09-21,"West Ham","Everton","Everton",NA,NA
"8270",450522,2013-09-21,"Liverpool","Southampton","Southampton",NA,NA
"8271",450523,2013-09-21,"Newcastle","Hull","Hull",NA,NA
"8272",450524,2013-09-21,"Chelsea","Fulham","Chelsea",NA,NA
"8273",450525,2013-09-22,"Arsenal","Stoke City","Arsenal",NA,NA
"8274",450526,2013-09-22,"Crystal Palace","Swansea","Swansea",NA,NA
"8275",450527,2013-09-22,"Cardiff","Tottenham","Tottenham",NA,NA
"8276",450528,2013-09-22,"Manchester City","Manchester United","Manchester City",NA,NA
"8277",450529,2013-09-28,"Tottenham","Chelsea",NA,"Tottenham","Chelsea"
"8278",450530,2013-09-28,"Hull","West Ham","Hull",NA,NA
"8279",450531,2013-09-28,"Manchester United","West Brom","West Brom",NA,NA
"8280",450532,2013-09-28,"Southampton","Crystal Palace","Southampton",NA,NA
"8281",450533,2013-09-28,"Aston Villa","Manchester City","Aston Villa",NA,NA
"8282",450534,2013-09-28,"Fulham","Cardiff","Cardiff",NA,NA
"8283",450535,2013-09-28,"Swansea","Arsenal","Arsenal",NA,NA
"8284",450536,2013-09-29,"Stoke City","Norwich","Norwich",NA,NA
"8285",450537,2013-09-29,"Sunderland","Liverpool","Liverpool",NA,NA
"8286",450538,2013-09-30,"Everton","Newcastle","Everton",NA,NA
"8287",450539,2013-10-05,"Manchester City","Everton","Manchester City",NA,NA
"8288",450540,2013-10-05,"Cardiff","Newcastle","Newcastle",NA,NA
"8289",450541,2013-10-05,"Fulham","Stoke City","Fulham",NA,NA
"8290",450542,2013-10-05,"Hull","Aston Villa",NA,"Hull","Aston Villa"
"8291",450543,2013-10-05,"Liverpool","Crystal Palace","Liverpool",NA,NA
"8292",450544,2013-10-05,"Sunderland","Manchester United","Manchester United",NA,NA
"8293",450545,2013-10-06,"Norwich","Chelsea","Chelsea",NA,NA
"8294",450546,2013-10-06,"Southampton","Swansea","Southampton",NA,NA
"8295",450547,2013-10-06,"Tottenham","West Ham","West Ham",NA,NA
"8296",450548,2013-10-06,"West Brom","Arsenal",NA,"West Brom","Arsenal"
"8297",450549,2013-10-19,"Newcastle","Liverpool",NA,"Newcastle","Liverpool"
"8298",450550,2013-10-19,"Arsenal","Norwich","Arsenal",NA,NA
"8299",450551,2013-10-19,"Swansea","Sunderland","Swansea",NA,NA
"8300",450552,2013-10-19,"Chelsea","Cardiff","Chelsea",NA,NA
"8301",450553,2013-10-19,"Stoke City","West Brom",NA,"Stoke City","West Brom"
"8302",450554,2013-10-19,"Everton","Hull","Everton",NA,NA
"8303",450555,2013-10-19,"Manchester United","Southampton",NA,"Manchester United","Southampton"
"8304",450556,2013-10-19,"West Ham","Manchester City","Manchester City",NA,NA
"8305",450557,2013-10-20,"Aston Villa","Tottenham","Tottenham",NA,NA
"8306",450558,2013-10-21,"Crystal Palace","Fulham","Fulham",NA,NA
"8307",450559,2013-10-26,"Crystal Palace","Arsenal","Arsenal",NA,NA
"8308",450560,2013-10-26,"Aston Villa","Everton","Everton",NA,NA
"8309",450561,2013-10-26,"Liverpool","West Brom","Liverpool",NA,NA
"8310",450562,2013-10-26,"Manchester United","Stoke City","Manchester United",NA,NA
"8311",450563,2013-10-26,"Norwich","Cardiff",NA,"Norwich","Cardiff"
"8312",450564,2013-10-26,"Southampton","Fulham","Southampton",NA,NA
"8313",450565,2013-10-27,"Sunderland","Newcastle","Sunderland",NA,NA
"8314",450566,2013-10-27,"Chelsea","Manchester City","Chelsea",NA,NA
"8315",450567,2013-10-27,"Tottenham","Hull","Tottenham",NA,NA
"8316",450568,2013-10-27,"Swansea","West Ham",NA,"Swansea","West Ham"
"8317",450569,2013-11-02,"Newcastle","Chelsea","Newcastle",NA,NA
"8318",450570,2013-11-02,"Stoke City","Southampton",NA,"Stoke City","Southampton"
"8319",450571,2013-11-02,"West Brom","Crystal Palace","West Brom",NA,NA
"8320",450572,2013-11-02,"West Ham","Aston Villa",NA,"West Ham","Aston Villa"
"8321",450573,2013-11-02,"Fulham","Manchester United","Manchester United",NA,NA
"8322",450574,2013-11-02,"Hull","Sunderland","Hull",NA,NA
"8323",450575,2013-11-02,"Manchester City","Norwich","Manchester City",NA,NA
"8324",450576,2013-11-02,"Arsenal","Liverpool","Arsenal",NA,NA
"8325",450577,2013-11-03,"Everton","Tottenham",NA,"Everton","Tottenham"
"8326",450578,2013-11-03,"Cardiff","Swansea","Cardiff",NA,NA
"8327",450579,2013-11-09,"Liverpool","Fulham","Liverpool",NA,NA
"8328",450580,2013-11-09,"Southampton","Hull","Southampton",NA,NA
"8329",450581,2013-11-09,"Aston Villa","Cardiff","Aston Villa",NA,NA
"8330",450582,2013-11-09,"Chelsea","West Brom",NA,"Chelsea","West Brom"
"8331",450583,2013-11-09,"Crystal Palace","Everton",NA,"Crystal Palace","Everton"
"8332",450584,2013-11-09,"Norwich","West Ham","Norwich",NA,NA
"8333",450585,2013-11-10,"Tottenham","Newcastle","Newcastle",NA,NA
"8334",450586,2013-11-10,"Sunderland","Manchester City","Sunderland",NA,NA
"8335",450587,2013-11-10,"Manchester United","Arsenal","Manchester United",NA,NA
"8336",450588,2013-11-10,"Swansea","Stoke City",NA,"Swansea","Stoke City"
"8337",450589,2013-11-23,"Everton","Liverpool",NA,"Everton","Liverpool"
"8338",450590,2013-11-23,"Newcastle","Norwich","Newcastle",NA,NA
"8339",450591,2013-11-23,"Arsenal","Southampton","Arsenal",NA,NA
"8340",450592,2013-11-23,"Stoke City","Sunderland","Stoke City",NA,NA
"8341",450593,2013-11-23,"Fulham","Swansea","Swansea",NA,NA
"8342",450594,2013-11-23,"Hull","Crystal Palace","Crystal Palace",NA,NA
"8343",450595,2013-11-23,"West Ham","Chelsea","Chelsea",NA,NA
"8344",450596,2013-11-24,"Manchester City","Tottenham","Manchester City",NA,NA
"8345",450597,2013-11-24,"Cardiff","Manchester United",NA,"Cardiff","Manchester United"
"8346",450598,2013-11-25,"West Brom","Aston Villa",NA,"West Brom","Aston Villa"
"8347",450599,2013-11-30,"West Ham","Fulham","West Ham",NA,NA
"8348",450600,2013-11-30,"Everton","Stoke City","Everton",NA,NA
"8349",450601,2013-11-30,"Aston Villa","Sunderland",NA,"Aston Villa","Sunderland"
"8350",450602,2013-11-30,"Norwich","Crystal Palace","Norwich",NA,NA
"8351",450603,2013-11-30,"Cardiff","Arsenal","Arsenal",NA,NA
"8352",450604,2013-11-30,"Newcastle","West Brom","Newcastle",NA,NA
"8353",450605,2013-12-01,"Tottenham","Manchester United",NA,"Tottenham","Manchester United"
"8354",450606,2013-12-01,"Hull","Liverpool","Hull",NA,NA
"8355",450607,2013-12-01,"Chelsea","Southampton","Chelsea",NA,NA
"8356",450608,2013-12-01,"Manchester City","Swansea","Manchester City",NA,NA
"8357",450609,2013-12-03,"Crystal Palace","West Ham","Crystal Palace",NA,NA
"8358",450610,2013-12-04,"Stoke City","Cardiff",NA,"Stoke City","Cardiff"
"8359",450611,2013-12-04,"Sunderland","Chelsea","Chelsea",NA,NA
"8360",450612,2013-12-04,"Arsenal","Hull","Arsenal",NA,NA
"8361",450613,2013-12-04,"Swansea","Newcastle","Swansea",NA,NA
"8362",450614,2013-12-04,"Liverpool","Norwich","Liverpool",NA,NA
"8363",450615,2013-12-04,"Manchester United","Everton","Everton",NA,NA
"8364",450616,2013-12-04,"Southampton","Aston Villa","Aston Villa",NA,NA
"8365",450617,2013-12-04,"West Brom","Manchester City","Manchester City",NA,NA
"8366",450618,2013-12-04,"Fulham","Tottenham","Tottenham",NA,NA
"8367",450619,2013-12-07,"Manchester United","Newcastle","Newcastle",NA,NA
"8368",450620,2013-12-07,"West Brom","Norwich","Norwich",NA,NA
"8369",450621,2013-12-07,"Liverpool","West Ham","Liverpool",NA,NA
"8370",450622,2013-12-07,"Southampton","Manchester City",NA,"Southampton","Manchester City"
"8371",450623,2013-12-07,"Stoke City","Chelsea","Stoke City",NA,NA
"8372",450624,2013-12-07,"Crystal Palace","Cardiff","Crystal Palace",NA,NA
"8373",450625,2013-12-07,"Sunderland","Tottenham","Tottenham",NA,NA
"8374",450626,2013-12-08,"Fulham","Aston Villa","Fulham",NA,NA
"8375",450627,2013-12-08,"Arsenal","Everton",NA,"Arsenal","Everton"
"8376",450628,2013-12-09,"Swansea","Hull",NA,"Swansea","Hull"
"8377",450629,2013-12-14,"Manchester City","Arsenal","Manchester City",NA,NA
"8378",450630,2013-12-14,"Newcastle","Southampton",NA,"Newcastle","Southampton"
"8379",450631,2013-12-14,"Cardiff","West Brom","Cardiff",NA,NA
"8380",450632,2013-12-14,"Chelsea","Crystal Palace","Chelsea",NA,NA
"8381",450633,2013-12-14,"West Ham","Sunderland",NA,"West Ham","Sunderland"
"8382",450634,2013-12-14,"Everton","Fulham","Everton",NA,NA
"8383",450635,2013-12-14,"Hull","Stoke City",NA,"Hull","Stoke City"
"8384",450636,2013-12-15,"Aston Villa","Manchester United","Manchester United",NA,NA
"8385",450637,2013-12-15,"Norwich","Swansea",NA,"Norwich","Swansea"
"8386",450638,2013-12-15,"Tottenham","Liverpool","Liverpool",NA,NA
"8387",450639,2013-12-21,"Liverpool","Cardiff","Liverpool",NA,NA
"8388",450640,2013-12-21,"Crystal Palace","Newcastle","Newcastle",NA,NA
"8389",450641,2013-12-21,"Fulham","Manchester City","Manchester City",NA,NA
"8390",450642,2013-12-21,"West Brom","Hull",NA,"West Brom","Hull"
"8391",450643,2013-12-21,"Manchester United","West Ham","Manchester United",NA,NA
"8392",450644,2013-12-21,"Stoke City","Aston Villa","Stoke City",NA,NA
"8393",450645,2013-12-21,"Sunderland","Norwich",NA,"Sunderland","Norwich"
"8394",450646,2013-12-22,"Southampton","Tottenham","Tottenham",NA,NA
"8395",450647,2013-12-22,"Swansea","Everton","Everton",NA,NA
"8396",450648,2013-12-23,"Arsenal","Chelsea",NA,"Arsenal","Chelsea"
"8397",450649,2013-12-26,"Hull","Manchester United","Manchester United",NA,NA
"8398",450650,2013-12-26,"Newcastle","Stoke City","Newcastle",NA,NA
"8399",450651,2013-12-26,"Aston Villa","Crystal Palace","Crystal Palace",NA,NA
"8400",450652,2013-12-26,"Norwich","Fulham","Fulham",NA,NA
"8401",450653,2013-12-26,"Cardiff","Southampton","Southampton",NA,NA
"8402",450654,2013-12-26,"Tottenham","West Brom",NA,"Tottenham","West Brom"
"8403",450655,2013-12-26,"Chelsea","Swansea","Chelsea",NA,NA
"8404",450656,2013-12-26,"West Ham","Arsenal","Arsenal",NA,NA
"8405",450657,2013-12-26,"Everton","Sunderland","Sunderland",NA,NA
"8406",450658,2013-12-26,"Manchester City","Liverpool","Manchester City",NA,NA
"8407",450659,2013-12-28,"West Ham","West Brom",NA,"West Ham","West Brom"
"8408",450660,2013-12-28,"Aston Villa","Swansea",NA,"Aston Villa","Swansea"
"8409",450661,2013-12-28,"Norwich","Manchester United","Manchester United",NA,NA
"8410",450662,2013-12-28,"Hull","Fulham","Hull",NA,NA
"8411",450663,2013-12-28,"Manchester City","Crystal Palace","Manchester City",NA,NA
"8412",450664,2013-12-28,"Cardiff","Sunderland",NA,"Cardiff","Sunderland"
"8413",450665,2013-12-29,"Newcastle","Arsenal","Arsenal",NA,NA
"8414",450666,2013-12-29,"Everton","Southampton","Everton",NA,NA
"8415",450667,2013-12-29,"Chelsea","Liverpool","Chelsea",NA,NA
"8416",450668,2013-12-29,"Tottenham","Stoke City","Tottenham",NA,NA
"8417",450669,2014-01-01,"Swansea","Manchester City","Manchester City",NA,NA
"8418",450670,2014-01-01,"West Brom","Newcastle","West Brom",NA,NA
"8419",450671,2014-01-01,"Liverpool","Hull","Liverpool",NA,NA
"8420",450672,2014-01-01,"Southampton","Chelsea","Chelsea",NA,NA
"8421",450673,2014-01-01,"Stoke City","Everton",NA,"Stoke City","Everton"
"8422",450674,2014-01-01,"Arsenal","Cardiff","Arsenal",NA,NA
"8423",450675,2014-01-01,"Sunderland","Aston Villa","Aston Villa",NA,NA
"8424",450676,2014-01-01,"Crystal Palace","Norwich",NA,"Crystal Palace","Norwich"
"8425",450677,2014-01-01,"Fulham","West Ham","Fulham",NA,NA
"8426",450678,2014-01-01,"Manchester United","Tottenham","Tottenham",NA,NA
"8427",450679,2014-01-11,"Hull","Chelsea","Chelsea",NA,NA
"8428",450680,2014-01-11,"Southampton","West Brom","Southampton",NA,NA
"8429",450681,2014-01-11,"Cardiff","West Ham","West Ham",NA,NA
"8430",450682,2014-01-11,"Everton","Norwich","Everton",NA,NA
"8431",450683,2014-01-11,"Tottenham","Crystal Palace","Tottenham",NA,NA
"8432",450684,2014-01-11,"Fulham","Sunderland","Sunderland",NA,NA
"8433",450685,2014-01-11,"Manchester United","Swansea","Manchester United",NA,NA
"8434",450686,2014-01-12,"Newcastle","Manchester City","Manchester City",NA,NA
"8435",450687,2014-01-12,"Stoke City","Liverpool","Liverpool",NA,NA
"8436",450688,2014-01-13,"Aston Villa","Arsenal","Arsenal",NA,NA
"8437",450689,2014-01-18,"Sunderland","Southampton",NA,"Sunderland","Southampton"
"8438",450690,2014-01-18,"Arsenal","Fulham","Arsenal",NA,NA
"8439",450691,2014-01-18,"Crystal Palace","Stoke City","Crystal Palace",NA,NA
"8440",450692,2014-01-18,"West Ham","Newcastle","Newcastle",NA,NA
"8441",450693,2014-01-18,"Manchester City","Cardiff","Manchester City",NA,NA
"8442",450694,2014-01-18,"Norwich","Hull","Norwich",NA,NA
"8443",450695,2014-01-18,"Liverpool","Aston Villa",NA,"Liverpool","Aston Villa"
"8444",450696,2014-01-19,"Swansea","Tottenham","Tottenham",NA,NA
"8445",450697,2014-01-19,"Chelsea","Manchester United","Chelsea",NA,NA
"8446",450698,2014-01-20,"West Brom","Everton",NA,"West Brom","Everton"
"8447",450699,2014-01-28,"Swansea","Fulham","Swansea",NA,NA
"8448",450700,2014-01-28,"Manchester United","Cardiff","Manchester United",NA,NA
"8449",450701,2014-01-28,"Norwich","Newcastle",NA,"Norwich","Newcastle"
"8450",450702,2014-01-28,"Southampton","Arsenal",NA,"Southampton","Arsenal"
"8451",450703,2014-01-28,"Crystal Palace","Hull","Crystal Palace",NA,NA
"8452",450704,2014-01-28,"Liverpool","Everton","Liverpool",NA,NA
"8453",450705,2014-01-29,"Chelsea","West Ham",NA,"Chelsea","West Ham"
"8454",450706,2014-01-29,"Tottenham","Manchester City","Manchester City",NA,NA
"8455",450707,2014-01-29,"Sunderland","Stoke City","Sunderland",NA,NA
"8456",450708,2014-01-29,"Aston Villa","West Brom","Aston Villa",NA,NA
"8457",450709,2014-02-01,"Newcastle","Sunderland","Sunderland",NA,NA
"8458",450710,2014-02-01,"West Ham","Swansea","West Ham",NA,NA
"8459",450711,2014-02-01,"Fulham","Southampton","Southampton",NA,NA
"8460",450712,2014-02-01,"Stoke City","Manchester United","Stoke City",NA,NA
"8461",450713,2014-02-01,"Cardiff","Norwich","Cardiff",NA,NA
"8462",450714,2014-02-01,"Hull","Tottenham",NA,"Hull","Tottenham"
"8463",450715,2014-02-01,"Everton","Aston Villa","Everton",NA,NA
"8464",450716,2014-02-02,"West Brom","Liverpool",NA,"West Brom","Liverpool"
"8465",450717,2014-02-02,"Arsenal","Crystal Palace","Arsenal",NA,NA
"8466",450718,2014-02-03,"Manchester City","Chelsea","Chelsea",NA,NA
"8467",450719,2014-02-08,"Liverpool","Arsenal","Liverpool",NA,NA
"8468",450720,2014-02-08,"Crystal Palace","West Brom","Crystal Palace",NA,NA
"8469",450721,2014-02-08,"Norwich","Manchester City",NA,"Norwich","Manchester City"
"8470",450722,2014-02-08,"Southampton","Stoke City",NA,"Southampton","Stoke City"
"8471",450723,2014-02-08,"Sunderland","Hull","Hull",NA,NA
"8472",450724,2014-02-08,"Chelsea","Newcastle","Chelsea",NA,NA
"8473",450725,2014-02-08,"Aston Villa","West Ham","West Ham",NA,NA
"8474",450726,2014-02-08,"Swansea","Cardiff","Swansea",NA,NA
"8475",450727,2014-02-09,"Tottenham","Everton","Tottenham",NA,NA
"8476",450728,2014-02-09,"Manchester United","Fulham",NA,"Manchester United","Fulham"
"8477",450729,2014-02-11,"West Ham","Norwich","West Ham",NA,NA
"8478",450730,2014-02-11,"Cardiff","Aston Villa",NA,"Cardiff","Aston Villa"
"8479",450731,2014-02-11,"Hull","Southampton","Southampton",NA,NA
"8480",450732,2014-02-11,"West Brom","Chelsea",NA,"West Brom","Chelsea"
"8481",450733,2014-02-12,"Arsenal","Manchester United",NA,"Arsenal","Manchester United"
"8482",450734,2014-02-12,"Newcastle","Tottenham","Tottenham",NA,NA
"8483",450735,2014-02-12,"Stoke City","Swansea",NA,"Stoke City","Swansea"
"8484",450736,2014-02-12,"Fulham","Liverpool","Liverpool",NA,NA
"8485",450737,2014-02-22,"Chelsea","Everton","Chelsea",NA,NA
"8486",450738,2014-02-22,"Manchester City","Stoke City","Manchester City",NA,NA
"8487",450739,2014-02-22,"West Brom","Fulham",NA,"West Brom","Fulham"
"8488",450740,2014-02-22,"West Ham","Southampton","West Ham",NA,NA
"8489",450741,2014-02-22,"Arsenal","Sunderland","Arsenal",NA,NA
"8490",450742,2014-02-22,"Cardiff","Hull","Hull",NA,NA
"8491",450743,2014-02-22,"Crystal Palace","Manchester United","Manchester United",NA,NA
"8492",450744,2014-02-23,"Liverpool","Swansea","Liverpool",NA,NA
"8493",450745,2014-02-23,"Newcastle","Aston Villa","Newcastle",NA,NA
"8494",450746,2014-02-23,"Norwich","Tottenham","Norwich",NA,NA
"8495",450747,2014-03-01,"Everton","West Ham","Everton",NA,NA
"8496",450748,2014-03-01,"Stoke City","Arsenal","Stoke City",NA,NA
"8497",450749,2014-03-01,"Fulham","Chelsea","Chelsea",NA,NA
"8498",450750,2014-03-01,"Hull","Newcastle","Newcastle",NA,NA
"8499",450751,2014-03-01,"Southampton","Liverpool","Liverpool",NA,NA
"8500",450752,2014-03-02,"Tottenham","Cardiff","Tottenham",NA,NA
"8501",450753,2014-03-02,"Aston Villa","Norwich","Aston Villa",NA,NA
"8502",450754,2014-03-02,"Swansea","Crystal Palace",NA,"Swansea","Crystal Palace"
"8503",450755,2014-03-08,"West Brom","Manchester United","Manchester United",NA,NA
"8504",450756,2014-03-08,"Norwich","Stoke City",NA,"Norwich","Stoke City"
"8505",450757,2014-03-08,"Cardiff","Fulham","Cardiff",NA,NA
"8506",450758,2014-03-08,"Crystal Palace","Southampton","Southampton",NA,NA
"8507",450759,2014-03-08,"Chelsea","Tottenham","Chelsea",NA,NA
"8508",450760,2014-03-15,"Hull","Manchester City","Manchester City",NA,NA
"8509",450761,2014-03-15,"Everton","Cardiff","Everton",NA,NA
"8510",450762,2014-03-15,"Swansea","West Brom","West Brom",NA,NA
"8511",450763,2014-03-15,"Sunderland","Crystal Palace",NA,"Sunderland","Crystal Palace"
"8512",450764,2014-03-15,"Fulham","Newcastle","Fulham",NA,NA
"8513",450765,2014-03-15,"Stoke City","West Ham","Stoke City",NA,NA
"8514",450766,2014-03-15,"Southampton","Norwich","Southampton",NA,NA
"8515",450767,2014-03-15,"Aston Villa","Chelsea","Aston Villa",NA,NA
"8516",450768,2014-03-16,"Manchester United","Liverpool","Liverpool",NA,NA
"8517",450769,2014-03-16,"Tottenham","Arsenal","Arsenal",NA,NA
"8518",450770,2014-03-22,"Chelsea","Arsenal","Chelsea",NA,NA
"8519",450771,2014-03-22,"Hull","West Brom","Hull",NA,NA
"8520",450772,2014-03-22,"Manchester City","Fulham","Manchester City",NA,NA
"8521",450773,2014-03-22,"Newcastle","Crystal Palace","Newcastle",NA,NA
"8522",450774,2014-03-22,"Norwich","Sunderland","Norwich",NA,NA
"8523",450775,2014-03-22,"Cardiff","Liverpool","Liverpool",NA,NA
"8524",450776,2014-03-22,"Everton","Swansea","Everton",NA,NA
"8525",450777,2014-03-22,"West Ham","Manchester United","Manchester United",NA,NA
"8526",450778,2014-03-23,"Tottenham","Southampton","Tottenham",NA,NA
"8527",450779,2014-03-23,"Aston Villa","Stoke City","Stoke City",NA,NA
"8528",450782,2014-03-25,"Manchester United","Manchester City","Manchester City",NA,NA
"8529",450780,2014-03-25,"Newcastle","Everton","Everton",NA,NA
"8530",450781,2014-03-25,"Arsenal","Swansea",NA,"Arsenal","Swansea"
"8531",450783,2014-03-26,"West Ham","Hull","West Ham",NA,NA
"8532",450784,2014-03-26,"Liverpool","Sunderland","Liverpool",NA,NA
"8533",450785,2014-03-29,"Manchester United","Aston Villa","Manchester United",NA,NA
"8534",450786,2014-03-29,"Southampton","Newcastle","Southampton",NA,NA
"8535",450787,2014-03-29,"Crystal Palace","Chelsea","Crystal Palace",NA,NA
"8536",450788,2014-03-29,"Swansea","Norwich","Swansea",NA,NA
"8537",450789,2014-03-29,"West Brom","Cardiff",NA,"West Brom","Cardiff"
"8538",450790,2014-03-29,"Stoke City","Hull","Stoke City",NA,NA
"8539",450791,2014-03-29,"Arsenal","Manchester City",NA,"Arsenal","Manchester City"
"8540",450792,2014-03-30,"Fulham","Everton","Everton",NA,NA
"8541",450793,2014-03-30,"Liverpool","Tottenham","Liverpool",NA,NA
"8542",450794,2014-03-31,"Sunderland","West Ham","West Ham",NA,NA
"8543",450795,2014-04-05,"Manchester City","Southampton","Manchester City",NA,NA
"8544",450796,2014-04-05,"Newcastle","Manchester United","Manchester United",NA,NA
"8545",450797,2014-04-05,"Aston Villa","Fulham","Fulham",NA,NA
"8546",450798,2014-04-05,"Norwich","West Brom","West Brom",NA,NA
"8547",450799,2014-04-05,"Cardiff","Crystal Palace","Crystal Palace",NA,NA
"8548",450800,2014-04-05,"Hull","Swansea","Hull",NA,NA
"8549",450801,2014-04-05,"Chelsea","Stoke City","Chelsea",NA,NA
"8550",450802,2014-04-06,"Everton","Arsenal","Everton",NA,NA
"8551",450803,2014-04-06,"West Ham","Liverpool","Liverpool",NA,NA
"8552",450804,2014-04-07,"Tottenham","Sunderland","Tottenham",NA,NA
"8553",450805,2014-04-12,"Southampton","Cardiff","Cardiff",NA,NA
"8554",450806,2014-04-12,"Stoke City","Newcastle","Stoke City",NA,NA
"8555",450807,2014-04-12,"Sunderland","Everton","Everton",NA,NA
"8556",450808,2014-04-12,"Crystal Palace","Aston Villa","Crystal Palace",NA,NA
"8557",450809,2014-04-12,"Fulham","Norwich","Fulham",NA,NA
"8558",450810,2014-04-12,"West Brom","Tottenham",NA,"West Brom","Tottenham"
"8559",450811,2014-04-13,"Liverpool","Manchester City","Liverpool",NA,NA
"8560",450812,2014-04-13,"Swansea","Chelsea","Chelsea",NA,NA
"8561",450813,2014-04-15,"Arsenal","West Ham","Arsenal",NA,NA
"8562",450814,2014-04-16,"Everton","Crystal Palace","Crystal Palace",NA,NA
"8563",450815,2014-04-16,"Manchester City","Sunderland",NA,"Manchester City","Sunderland"
"8564",450816,2014-04-19,"Tottenham","Fulham","Tottenham",NA,NA
"8565",450817,2014-04-19,"Newcastle","Swansea","Swansea",NA,NA
"8566",450818,2014-04-19,"Cardiff","Stoke City",NA,"Cardiff","Stoke City"
"8567",450819,2014-04-19,"West Ham","Crystal Palace","Crystal Palace",NA,NA
"8568",450820,2014-04-19,"Aston Villa","Southampton",NA,"Aston Villa","Southampton"
"8569",450821,2014-04-19,"Chelsea","Sunderland","Sunderland",NA,NA
"8570",450822,2014-04-20,"Norwich","Liverpool","Liverpool",NA,NA
"8571",450823,2014-04-20,"Hull","Arsenal","Arsenal",NA,NA
"8572",450824,2014-04-20,"Everton","Manchester United","Everton",NA,NA
"8573",450825,2014-04-21,"Manchester City","West Brom","Manchester City",NA,NA
"8574",450826,2014-04-26,"Southampton","Everton","Southampton",NA,NA
"8575",450827,2014-04-26,"Stoke City","Tottenham Hotspur","Tottenham Hotspur",NA,NA
"8576",450828,2014-04-26,"Fulham","Hull",NA,"Fulham","Hull"
"8577",450829,2014-04-26,"Swansea","Aston Villa","Swansea",NA,NA
"8578",450830,2014-04-26,"West Brom","West Ham","West Brom",NA,NA
"8579",450831,2014-04-26,"Manchester United","Norwich","Manchester United",NA,NA
"8580",450832,2014-04-27,"Sunderland","Cardiff","Sunderland",NA,NA
"8581",450833,2014-04-27,"Liverpool","Chelsea","Chelsea",NA,NA
"8582",450834,2014-04-27,"Crystal Palace","Manchester City","Manchester City",NA,NA
"8583",450835,2014-04-28,"Arsenal","Newcastle","Arsenal",NA,NA
"8584",450836,2014-05-03,"West Ham","Tottenham","West Ham",NA,NA
"8585",450837,2014-05-03,"Aston Villa","Hull","Aston Villa",NA,NA
"8586",450838,2014-05-03,"Manchester United","Sunderland","Sunderland",NA,NA
"8587",450839,2014-05-03,"Newcastle","Cardiff","Newcastle",NA,NA
"8588",450840,2014-05-03,"Swansea","Southampton","Southampton",NA,NA
"8589",450841,2014-05-03,"Stoke City","Fulham","Stoke City",NA,NA
"8590",450842,2014-05-03,"Everton","Manchester City","Manchester City",NA,NA
"8591",450843,2014-05-04,"Arsenal","West Brom","Arsenal",NA,NA
"8592",450844,2014-05-04,"Chelsea","Norwich",NA,"Chelsea","Norwich"
"8593",450845,2014-05-05,"Crystal Palace","Liverpool",NA,"Crystal Palace","Liverpool"
"8594",450846,2014-05-06,"Manchester United","Hull","Manchester United",NA,NA
"8595",450848,2014-05-07,"Sunderland","West Brom","Sunderland",NA,NA
"8596",450847,2014-05-07,"Manchester City","Aston Villa","Manchester City",NA,NA
"8597",450849,2014-05-11,"Norwich","Arsenal","Arsenal",NA,NA
"8598",450850,2014-05-11,"Southampton","Manchester United",NA,"Southampton","Manchester United"
"8599",450851,2014-05-11,"Cardiff","Chelsea","Chelsea",NA,NA
"8600",450852,2014-05-11,"Sunderland","Swansea","Swansea",NA,NA
"8601",450853,2014-05-11,"Fulham","Crystal Palace",NA,"Fulham","Crystal Palace"
"8602",450854,2014-05-11,"Tottenham","Aston Villa","Tottenham",NA,NA
"8603",450855,2014-05-11,"Hull","Everton","Everton",NA,NA
"8604",450856,2014-05-11,"West Brom","Stoke City","Stoke City",NA,NA
"8605",450857,2014-05-11,"Liverpool","Newcastle","Liverpool",NA,NA
"8606",450858,2014-05-11,"Manchester City","West Ham","Manchester City",NA,NA
"8607",441425,2014-08-16,"West Ham","Tottenham","Tottenham",NA,NA
"8608",441426,2014-08-16,"West Brom","Sunderland",NA,"West Brom","Sunderland"
"8609",441427,2014-08-16,"Stoke City","Aston Villa","Aston Villa",NA,NA
"8610",441428,2014-08-16,"QPR","Hull","Hull",NA,NA
"8611",441429,2014-08-16,"Leicester","Everton",NA,"Leicester","Everton"
"8612",441430,2014-08-16,"Arsenal","Crystal Palace","Arsenal",NA,NA
"8613",480008,2014-08-16,"Manchester United","Swansea","Swansea",NA,NA
"8614",441431,2014-08-17,"Liverpool","Southampton","Liverpool",NA,NA
"8615",441432,2014-08-17,"Newcastle","Manchester City","Manchester City",NA,NA
"8616",441433,2014-08-18,"Burnley","Chelsea","Chelsea",NA,NA
"8617",441434,2014-08-23,"Aston Villa","Newcastle",NA,"Aston Villa","Newcastle"
"8618",441435,2014-08-23,"Chelsea","Leicester","Chelsea",NA,NA
"8619",441436,2014-08-23,"Swansea","Burnley","Swansea",NA,NA
"8620",441437,2014-08-23,"Crystal Palace","West Ham","West Ham",NA,NA
"8621",441438,2014-08-23,"Southampton","West Brom",NA,"Southampton","West Brom"
"8622",441439,2014-08-23,"Everton","Arsenal",NA,"Everton","Arsenal"
"8623",441440,2014-08-24,"Tottenham","QPR","Tottenham",NA,NA
"8624",441441,2014-08-24,"Hull","Stoke City",NA,"Hull","Stoke City"
"8625",441442,2014-08-24,"Sunderland","Manchester United",NA,"Sunderland","Manchester United"
"8626",441443,2014-08-25,"Manchester City","Liverpool","Manchester City",NA,NA
"8627",441444,2014-08-30,"Burnley","Manchester United",NA,"Burnley","Manchester United"
"8628",441445,2014-08-30,"Manchester City","Stoke City","Stoke City",NA,NA
"8629",441446,2014-08-30,"Swansea","West Brom","Swansea",NA,NA
"8630",441447,2014-08-30,"Newcastle","Crystal Palace",NA,"Newcastle","Crystal Palace"
"8631",441448,2014-08-30,"QPR","Sunderland","QPR",NA,NA
"8632",441449,2014-08-30,"West Ham","Southampton","Southampton",NA,NA
"8633",441450,2014-08-30,"Everton","Chelsea","Chelsea",NA,NA
"8634",441451,2014-08-31,"Tottenham","Liverpool","Liverpool",NA,NA
"8635",441452,2014-08-31,"Aston Villa","Hull","Aston Villa",NA,NA
"8636",441453,2014-08-31,"Leicester","Arsenal",NA,"Leicester","Arsenal"
"8637",441454,2014-09-13,"Arsenal","Manchester City",NA,"Arsenal","Manchester City"
"8638",441455,2014-09-13,"Crystal Palace","Burnley",NA,"Crystal Palace","Burnley"
"8639",441456,2014-09-13,"Chelsea","Swansea","Chelsea",NA,NA
"8640",441457,2014-09-13,"Southampton","Newcastle","Southampton",NA,NA
"8641",441458,2014-09-13,"West Brom","Everton","Everton",NA,NA
"8642",441459,2014-09-13,"Sunderland","Tottenham",NA,"Sunderland","Tottenham"
"8643",441460,2014-09-13,"Stoke City","Leicester","Leicester",NA,NA
"8644",441461,2014-09-13,"Liverpool","Aston Villa","Aston Villa",NA,NA
"8645",441462,2014-09-14,"Manchester United","QPR","Manchester United",NA,NA
"8646",441463,2014-09-15,"Hull","West Ham",NA,"Hull","West Ham"
"8647",441464,2014-09-20,"QPR","Stoke City",NA,"QPR","Stoke City"
"8648",441465,2014-09-20,"Newcastle","Hull",NA,"Newcastle","Hull"
"8649",441466,2014-09-20,"Burnley","Sunderland",NA,"Burnley","Sunderland"
"8650",441467,2014-09-20,"Aston Villa","Arsenal","Arsenal",NA,NA
"8651",441468,2014-09-20,"Swansea","Southampton","Southampton",NA,NA
"8652",441469,2014-09-20,"West Ham","Liverpool","West Ham",NA,NA
"8653",441470,2014-09-21,"Tottenham","West Brom","West Brom",NA,NA
"8654",441471,2014-09-21,"Leicester","Manchester United","Leicester",NA,NA
"8655",441472,2014-09-21,"Everton","Crystal Palace","Crystal Palace",NA,NA
"8656",441473,2014-09-21,"Manchester City","Chelsea",NA,"Manchester City","Chelsea"
"8657",441474,2014-09-27,"Liverpool","Everton",NA,"Liverpool","Everton"
"8658",441475,2014-09-27,"Chelsea","Aston Villa","Chelsea",NA,NA
"8659",441476,2014-09-27,"Sunderland","Swansea",NA,"Sunderland","Swansea"
"8660",441477,2014-09-27,"Southampton","QPR","Southampton",NA,NA
"8661",441478,2014-09-27,"Manchester United","West Ham","Manchester United",NA,NA
"8662",441479,2014-09-27,"Hull","Manchester City","Manchester City",NA,NA
"8663",441480,2014-09-27,"Crystal Palace","Leicester","Crystal Palace",NA,NA
"8664",441481,2014-09-27,"Arsenal","Tottenham",NA,"Arsenal","Tottenham"
"8665",441482,2014-09-28,"West Brom","Burnley","West Brom",NA,NA
"8666",441483,2014-09-29,"Stoke City","Newcastle","Stoke City",NA,NA
"8667",441484,2014-10-04,"Swansea","Newcastle",NA,"Swansea","Newcastle"
"8668",441485,2014-10-04,"Hull","Crystal Palace","Hull",NA,NA
"8669",441486,2014-10-04,"Leicester","Burnley",NA,"Leicester","Burnley"
"8670",441487,2014-10-04,"Liverpool","West Brom","Liverpool",NA,NA
"8671",441488,2014-10-04,"Sunderland","Stoke City","Sunderland",NA,NA
"8672",441489,2014-10-04,"Aston Villa","Manchester City","Manchester City",NA,NA
"8673",441490,2014-10-05,"Manchester United","Everton","Manchester United",NA,NA
"8674",441491,2014-10-05,"Tottenham","Southampton","Tottenham",NA,NA
"8675",441492,2014-10-05,"Chelsea","Arsenal","Chelsea",NA,NA
"8676",441493,2014-10-05,"West Ham","QPR","West Ham",NA,NA
"8677",441494,2014-10-18,"Manchester City","Tottenham","Manchester City",NA,NA
"8678",441495,2014-10-18,"Arsenal","Hull",NA,"Arsenal","Hull"
"8679",441496,2014-10-18,"Everton","Aston Villa","Everton",NA,NA
"8680",441497,2014-10-18,"Southampton","Sunderland","Southampton",NA,NA
"8681",441498,2014-10-18,"Crystal Palace","Chelsea","Chelsea",NA,NA
"8682",441499,2014-10-18,"Burnley","West Ham","West Ham",NA,NA
"8683",441500,2014-10-18,"Newcastle","Leicester","Newcastle",NA,NA
"8684",441501,2014-10-19,"QPR","Liverpool","Liverpool",NA,NA
"8685",441502,2014-10-19,"Stoke City","Swansea","Stoke City",NA,NA
"8686",441503,2014-10-20,"West Brom","Manchester United",NA,"West Brom","Manchester United"
"8687",441504,2014-10-25,"West Ham","Manchester City","West Ham",NA,NA
"8688",441505,2014-10-25,"Sunderland","Arsenal","Arsenal",NA,NA
"8689",441506,2014-10-25,"Liverpool","Hull",NA,"Liverpool","Hull"
"8690",441507,2014-10-25,"West Brom","Crystal Palace",NA,"West Brom","Crystal Palace"
"8691",441508,2014-10-25,"Southampton","Stoke City","Southampton",NA,NA
"8692",441509,2014-10-25,"Swansea","Leicester","Swansea",NA,NA
"8693",441510,2014-10-26,"Tottenham","Newcastle","Newcastle",NA,NA
"8694",441511,2014-10-26,"Burnley","Everton","Everton",NA,NA
"8695",441512,2014-10-26,"Manchester United","Chelsea",NA,"Manchester United","Chelsea"
"8696",441513,2014-10-27,"QPR","Aston Villa","QPR",NA,NA
"8697",441514,2014-11-01,"Newcastle","Liverpool","Newcastle",NA,NA
"8698",441515,2014-11-01,"Stoke City","West Ham",NA,"Stoke City","West Ham"
"8699",441516,2014-11-01,"Arsenal","Burnley","Arsenal",NA,NA
"8700",441517,2014-11-01,"Everton","Swansea",NA,"Everton","Swansea"
"8701",441518,2014-11-01,"Hull","Southampton","Southampton",NA,NA
"8702",441519,2014-11-01,"Leicester","West Brom","West Brom",NA,NA
"8703",441520,2014-11-01,"Chelsea","QPR","Chelsea",NA,NA
"8704",441521,2014-11-02,"Manchester City","Manchester United","Manchester City",NA,NA
"8705",441522,2014-11-02,"Aston Villa","Tottenham","Tottenham",NA,NA
"8706",441523,2014-11-03,"Crystal Palace","Sunderland","Sunderland",NA,NA
"8707",441524,2014-11-08,"Liverpool","Chelsea","Chelsea",NA,NA
"8708",441525,2014-11-08,"Manchester United","Crystal Palace","Manchester United",NA,NA
"8709",441526,2014-11-08,"Burnley","Hull","Burnley",NA,NA
"8710",441527,2014-11-08,"Southampton","Leicester","Southampton",NA,NA
"8711",441528,2014-11-08,"West Ham","Aston Villa",NA,"West Ham","Aston Villa"
"8712",441529,2014-11-08,"QPR","Manchester City",NA,"QPR","Manchester City"
"8713",441530,2014-11-09,"West Brom","Newcastle","Newcastle",NA,NA
"8714",441531,2014-11-09,"Tottenham","Stoke City","Stoke City",NA,NA
"8715",441532,2014-11-09,"Sunderland","Everton",NA,"Sunderland","Everton"
"8716",441533,2014-11-09,"Swansea","Arsenal","Swansea",NA,NA
"8717",441534,2014-11-22,"Leicester","Sunderland",NA,"Leicester","Sunderland"
"8718",441535,2014-11-22,"Newcastle","QPR","Newcastle",NA,NA
"8719",441536,2014-11-22,"Stoke City","Burnley","Burnley",NA,NA
"8720",441537,2014-11-22,"Chelsea","West Brom","Chelsea",NA,NA
"8721",441538,2014-11-22,"Manchester City","Swansea","Manchester City",NA,NA
"8722",441539,2014-11-22,"Everton","West Ham","Everton",NA,NA
"8723",441540,2014-11-22,"Arsenal","Manchester United","Manchester United",NA,NA
"8724",441541,2014-11-23,"Crystal Palace","Liverpool","Crystal Palace",NA,NA
"8725",441542,2014-11-23,"Hull","Tottenham","Tottenham",NA,NA
"8726",441543,2014-11-24,"Aston Villa","Southampton",NA,"Aston Villa","Southampton"
"8727",441544,2014-11-29,"West Brom","Arsenal","Arsenal",NA,NA
"8728",441545,2014-11-29,"Swansea","Crystal Palace",NA,"Swansea","Crystal Palace"
"8729",441546,2014-11-29,"Liverpool","Stoke City","Liverpool",NA,NA
"8730",441547,2014-11-29,"Burnley","Aston Villa",NA,"Burnley","Aston Villa"
"8731",441548,2014-11-29,"Manchester United","Hull","Manchester United",NA,NA
"8732",441549,2014-11-29,"QPR","Leicester","QPR",NA,NA
"8733",441550,2014-11-29,"West Ham","Newcastle","West Ham",NA,NA
"8734",441551,2014-11-29,"Sunderland","Chelsea",NA,"Sunderland","Chelsea"
"8735",441552,2014-11-30,"Southampton","Manchester City","Manchester City",NA,NA
"8736",441553,2014-11-30,"Tottenham","Everton","Tottenham",NA,NA
"8737",441554,2014-12-02,"Leicester","Liverpool","Liverpool",NA,NA
"8738",441555,2014-12-02,"Swansea","QPR","Swansea",NA,NA
"8739",441556,2014-12-02,"Manchester United","Stoke City","Manchester United",NA,NA
"8740",441557,2014-12-02,"Burnley","Newcastle",NA,"Burnley","Newcastle"
"8741",441558,2014-12-02,"West Brom","West Ham","West Ham",NA,NA
"8742",441559,2014-12-02,"Crystal Palace","Aston Villa","Aston Villa",NA,NA
"8743",441560,2014-12-03,"Arsenal","Southampton","Arsenal",NA,NA
"8744",441561,2014-12-03,"Everton","Hull",NA,"Everton","Hull"
"8745",441562,2014-12-03,"Chelsea","Tottenham","Chelsea",NA,NA
"8746",441563,2014-12-03,"Sunderland","Manchester City","Manchester City",NA,NA
"8747",441564,2014-12-06,"Newcastle","Chelsea","Newcastle",NA,NA
"8748",441565,2014-12-06,"Liverpool","Sunderland",NA,"Liverpool","Sunderland"
"8749",441566,2014-12-06,"Tottenham","Crystal Palace",NA,"Tottenham","Crystal Palace"
"8750",441567,2014-12-06,"Stoke City","Arsenal","Stoke City",NA,NA
"8751",441568,2014-12-06,"Hull","West Brom",NA,"Hull","West Brom"
"8752",441569,2014-12-06,"QPR","Burnley","QPR",NA,NA
"8753",441570,2014-12-06,"Manchester City","Everton","Manchester City",NA,NA
"8754",441571,2014-12-07,"West Ham","Swansea","West Ham",NA,NA
"8755",441572,2014-12-07,"Aston Villa","Leicester","Aston Villa",NA,NA
"8756",441573,2014-12-08,"Southampton","Manchester United","Manchester United",NA,NA
"8757",441574,2014-12-13,"Sunderland","West Ham",NA,"Sunderland","West Ham"
"8758",441575,2014-12-13,"Leicester","Manchester City","Manchester City",NA,NA
"8759",441576,2014-12-13,"Burnley","Southampton","Burnley",NA,NA
"8760",441577,2014-12-13,"Chelsea","Hull","Chelsea",NA,NA
"8761",441578,2014-12-13,"West Brom","Aston Villa","West Brom",NA,NA
"8762",441579,2014-12-13,"Crystal Palace","Stoke City",NA,"Crystal Palace","Stoke City"
"8763",441580,2014-12-13,"Arsenal","Newcastle","Arsenal",NA,NA
"8764",441581,2014-12-14,"Manchester United","Liverpool","Manchester United",NA,NA
"8765",441582,2014-12-14,"Swansea","Tottenham","Tottenham",NA,NA
"8766",441583,2014-12-15,"Everton","QPR","Everton",NA,NA
"8767",441584,2014-12-20,"Manchester City","Crystal Palace","Manchester City",NA,NA
"8768",441585,2014-12-20,"West Ham","Leicester","West Ham",NA,NA
"8769",441586,2014-12-20,"QPR","West Brom","QPR",NA,NA
"8770",441587,2014-12-20,"Hull","Swansea","Swansea",NA,NA
"8771",441588,2014-12-20,"Southampton","Everton","Southampton",NA,NA
"8772",441589,2014-12-20,"Aston Villa","Manchester United",NA,"Aston Villa","Manchester United"
"8773",441590,2014-12-20,"Tottenham","Burnley","Tottenham",NA,NA
"8774",441591,2014-12-21,"Newcastle","Sunderland","Sunderland",NA,NA
"8775",441592,2014-12-21,"Liverpool","Arsenal",NA,"Liverpool","Arsenal"
"8776",441593,2014-12-22,"Stoke City","Chelsea","Chelsea",NA,NA
"8777",441594,2014-12-26,"Chelsea","West Ham","Chelsea",NA,NA
"8778",441595,2014-12-26,"Leicester","Tottenham","Tottenham",NA,NA
"8779",441596,2014-12-26,"Everton","Stoke City","Stoke City",NA,NA
"8780",441597,2014-12-26,"Crystal Palace","Southampton","Southampton",NA,NA
"8781",441598,2014-12-26,"Swansea","Aston Villa","Swansea",NA,NA
"8782",441599,2014-12-26,"Sunderland","Hull","Hull",NA,NA
"8783",441600,2014-12-26,"West Brom","Manchester City","Manchester City",NA,NA
"8784",441601,2014-12-26,"Manchester United","Newcastle","Manchester United",NA,NA
"8785",441602,2014-12-26,"Burnley","Liverpool","Liverpool",NA,NA
"8786",441603,2014-12-26,"Arsenal","QPR","Arsenal",NA,NA
"8787",441604,2014-12-28,"Tottenham","Manchester United",NA,"Tottenham","Manchester United"
"8788",441605,2014-12-28,"Southampton","Chelsea",NA,"Southampton","Chelsea"
"8789",441606,2014-12-28,"Manchester City","Burnley",NA,"Manchester City","Burnley"
"8790",441607,2014-12-28,"Stoke City","West Brom","Stoke City",NA,NA
"8791",441608,2014-12-28,"QPR","Crystal Palace",NA,"QPR","Crystal Palace"
"8792",441609,2014-12-28,"Hull","Leicester","Leicester",NA,NA
"8793",441610,2014-12-28,"Aston Villa","Sunderland",NA,"Aston Villa","Sunderland"
"8794",441611,2014-12-28,"West Ham","Arsenal","Arsenal",NA,NA
"8795",441612,2014-12-28,"Newcastle","Everton","Newcastle",NA,NA
"8796",441613,2014-12-29,"Liverpool","Swansea","Liverpool",NA,NA
"8797",441614,2015-01-01,"Stoke City","Manchester United",NA,"Stoke City","Manchester United"
"8798",441615,2015-01-01,"West Ham","West Brom",NA,"West Ham","West Brom"
"8799",441616,2015-01-01,"Manchester City","Sunderland","Manchester City",NA,NA
"8800",441617,2015-01-01,"QPR","Swansea",NA,"QPR","Swansea"
"8801",441618,2015-01-01,"Southampton","Arsenal","Southampton",NA,NA
"8802",441619,2015-01-01,"Newcastle","Burnley",NA,"Newcastle","Burnley"
"8803",441620,2015-01-01,"Aston Villa","Crystal Palace",NA,"Aston Villa","Crystal Palace"
"8804",441621,2015-01-01,"Liverpool","Leicester",NA,"Liverpool","Leicester"
"8805",441622,2015-01-01,"Hull","Everton","Hull",NA,NA
"8806",441623,2015-01-01,"Tottenham","Chelsea","Tottenham",NA,NA
"8807",441624,2015-01-10,"Sunderland","Liverpool","Liverpool",NA,NA
"8808",441625,2015-01-10,"West Brom","Hull","West Brom",NA,NA
"8809",441626,2015-01-10,"Chelsea","Newcastle","Chelsea",NA,NA
"8810",441627,2015-01-10,"Swansea","West Ham",NA,"Swansea","West Ham"
"8811",441628,2015-01-10,"Leicester","Aston Villa","Leicester",NA,NA
"8812",441629,2015-01-10,"Everton","Manchester City",NA,"Everton","Manchester City"
"8813",441630,2015-01-10,"Burnley","QPR","Burnley",NA,NA
"8814",441631,2015-01-10,"Crystal Palace","Tottenham","Crystal Palace",NA,NA
"8815",441632,2015-01-11,"Arsenal","Stoke City","Arsenal",NA,NA
"8816",441633,2015-01-11,"Manchester United","Southampton","Southampton",NA,NA
"8817",441634,2015-01-17,"Burnley","Crystal Palace","Crystal Palace",NA,NA
"8818",441635,2015-01-17,"QPR","Manchester United","Manchester United",NA,NA
"8819",441636,2015-01-17,"Swansea","Chelsea","Chelsea",NA,NA
"8820",441637,2015-01-17,"Leicester","Stoke City","Stoke City",NA,NA
"8821",441638,2015-01-17,"Tottenham","Sunderland","Tottenham",NA,NA
"8822",441639,2015-01-17,"Aston Villa","Liverpool","Liverpool",NA,NA
"8823",441640,2015-01-17,"Newcastle","Southampton","Southampton",NA,NA
"8824",441641,2015-01-18,"West Ham","Hull","West Ham",NA,NA
"8825",441642,2015-01-18,"Manchester City","Arsenal","Arsenal",NA,NA
"8826",441643,2015-01-19,"Everton","West Brom",NA,"Everton","West Brom"
"8827",441644,2015-01-31,"Hull","Newcastle","Newcastle",NA,NA
"8828",441645,2015-01-31,"Manchester United","Leicester","Manchester United",NA,NA
"8829",441646,2015-01-31,"Sunderland","Burnley","Sunderland",NA,NA
"8830",441647,2015-01-31,"Crystal Palace","Everton","Everton",NA,NA
"8831",441648,2015-01-31,"West Brom","Tottenham","Tottenham",NA,NA
"8832",441649,2015-01-31,"Stoke City","QPR","Stoke City",NA,NA
"8833",441650,2015-01-31,"Liverpool","West Ham","Liverpool",NA,NA
"8834",441651,2015-01-31,"Chelsea","Manchester City",NA,"Chelsea","Manchester City"
"8835",441652,2015-02-01,"Arsenal","Aston Villa","Arsenal",NA,NA
"8836",441653,2015-02-01,"Southampton","Swansea","Swansea",NA,NA
"8837",441654,2015-02-07,"Tottenham","Arsenal","Tottenham",NA,NA
"8838",441655,2015-02-07,"Manchester City","Hull",NA,"Manchester City","Hull"
"8839",441656,2015-02-07,"Leicester","Crystal Palace","Crystal Palace",NA,NA
"8840",441657,2015-02-07,"Swansea","Sunderland",NA,"Swansea","Sunderland"
"8841",441658,2015-02-07,"QPR","Southampton","Southampton",NA,NA
"8842",441659,2015-02-07,"Aston Villa","Chelsea","Chelsea",NA,NA
"8843",441660,2015-02-07,"Everton","Liverpool",NA,"Everton","Liverpool"
"8844",441661,2015-02-08,"Burnley","West Brom",NA,"Burnley","West Brom"
"8845",441662,2015-02-08,"Newcastle","Stoke City",NA,"Newcastle","Stoke City"
"8846",441663,2015-02-08,"West Ham","Manchester United",NA,"West Ham","Manchester United"
"8847",441664,2015-02-10,"Hull","Aston Villa","Hull",NA,NA
"8848",441665,2015-02-10,"Arsenal","Leicester","Arsenal",NA,NA
"8849",441666,2015-02-10,"Sunderland","QPR","QPR",NA,NA
"8850",441667,2015-02-10,"Liverpool","Tottenham","Liverpool",NA,NA
"8851",441668,2015-02-11,"Southampton","West Ham",NA,"Southampton","West Ham"
"8852",441669,2015-02-11,"Manchester United","Burnley","Manchester United",NA,NA
"8853",441670,2015-02-11,"Stoke City","Manchester City","Manchester City",NA,NA
"8854",441671,2015-02-11,"Chelsea","Everton","Chelsea",NA,NA
"8855",441672,2015-02-11,"West Brom","Swansea","West Brom",NA,NA
"8856",441673,2015-02-11,"Crystal Palace","Newcastle",NA,"Crystal Palace","Newcastle"
"8857",441674,2015-02-21,"Sunderland","West Brom",NA,"Sunderland","West Brom"
"8858",441675,2015-02-21,"Hull","QPR","Hull",NA,NA
"8859",441676,2015-02-21,"Swansea","Manchester United","Swansea",NA,NA
"8860",441677,2015-02-21,"Chelsea","Burnley",NA,"Chelsea","Burnley"
"8861",441678,2015-02-21,"Crystal Palace","Arsenal","Arsenal",NA,NA
"8862",441679,2015-02-21,"Aston Villa","Stoke City","Stoke City",NA,NA
"8863",441680,2015-02-21,"Manchester City","Newcastle","Manchester City",NA,NA
"8864",441681,2015-02-22,"Tottenham","West Ham",NA,"Tottenham","West Ham"
"8865",441682,2015-02-22,"Everton","Leicester",NA,"Everton","Leicester"
"8866",441683,2015-02-22,"Southampton","Liverpool","Liverpool",NA,NA
"8867",441684,2015-02-28,"West Ham","Crystal Palace","Crystal Palace",NA,NA
"8868",441685,2015-02-28,"Newcastle","Aston Villa","Newcastle",NA,NA
"8869",441686,2015-02-28,"West Brom","Southampton","West Brom",NA,NA
"8870",441687,2015-02-28,"Stoke City","Hull","Stoke City",NA,NA
"8871",441688,2015-02-28,"Burnley","Swansea","Swansea",NA,NA
"8872",441689,2015-02-28,"Manchester United","Sunderland","Manchester United",NA,NA
"8873",441691,2015-03-01,"Liverpool","Manchester City","Liverpool",NA,NA
"8874",441692,2015-03-01,"Arsenal","Everton","Arsenal",NA,NA
"8875",441695,2015-03-03,"Southampton","Crystal Palace","Southampton",NA,NA
"8876",441696,2015-03-03,"Hull","Sunderland",NA,"Hull","Sunderland"
"8877",441697,2015-03-03,"Aston Villa","West Brom","Aston Villa",NA,NA
"8878",441694,2015-03-04,"West Ham","Chelsea","Chelsea",NA,NA
"8879",441698,2015-03-04,"QPR","Arsenal","Arsenal",NA,NA
"8880",441699,2015-03-04,"Stoke City","Everton","Stoke City",NA,NA
"8881",441700,2015-03-04,"Manchester City","Leicester","Manchester City",NA,NA
"8882",441701,2015-03-04,"Tottenham","Swansea","Tottenham",NA,NA
"8883",441702,2015-03-04,"Newcastle","Manchester United","Manchester United",NA,NA
"8884",441703,2015-03-04,"Liverpool","Burnley","Liverpool",NA,NA
"8885",441693,2015-03-07,"QPR","Tottenham","Tottenham",NA,NA
"8886",441705,2015-03-14,"Sunderland","Aston Villa","Aston Villa",NA,NA
"8887",441706,2015-03-14,"Burnley","Manchester City","Burnley",NA,NA
"8888",441707,2015-03-14,"West Brom","Stoke City","West Brom",NA,NA
"8889",441708,2015-03-14,"Arsenal","West Ham","Arsenal",NA,NA
"8890",441712,2015-03-14,"Crystal Palace","QPR","Crystal Palace",NA,NA
"8891",441713,2015-03-14,"Leicester","Hull",NA,"Leicester","Hull"
"8892",441704,2015-03-15,"Chelsea","Southampton",NA,"Chelsea","Southampton"
"8893",441710,2015-03-15,"Manchester United","Tottenham","Manchester United",NA,NA
"8894",441711,2015-03-15,"Everton","Newcastle","Everton",NA,NA
"8895",441709,2015-03-16,"Swansea","Liverpool","Liverpool",NA,NA
"8896",441714,2015-03-21,"Aston Villa","Swansea","Swansea",NA,NA
"8897",441716,2015-03-21,"Southampton","Burnley","Southampton",NA,NA
"8898",441718,2015-03-21,"Stoke City","Crystal Palace","Crystal Palace",NA,NA
"8899",441719,2015-03-21,"Manchester City","West Brom","Manchester City",NA,NA
"8900",441720,2015-03-21,"West Ham","Sunderland","West Ham",NA,NA
"8901",441722,2015-03-21,"Tottenham","Leicester","Tottenham",NA,NA
"8902",441723,2015-03-21,"Newcastle","Arsenal","Arsenal",NA,NA
"8903",441715,2015-03-22,"QPR","Everton","Everton",NA,NA
"8904",441717,2015-03-22,"Liverpool","Manchester United","Manchester United",NA,NA
"8905",441721,2015-03-22,"Hull","Chelsea","Chelsea",NA,NA
"8906",441724,2015-04-04,"Everton","Southampton","Everton",NA,NA
"8907",441725,2015-04-04,"Chelsea","Stoke City","Chelsea",NA,NA
"8908",441727,2015-04-04,"Arsenal","Liverpool","Arsenal",NA,NA
"8909",441728,2015-04-04,"West Brom","QPR","QPR",NA,NA
"8910",441729,2015-04-04,"Manchester United","Aston Villa","Manchester United",NA,NA
"8911",441730,2015-04-04,"Swansea","Hull","Swansea",NA,NA
"8912",441732,2015-04-04,"Leicester","West Ham","Leicester",NA,NA
"8913",441726,2015-04-05,"Burnley","Tottenham",NA,"Burnley","Tottenham"
"8914",441731,2015-04-05,"Sunderland","Newcastle","Sunderland",NA,NA
"8915",441733,2015-04-06,"Crystal Palace","Manchester City","Crystal Palace",NA,NA
"8916",441753,2015-04-07,"Aston Villa","QPR",NA,"Aston Villa","QPR"
"8917",441734,2015-04-11,"Tottenham","Aston Villa","Aston Villa",NA,NA
"8918",441735,2015-04-11,"Swansea","Everton",NA,"Swansea","Everton"
"8919",441736,2015-04-11,"Burnley","Arsenal","Arsenal",NA,NA
"8920",441737,2015-04-11,"West Ham","Stoke City",NA,"West Ham","Stoke City"
"8921",441738,2015-04-11,"Sunderland","Crystal Palace","Crystal Palace",NA,NA
"8922",441740,2015-04-11,"West Brom","Leicester","Leicester",NA,NA
"8923",441741,2015-04-11,"Southampton","Hull","Southampton",NA,NA
"8924",441742,2015-04-12,"QPR","Chelsea","Chelsea",NA,NA
"8925",441743,2015-04-12,"Manchester United","Manchester City","Manchester United",NA,NA
"8926",441739,2015-04-13,"Liverpool","Newcastle","Liverpool",NA,NA
"8927",441747,2015-04-18,"Crystal Palace","West Brom","West Brom",NA,NA
"8928",441748,2015-04-18,"Everton","Burnley","Everton",NA,NA
"8929",441749,2015-04-18,"Stoke City","Southampton","Stoke City",NA,NA
"8930",441750,2015-04-18,"Chelsea","Manchester United","Chelsea",NA,NA
"8931",441751,2015-04-18,"Leicester","Swansea","Leicester",NA,NA
"8932",441744,2015-04-19,"Manchester City","West Ham","Manchester City",NA,NA
"8933",441752,2015-04-19,"Newcastle","Tottenham","Tottenham",NA,NA
"8934",441754,2015-04-25,"Manchester City","Aston Villa","Manchester City",NA,NA
"8935",441757,2015-04-25,"QPR","West Ham",NA,"QPR","West Ham"
"8936",441758,2015-04-25,"Burnley","Leicester","Leicester",NA,NA
"8937",441759,2015-04-25,"West Brom","Liverpool",NA,"West Brom","Liverpool"
"8938",441760,2015-04-25,"Stoke City","Sunderland",NA,"Stoke City","Sunderland"
"8939",441761,2015-04-25,"Crystal Palace","Hull","Hull",NA,NA
"8940",441762,2015-04-25,"Southampton","Tottenham",NA,"Southampton","Tottenham"
"8941",441763,2015-04-25,"Newcastle","Swansea","Swansea",NA,NA
"8942",441755,2015-04-26,"Everton","Manchester United","Everton",NA,NA
"8943",480006,2015-04-26,"Arsenal","Chelsea",NA,"Arsenal","Chelsea"
"8944",441746,2015-04-28,"Hull","Liverpool","Hull",NA,NA
"8945",480007,2015-04-29,"Leicester","Chelsea","Chelsea",NA,NA
"8946",441765,2015-05-02,"West Ham","Burnley","West Ham",NA,NA
"8947",441766,2015-05-02,"Manchester United","West Brom","West Brom",NA,NA
"8948",441769,2015-05-02,"Sunderland","Southampton","Sunderland",NA,NA
"8949",441770,2015-05-02,"Aston Villa","Everton","Aston Villa",NA,NA
"8950",441771,2015-05-02,"Swansea","Stoke City","Swansea",NA,NA
"8951",441772,2015-05-02,"Leicester","Newcastle","Leicester",NA,NA
"8952",441773,2015-05-02,"Liverpool","QPR","Liverpool",NA,NA
"8953",441767,2015-05-03,"Chelsea","Crystal Palace","Chelsea",NA,NA
"8954",441768,2015-05-03,"Tottenham","Manchester City","Manchester City",NA,NA
"8955",441764,2015-05-04,"Hull","Arsenal","Arsenal",NA,NA
"8956",441774,2015-05-09,"Stoke City","Tottenham","Stoke City",NA,NA
"8957",441775,2015-05-09,"Newcastle","West Brom",NA,"Newcastle","West Brom"
"8958",441777,2015-05-09,"Everton","Sunderland","Sunderland",NA,NA
"8959",441778,2015-05-09,"Leicester","Southampton","Leicester",NA,NA
"8960",441780,2015-05-09,"Hull","Burnley","Burnley",NA,NA
"8961",441781,2015-05-09,"Aston Villa","West Ham","Aston Villa",NA,NA
"8962",441782,2015-05-09,"Crystal Palace","Manchester United","Manchester United",NA,NA
"8963",441776,2015-05-10,"Manchester City","QPR","Manchester City",NA,NA
"8964",441779,2015-05-10,"Chelsea","Liverpool",NA,"Chelsea","Liverpool"
"8965",441783,2015-05-11,"Arsenal","Swansea","Swansea",NA,NA
"8966",441785,2015-05-16,"Tottenham","Hull","Tottenham",NA,NA
"8967",441786,2015-05-16,"Burnley","Stoke City",NA,"Burnley","Stoke City"
"8968",441788,2015-05-16,"Liverpool","Crystal Palace","Crystal Palace",NA,NA
"8969",441790,2015-05-16,"Sunderland","Leicester",NA,"Sunderland","Leicester"
"8970",441791,2015-05-16,"West Ham","Everton","Everton",NA,NA
"8971",441792,2015-05-16,"Southampton","Aston Villa","Southampton",NA,NA
"8972",441793,2015-05-16,"QPR","Newcastle","QPR",NA,NA
"8973",441784,2015-05-17,"Manchester United","Arsenal",NA,"Manchester United","Arsenal"
"8974",441787,2015-05-17,"Swansea","Manchester City","Manchester City",NA,NA
"8975",441789,2015-05-18,"West Brom","Chelsea","West Brom",NA,NA
"8976",441745,2015-05-20,"Arsenal","Sunderland",NA,"Arsenal","Sunderland"
"8977",441794,2015-05-24,"Aston Villa","Burnley","Burnley",NA,NA
"8978",441795,2015-05-24,"Manchester City","Southampton","Manchester City",NA,NA
"8979",441796,2015-05-24,"Chelsea","Sunderland","Chelsea",NA,NA
"8980",441797,2015-05-24,"Newcastle","West Ham","Newcastle",NA,NA
"8981",441798,2015-05-24,"Crystal Palace","Swansea","Crystal Palace",NA,NA
"8982",441799,2015-05-24,"Stoke City","Liverpool","Stoke City",NA,NA
"8983",441800,2015-05-24,"Arsenal","West Brom","Arsenal",NA,NA
"8984",441801,2015-05-24,"Everton","Tottenham","Tottenham",NA,NA
"8985",441802,2015-05-24,"Hull","Manchester United",NA,"Hull","Manchester United"
"8986",441803,2015-05-24,"Leicester","QPR","Leicester",NA,NA
"8987",487438,2015-08-08,"Everton","Watford",NA,"Everton","Watford"
"8988",487439,2015-08-08,"Leicester","Sunderland","Leicester",NA,NA
"8989",487440,2015-08-08,"Manchester United","Tottenham","Manchester United",NA,NA
"8990",487443,2015-08-08,"Norwich","Crystal Palace","Crystal Palace",NA,NA
"8991",487444,2015-08-08,"Bournemouth","Aston Villa","Aston Villa",NA,NA
"8992",487446,2015-08-08,"Chelsea","Swansea",NA,"Chelsea","Swansea"
"8993",487441,2015-08-09,"Newcastle","Southampton",NA,"Newcastle","Southampton"
"8994",487442,2015-08-09,"Arsenal","West Ham","West Ham",NA,NA
"8995",487445,2015-08-09,"Stoke City","Liverpool","Liverpool",NA,NA
"8996",487447,2015-08-10,"West Brom","Manchester City","Manchester City",NA,NA
"8997",487449,2015-08-14,"Aston Villa","Manchester United","Manchester United",NA,NA
"8998",487448,2015-08-15,"Swansea","Newcastle","Swansea",NA,NA
"8999",487450,2015-08-15,"Tottenham","Stoke City",NA,"Tottenham","Stoke City"
"9000",487452,2015-08-15,"Watford","West Brom",NA,"Watford","West Brom"
"9001",487454,2015-08-15,"West Ham","Leicester","Leicester",NA,NA
"9002",487456,2015-08-15,"Southampton","Everton","Everton",NA,NA
"9003",487457,2015-08-15,"Sunderland","Norwich","Norwich",NA,NA
"9004",487451,2015-08-16,"Crystal Palace","Arsenal","Arsenal",NA,NA
"9005",487455,2015-08-16,"Manchester City","Chelsea","Manchester City",NA,NA
"9006",487453,2015-08-17,"Liverpool","Bournemouth","Liverpool",NA,NA
"9007",487458,2015-08-22,"Norwich","Stoke City",NA,"Norwich","Stoke City"
"9008",487459,2015-08-22,"Sunderland","Swansea",NA,"Sunderland","Swansea"
"9009",487462,2015-08-22,"Crystal Palace","Aston Villa","Crystal Palace",NA,NA
"9010",487465,2015-08-22,"West Ham","Bournemouth","Bournemouth",NA,NA
"9011",487466,2015-08-22,"Leicester","Tottenham",NA,"Leicester","Tottenham"
"9012",487467,2015-08-22,"Manchester United","Newcastle",NA,"Manchester United","Newcastle"
"9013",487461,2015-08-23,"Watford","Southampton",NA,"Watford","Southampton"
"9014",487463,2015-08-23,"West Brom","Chelsea","Chelsea",NA,NA
"9015",487464,2015-08-23,"Everton","Manchester City","Manchester City",NA,NA
"9016",487460,2015-08-24,"Arsenal","Liverpool",NA,"Arsenal","Liverpool"
"9017",487469,2015-08-29,"Stoke City","West Brom","West Brom",NA,NA
"9018",487470,2015-08-29,"Bournemouth","Leicester",NA,"Bournemouth","Leicester"
"9019",487472,2015-08-29,"Chelsea","Crystal Palace","Crystal Palace",NA,NA
"9020",487473,2015-08-29,"Tottenham","Everton",NA,"Tottenham","Everton"
"9021",487474,2015-08-29,"Liverpool","West Ham","West Ham",NA,NA
"9022",487475,2015-08-29,"Manchester City","Watford","Manchester City",NA,NA
"9023",487476,2015-08-29,"Aston Villa","Sunderland",NA,"Aston Villa","Sunderland"
"9024",487477,2015-08-29,"Newcastle","Arsenal","Arsenal",NA,NA
"9025",487468,2015-08-30,"Southampton","Norwich","Southampton",NA,NA
"9026",487471,2015-08-30,"Swansea","Manchester United","Swansea",NA,NA
"9027",487480,2015-09-12,"Manchester United","Liverpool","Manchester United",NA,NA
"9028",487481,2015-09-12,"Norwich","Bournemouth","Norwich",NA,NA
"9029",487483,2015-09-12,"Arsenal","Stoke City","Arsenal",NA,NA
"9030",487484,2015-09-12,"Watford","Swansea","Watford",NA,NA
"9031",487485,2015-09-12,"Crystal Palace","Manchester City","Manchester City",NA,NA
"9032",487486,2015-09-12,"West Brom","Southampton",NA,"West Brom","Southampton"
"9033",487487,2015-09-12,"Everton","Chelsea","Everton",NA,NA
"9034",487479,2015-09-13,"Leicester","Aston Villa","Leicester",NA,NA
"9035",487482,2015-09-13,"Sunderland","Tottenham","Tottenham",NA,NA
"9036",487478,2015-09-14,"West Ham","Newcastle","West Ham",NA,NA
"9037",487488,2015-09-19,"Newcastle","Watford","Watford",NA,NA
"9038",487490,2015-09-19,"Aston Villa","West Brom","West Brom",NA,NA
"9039",487491,2015-09-19,"Stoke City","Leicester",NA,"Stoke City","Leicester"
"9040",487492,2015-09-19,"Bournemouth","Sunderland","Bournemouth",NA,NA
"9041",487493,2015-09-19,"Swansea","Everton",NA,"Swansea","Everton"
"9042",487494,2015-09-19,"Chelsea","Arsenal","Chelsea",NA,NA
"9043",487497,2015-09-19,"Manchester City","West Ham","West Ham",NA,NA
"9044",487489,2015-09-20,"Southampton","Manchester United","Manchester United",NA,NA
"9045",487495,2015-09-20,"Tottenham","Crystal Palace","Tottenham",NA,NA
"9046",487496,2015-09-20,"Liverpool","Norwich",NA,"Liverpool","Norwich"
"9047",487499,2015-09-26,"Manchester United","Sunderland","Manchester United",NA,NA
"9048",487500,2015-09-26,"West Ham","Norwich",NA,"West Ham","Norwich"
"9049",487501,2015-09-26,"Newcastle","Chelsea",NA,"Newcastle","Chelsea"
"9050",487502,2015-09-26,"Southampton","Swansea","Southampton",NA,NA
"9051",487503,2015-09-26,"Stoke City","Bournemouth","Stoke City",NA,NA
"9052",487504,2015-09-26,"Tottenham","Manchester City","Tottenham",NA,NA
"9053",487505,2015-09-26,"Leicester","Arsenal","Arsenal",NA,NA
"9054",487507,2015-09-26,"Liverpool","Aston Villa","Liverpool",NA,NA
"9055",487506,2015-09-27,"Watford","Crystal Palace","Crystal Palace",NA,NA
"9056",487498,2015-09-28,"West Brom","Everton","Everton",NA,NA
"9057",487508,2015-10-03,"Crystal Palace","West Brom","Crystal Palace",NA,NA
"9058",487510,2015-10-03,"Manchester City","Newcastle","Manchester City",NA,NA
"9059",487512,2015-10-03,"Norwich","Leicester","Leicester",NA,NA
"9060",487513,2015-10-03,"Aston Villa","Stoke City","Stoke City",NA,NA
"9061",487514,2015-10-03,"Sunderland","West Ham",NA,"Sunderland","West Ham"
"9062",487515,2015-10-03,"Bournemouth","Watford",NA,"Bournemouth","Watford"
"9063",487517,2015-10-03,"Chelsea","Southampton","Southampton",NA,NA
"9064",487509,2015-10-04,"Everton","Liverpool",NA,"Everton","Liverpool"
"9065",487511,2015-10-04,"Arsenal","Manchester United","Arsenal",NA,NA
"9066",487516,2015-10-04,"Swansea","Tottenham",NA,"Swansea","Tottenham"
"9067",487518,2015-10-17,"Tottenham","Liverpool",NA,"Tottenham","Liverpool"
"9068",487519,2015-10-17,"Crystal Palace","West Ham","West Ham",NA,NA
"9069",487520,2015-10-17,"Watford","Arsenal","Arsenal",NA,NA
"9070",487521,2015-10-17,"Everton","Manchester United","Manchester United",NA,NA
"9071",487522,2015-10-17,"West Brom","Sunderland","West Brom",NA,NA
"9072",487523,2015-10-17,"Manchester City","Bournemouth","Manchester City",NA,NA
"9073",487525,2015-10-17,"Southampton","Leicester",NA,"Southampton","Leicester"
"9074",487527,2015-10-17,"Chelsea","Aston Villa","Chelsea",NA,NA
"9075",487524,2015-10-18,"Newcastle","Norwich","Newcastle",NA,NA
"9076",487526,2015-10-19,"Swansea","Stoke City","Stoke City",NA,NA
"9077",487530,2015-10-24,"Norwich","West Brom","West Brom",NA,NA
"9078",487531,2015-10-24,"Arsenal","Everton","Arsenal",NA,NA
"9079",487532,2015-10-24,"Stoke City","Watford","Watford",NA,NA
"9080",487533,2015-10-24,"Aston Villa","Swansea","Swansea",NA,NA
"9081",487536,2015-10-24,"West Ham","Chelsea","West Ham",NA,NA
"9082",487537,2015-10-24,"Leicester","Crystal Palace","Leicester",NA,NA
"9083",487528,2015-10-25,"Liverpool","Southampton",NA,"Liverpool","Southampton"
"9084",487529,2015-10-25,"Manchester United","Manchester City",NA,"Manchester United","Manchester City"
"9085",487534,2015-10-25,"Sunderland","Newcastle","Sunderland",NA,NA
"9086",487535,2015-10-25,"Bournemouth","Tottenham","Tottenham",NA,NA
"9087",487538,2015-10-31,"Swansea","Arsenal","Arsenal",NA,NA
"9088",487539,2015-10-31,"Chelsea","Liverpool","Liverpool",NA,NA
"9089",487541,2015-10-31,"Crystal Palace","Manchester United",NA,"Crystal Palace","Manchester United"
"9090",487542,2015-10-31,"Watford","West Ham","Watford",NA,NA
"9091",487544,2015-10-31,"West Brom","Leicester","Leicester",NA,NA
"9092",487545,2015-10-31,"Manchester City","Norwich","Manchester City",NA,NA
"9093",487546,2015-10-31,"Newcastle","Stoke City",NA,"Newcastle","Stoke City"
"9094",487543,2015-11-01,"Everton","Sunderland","Everton",NA,NA
"9095",487547,2015-11-01,"Southampton","Bournemouth","Southampton",NA,NA
"9096",487540,2015-11-02,"Tottenham","Aston Villa","Tottenham",NA,NA
"9097",487548,2015-11-07,"West Ham","Everton",NA,"West Ham","Everton"
"9098",487549,2015-11-07,"Leicester","Watford","Leicester",NA,NA
"9099",487551,2015-11-07,"Manchester United","West Brom","Manchester United",NA,NA
"9100",487552,2015-11-07,"Norwich","Swansea","Norwich",NA,NA
"9101",487554,2015-11-07,"Stoke City","Chelsea","Stoke City",NA,NA
"9102",487556,2015-11-07,"Sunderland","Southampton","Southampton",NA,NA
"9103",487557,2015-11-07,"Bournemouth","Newcastle","Newcastle",NA,NA
"9104",487550,2015-11-08,"Liverpool","Crystal Palace","Crystal Palace",NA,NA
"9105",487553,2015-11-08,"Arsenal","Tottenham",NA,"Arsenal","Tottenham"
"9106",487555,2015-11-08,"Aston Villa","Manchester City",NA,"Aston Villa","Manchester City"
"9107",487558,2015-11-21,"Southampton","Stoke City","Stoke City",NA,NA
"9108",487559,2015-11-21,"Swansea","Bournemouth",NA,"Swansea","Bournemouth"
"9109",487560,2015-11-21,"Chelsea","Norwich","Chelsea",NA,NA
"9110",487563,2015-11-21,"Watford","Manchester United","Manchester United",NA,NA
"9111",487564,2015-11-21,"Everton","Aston Villa","Everton",NA,NA
"9112",487565,2015-11-21,"West Brom","Arsenal","West Brom",NA,NA
"9113",487566,2015-11-21,"Manchester City","Liverpool","Liverpool",NA,NA
"9114",487567,2015-11-21,"Newcastle","Leicester","Leicester",NA,NA
"9115",487561,2015-11-22,"Tottenham","West Ham","Tottenham",NA,NA
"9116",487562,2015-11-23,"Crystal Palace","Sunderland","Sunderland",NA,NA
"9117",487569,2015-11-28,"Crystal Palace","Newcastle","Crystal Palace",NA,NA
"9118",487571,2015-11-28,"Leicester","Manchester United",NA,"Leicester","Manchester United"
"9119",487573,2015-11-28,"Manchester City","Southampton","Manchester City",NA,NA
"9120",487575,2015-11-28,"Aston Villa","Watford","Watford",NA,NA
"9121",487576,2015-11-28,"Sunderland","Stoke City","Sunderland",NA,NA
"9122",487577,2015-11-28,"Bournemouth","Everton",NA,"Bournemouth","Everton"
"9123",487568,2015-11-29,"Tottenham","Chelsea",NA,"Tottenham","Chelsea"
"9124",487570,2015-11-29,"West Ham","West Brom",NA,"West Ham","West Brom"
"9125",487572,2015-11-29,"Liverpool","Swansea","Liverpool",NA,NA
"9126",487574,2015-11-29,"Norwich","Arsenal",NA,"Norwich","Arsenal"
"9127",487578,2015-12-05,"Southampton","Aston Villa",NA,"Southampton","Aston Villa"
"9128",487579,2015-12-05,"Stoke City","Manchester City","Stoke City",NA,NA
"9129",487580,2015-12-05,"Arsenal","Sunderland","Arsenal",NA,NA
"9130",487581,2015-12-05,"Swansea","Leicester","Leicester",NA,NA
"9131",487582,2015-12-05,"Chelsea","Bournemouth","Bournemouth",NA,NA
"9132",487583,2015-12-05,"Watford","Norwich","Watford",NA,NA
"9133",487585,2015-12-05,"West Brom","Tottenham",NA,"West Brom","Tottenham"
"9134",487586,2015-12-05,"Manchester United","West Ham",NA,"Manchester United","West Ham"
"9135",487587,2015-12-06,"Newcastle","Liverpool","Newcastle",NA,NA
"9136",487584,2015-12-07,"Everton","Crystal Palace",NA,"Everton","Crystal Palace"
"9137",487588,2015-12-12,"Sunderland","Watford","Watford",NA,NA
"9138",487589,2015-12-12,"Bournemouth","Manchester United","Bournemouth",NA,NA
"9139",487591,2015-12-12,"Crystal Palace","Southampton","Crystal Palace",NA,NA
"9140",487592,2015-12-12,"West Ham","Stoke City",NA,"West Ham","Stoke City"
"9141",487595,2015-12-12,"Manchester City","Swansea","Manchester City",NA,NA
"9142",487596,2015-12-12,"Norwich","Everton",NA,"Norwich","Everton"
"9143",487590,2015-12-13,"Tottenham","Newcastle","Newcastle",NA,NA
"9144",487594,2015-12-13,"Liverpool","West Brom",NA,"Liverpool","West Brom"
"9145",487597,2015-12-13,"Aston Villa","Arsenal","Arsenal",NA,NA
"9146",487593,2015-12-14,"Leicester","Chelsea","Leicester",NA,NA
"9147",487598,2015-12-19,"Newcastle","Aston Villa",NA,"Newcastle","Aston Villa"
"9148",487599,2015-12-19,"Southampton","Tottenham","Tottenham",NA,NA
"9149",487600,2015-12-19,"Stoke City","Crystal Palace","Crystal Palace",NA,NA
"9150",487603,2015-12-19,"Chelsea","Sunderland","Chelsea",NA,NA
"9151",487605,2015-12-19,"Everton","Leicester","Leicester",NA,NA
"9152",487606,2015-12-19,"West Brom","Bournemouth","Bournemouth",NA,NA
"9153",487607,2015-12-19,"Manchester United","Norwich","Norwich",NA,NA
"9154",487602,2015-12-20,"Swansea","West Ham",NA,"Swansea","West Ham"
"9155",487604,2015-12-20,"Watford","Liverpool","Watford",NA,NA
"9156",487601,2015-12-21,"Arsenal","Manchester City","Arsenal",NA,NA
"9157",487608,2015-12-26,"Southampton","Arsenal","Southampton",NA,NA
"9158",487609,2015-12-26,"Aston Villa","West Ham",NA,"Aston Villa","West Ham"
"9159",487610,2015-12-26,"Stoke City","Manchester United","Stoke City",NA,NA
"9160",487611,2015-12-26,"Bournemouth","Crystal Palace",NA,"Bournemouth","Crystal Palace"
"9161",487612,2015-12-26,"Swansea","West Brom","Swansea",NA,NA
"9162",487613,2015-12-26,"Chelsea","Watford",NA,"Chelsea","Watford"
"9163",487614,2015-12-26,"Tottenham","Norwich","Tottenham",NA,NA
"9164",487615,2015-12-26,"Liverpool","Leicester","Liverpool",NA,NA
"9165",487616,2015-12-26,"Manchester City","Sunderland","Manchester City",NA,NA
"9166",487617,2015-12-26,"Newcastle","Everton","Everton",NA,NA
"9167",487618,2015-12-28,"West Ham","Southampton","West Ham",NA,NA
"9168",487620,2015-12-28,"Manchester United","Chelsea",NA,"Manchester United","Chelsea"
"9169",487621,2015-12-28,"Norwich","Aston Villa","Norwich",NA,NA
"9170",487623,2015-12-28,"Arsenal","Bournemouth","Arsenal",NA,NA
"9171",487624,2015-12-28,"Watford","Tottenham","Tottenham",NA,NA
"9172",487625,2015-12-28,"Crystal Palace","Swansea",NA,"Crystal Palace","Swansea"
"9173",487626,2015-12-28,"West Brom","Newcastle","West Brom",NA,NA
"9174",487627,2015-12-28,"Everton","Stoke City","Stoke City",NA,NA
"9175",487619,2015-12-29,"Leicester","Manchester City",NA,"Leicester","Manchester City"
"9176",487622,2015-12-30,"Sunderland","Liverpool","Liverpool",NA,NA
"9177",487628,2016-01-02,"Norwich","Southampton","Norwich",NA,NA
"9178",487629,2016-01-02,"Sunderland","Aston Villa","Sunderland",NA,NA
"9179",487630,2016-01-02,"Arsenal","Newcastle","Arsenal",NA,NA
"9180",487631,2016-01-02,"Watford","Manchester City","Manchester City",NA,NA
"9181",487633,2016-01-02,"West Brom","Stoke City","West Brom",NA,NA
"9182",487635,2016-01-02,"West Ham","Liverpool","West Ham",NA,NA
"9183",487636,2016-01-02,"Leicester","Bournemouth",NA,"Leicester","Bournemouth"
"9184",487637,2016-01-02,"Manchester United","Swansea","Manchester United",NA,NA
"9185",487632,2016-01-03,"Crystal Palace","Chelsea","Chelsea",NA,NA
"9186",487634,2016-01-03,"Everton","Tottenham",NA,"Everton","Tottenham"
"9187",487639,2016-01-12,"Aston Villa","Crystal Palace","Aston Villa",NA,NA
"9188",487640,2016-01-12,"Bournemouth","West Ham","West Ham",NA,NA
"9189",487645,2016-01-12,"Newcastle","Manchester United",NA,"Newcastle","Manchester United"
"9190",487638,2016-01-13,"Swansea","Sunderland","Sunderland",NA,NA
"9191",487641,2016-01-13,"Liverpool","Arsenal",NA,"Liverpool","Arsenal"
"9192",487642,2016-01-13,"Stoke City","Norwich","Stoke City",NA,NA
"9193",487643,2016-01-13,"Chelsea","West Brom",NA,"Chelsea","West Brom"
"9194",487644,2016-01-13,"Manchester City","Everton",NA,"Manchester City","Everton"
"9195",487646,2016-01-13,"Southampton","Watford","Southampton",NA,NA
"9196",487647,2016-01-13,"Tottenham","Leicester","Leicester",NA,NA
"9197",487648,2016-01-16,"Newcastle","West Ham","Newcastle",NA,NA
"9198",487649,2016-01-16,"Southampton","West Brom","Southampton",NA,NA
"9199",487650,2016-01-16,"Aston Villa","Leicester",NA,"Aston Villa","Leicester"
"9200",487652,2016-01-16,"Bournemouth","Norwich","Bournemouth",NA,NA
"9201",487654,2016-01-16,"Chelsea","Everton",NA,"Chelsea","Everton"
"9202",487655,2016-01-16,"Tottenham","Sunderland","Tottenham",NA,NA
"9203",487657,2016-01-16,"Manchester City","Crystal Palace","Manchester City",NA,NA
"9204",487651,2016-01-17,"Stoke City","Arsenal",NA,"Stoke City","Arsenal"
"9205",487656,2016-01-17,"Liverpool","Manchester United","Manchester United",NA,NA
"9206",487653,2016-01-18,"Swansea","Watford","Swansea",NA,NA
"9207",487658,2016-01-23,"Watford","Newcastle","Watford",NA,NA
"9208",487659,2016-01-23,"Crystal Palace","Tottenham","Tottenham",NA,NA
"9209",487660,2016-01-23,"West Brom","Aston Villa",NA,"West Brom","Aston Villa"
"9210",487662,2016-01-23,"West Ham","Manchester City",NA,"West Ham","Manchester City"
"9211",487663,2016-01-23,"Leicester","Stoke City","Leicester",NA,NA
"9212",487664,2016-01-23,"Manchester United","Southampton","Southampton",NA,NA
"9213",487665,2016-01-23,"Norwich","Liverpool","Liverpool",NA,NA
"9214",487666,2016-01-23,"Sunderland","Bournemouth",NA,"Sunderland","Bournemouth"
"9215",487661,2016-01-24,"Everton","Swansea","Swansea",NA,NA
"9216",487667,2016-01-24,"Arsenal","Chelsea","Chelsea",NA,NA
"9217",487669,2016-02-02,"West Ham","Aston Villa","West Ham",NA,NA
"9218",487670,2016-02-02,"Arsenal","Southampton",NA,"Arsenal","Southampton"
"9219",487671,2016-02-02,"Leicester","Liverpool","Leicester",NA,NA
"9220",487672,2016-02-02,"Norwich","Tottenham","Tottenham",NA,NA
"9221",487673,2016-02-02,"Sunderland","Manchester City","Manchester City",NA,NA
"9222",487674,2016-02-02,"Crystal Palace","Bournemouth","Bournemouth",NA,NA
"9223",487675,2016-02-02,"Manchester United","Stoke City","Manchester United",NA,NA
"9224",487676,2016-02-02,"West Brom","Swansea",NA,"West Brom","Swansea"
"9225",487668,2016-02-03,"Watford","Chelsea",NA,"Watford","Chelsea"
"9226",487677,2016-02-03,"Everton","Newcastle","Everton",NA,NA
"9227",487678,2016-02-06,"Southampton","West Ham","Southampton",NA,NA
"9228",487679,2016-02-06,"Aston Villa","Norwich","Aston Villa",NA,NA
"9229",487680,2016-02-06,"Stoke City","Everton","Everton",NA,NA
"9230",487682,2016-02-06,"Swansea","Crystal Palace",NA,"Swansea","Crystal Palace"
"9231",487684,2016-02-06,"Tottenham","Watford","Tottenham",NA,NA
"9232",487685,2016-02-06,"Liverpool","Sunderland",NA,"Liverpool","Sunderland"
"9233",487686,2016-02-06,"Manchester City","Leicester","Leicester",NA,NA
"9234",487687,2016-02-06,"Newcastle","West Brom","Newcastle",NA,NA
"9235",487681,2016-02-07,"Bournemouth","Arsenal","Arsenal",NA,NA
"9236",487683,2016-02-07,"Chelsea","Manchester United",NA,"Chelsea","Manchester United"
"9237",487688,2016-02-13,"Swansea","Southampton","Southampton",NA,NA
"9238",487689,2016-02-13,"Chelsea","Newcastle","Chelsea",NA,NA
"9239",487690,2016-02-13,"Crystal Palace","Watford","Watford",NA,NA
"9240",487691,2016-02-13,"Everton","West Brom","West Brom",NA,NA
"9241",487694,2016-02-13,"Norwich","West Ham",NA,"Norwich","West Ham"
"9242",487696,2016-02-13,"Sunderland","Manchester United","Sunderland",NA,NA
"9243",487697,2016-02-13,"Bournemouth","Stoke City","Stoke City",NA,NA
"9244",487692,2016-02-14,"Manchester City","Tottenham","Tottenham",NA,NA
"9245",487693,2016-02-14,"Arsenal","Leicester","Arsenal",NA,NA
"9246",487695,2016-02-14,"Aston Villa","Liverpool","Liverpool",NA,NA
"9247",487699,2016-02-27,"Leicester","Norwich","Leicester",NA,NA
"9248",487700,2016-02-27,"Watford","Bournemouth",NA,"Watford","Bournemouth"
"9249",487702,2016-02-27,"West Brom","Crystal Palace","West Brom",NA,NA
"9250",487704,2016-02-27,"West Ham","Sunderland","West Ham",NA,NA
"9251",487706,2016-02-27,"Southampton","Chelsea","Chelsea",NA,NA
"9252",487707,2016-02-27,"Stoke City","Aston Villa","Stoke City",NA,NA
"9253",487698,2016-02-28,"Tottenham","Swansea","Tottenham",NA,NA
"9254",487703,2016-02-28,"Manchester United","Arsenal","Manchester United",NA,NA
"9255",487708,2016-03-01,"Bournemouth","Southampton","Bournemouth",NA,NA
"9256",487709,2016-03-01,"Leicester","West Brom",NA,"Leicester","West Brom"
"9257",487710,2016-03-01,"Norwich","Chelsea","Chelsea",NA,NA
"9258",487711,2016-03-01,"Sunderland","Crystal Palace",NA,"Sunderland","Crystal Palace"
"9259",487714,2016-03-01,"Aston Villa","Everton","Everton",NA,NA
"9260",487712,2016-03-02,"West Ham","Tottenham","West Ham",NA,NA
"9261",487713,2016-03-02,"Arsenal","Swansea","Swansea",NA,NA
"9262",487715,2016-03-02,"Manchester United","Watford","Manchester United",NA,NA
"9263",487716,2016-03-02,"Liverpool","Manchester City","Liverpool",NA,NA
"9264",487717,2016-03-02,"Stoke City","Newcastle","Stoke City",NA,NA
"9265",487718,2016-03-05,"Southampton","Sunderland",NA,"Southampton","Sunderland"
"9266",487719,2016-03-05,"Swansea","Norwich","Swansea",NA,NA
"9267",487720,2016-03-05,"Chelsea","Stoke City",NA,"Chelsea","Stoke City"
"9268",487721,2016-03-05,"Tottenham","Arsenal",NA,"Tottenham","Arsenal"
"9269",487723,2016-03-05,"Watford","Leicester","Leicester",NA,NA
"9270",487724,2016-03-05,"Everton","West Ham","West Ham",NA,NA
"9271",487726,2016-03-05,"Manchester City","Aston Villa","Manchester City",NA,NA
"9272",487727,2016-03-05,"Newcastle","Bournemouth","Bournemouth",NA,NA
"9273",487722,2016-03-06,"Crystal Palace","Liverpool","Liverpool",NA,NA
"9274",487725,2016-03-06,"West Brom","Manchester United","West Brom",NA,NA
"9275",487728,2016-03-12,"Stoke City","Southampton","Southampton",NA,NA
"9276",487731,2016-03-12,"Bournemouth","Swansea","Bournemouth",NA,NA
"9277",487736,2016-03-12,"Norwich","Manchester City",NA,"Norwich","Manchester City"
"9278",487729,2016-03-13,"Aston Villa","Tottenham","Tottenham",NA,NA
"9279",487733,2016-03-14,"Leicester","Newcastle","Leicester",NA,NA
"9280",487740,2016-03-19,"Swansea","Aston Villa","Swansea",NA,NA
"9281",487741,2016-03-19,"Chelsea","West Ham",NA,"Chelsea","West Ham"
"9282",487743,2016-03-19,"Crystal Palace","Leicester","Leicester",NA,NA
"9283",487744,2016-03-19,"Watford","Stoke City","Stoke City",NA,NA
"9284",487745,2016-03-19,"Everton","Arsenal","Arsenal",NA,NA
"9285",487746,2016-03-19,"West Brom","Norwich","Norwich",NA,NA
"9286",487738,2016-03-20,"Newcastle","Sunderland",NA,"Newcastle","Sunderland"
"9287",487739,2016-03-20,"Southampton","Liverpool","Southampton",NA,NA
"9288",487742,2016-03-20,"Tottenham","Bournemouth","Tottenham",NA,NA
"9289",487747,2016-03-20,"Manchester City","Manchester United","Manchester United",NA,NA
"9290",487748,2016-04-02,"Arsenal","Watford","Arsenal",NA,NA
"9291",487749,2016-04-02,"Stoke City","Swansea",NA,"Stoke City","Swansea"
"9292",487750,2016-04-02,"Aston Villa","Chelsea","Chelsea",NA,NA
"9293",487751,2016-04-02,"Sunderland","West Brom",NA,"Sunderland","West Brom"
"9294",487752,2016-04-02,"Bournemouth","Manchester City","Manchester City",NA,NA
"9295",487753,2016-04-02,"West Ham","Crystal Palace",NA,"West Ham","Crystal Palace"
"9296",487755,2016-04-02,"Liverpool","Tottenham",NA,"Liverpool","Tottenham"
"9297",487757,2016-04-02,"Norwich","Newcastle","Norwich",NA,NA
"9298",487754,2016-04-03,"Leicester","Southampton","Leicester",NA,NA
"9299",487756,2016-04-03,"Manchester United","Everton","Manchester United",NA,NA
"9300",487758,2016-04-09,"West Ham","Arsenal",NA,"West Ham","Arsenal"
"9301",487759,2016-04-09,"Manchester City","West Brom","Manchester City",NA,NA
"9302",487760,2016-04-09,"Southampton","Newcastle","Southampton",NA,NA
"9303",487762,2016-04-09,"Swansea","Chelsea","Swansea",NA,NA
"9304",487763,2016-04-09,"Aston Villa","Bournemouth","Bournemouth",NA,NA
"9305",487765,2016-04-09,"Crystal Palace","Norwich","Crystal Palace",NA,NA
"9306",487766,2016-04-09,"Watford","Everton",NA,"Watford","Everton"
"9307",487761,2016-04-10,"Sunderland","Leicester","Leicester",NA,NA
"9308",487764,2016-04-10,"Tottenham","Manchester United","Tottenham",NA,NA
"9309",487767,2016-04-10,"Liverpool","Stoke City","Liverpool",NA,NA
"9310",487779,2016-04-13,"Crystal Palace","Everton",NA,"Crystal Palace","Everton"
"9311",487768,2016-04-16,"Newcastle","Swansea","Newcastle",NA,NA
"9312",487770,2016-04-16,"Norwich","Sunderland","Sunderland",NA,NA
"9313",487773,2016-04-16,"Chelsea","Manchester City","Manchester City",NA,NA
"9314",487774,2016-04-16,"West Brom","Watford","Watford",NA,NA
"9315",487775,2016-04-16,"Everton","Southampton",NA,"Everton","Southampton"
"9316",487777,2016-04-16,"Manchester United","Aston Villa","Manchester United",NA,NA
"9317",487769,2016-04-17,"Arsenal","Crystal Palace",NA,"Arsenal","Crystal Palace"
"9318",487771,2016-04-17,"Bournemouth","Liverpool","Liverpool",NA,NA
"9319",487776,2016-04-17,"Leicester","West Ham",NA,"Leicester","West Ham"
"9320",487772,2016-04-18,"Stoke City","Tottenham","Tottenham",NA,NA
"9321",487705,2016-04-19,"Newcastle","Manchester City",NA,"Newcastle","Manchester City"
"9322",487701,2016-04-20,"Liverpool","Everton","Liverpool",NA,NA
"9323",487732,2016-04-20,"West Ham","Watford","West Ham",NA,NA
"9324",487735,2016-04-20,"Manchester United","Crystal Palace","Manchester United",NA,NA
"9325",487737,2016-04-21,"Arsenal","West Brom","Arsenal",NA,NA
"9326",487782,2016-04-23,"Liverpool","Newcastle",NA,"Liverpool","Newcastle"
"9327",487783,2016-04-23,"Manchester City","Stoke City","Manchester City",NA,NA
"9328",487785,2016-04-23,"Aston Villa","Southampton","Southampton",NA,NA
"9329",487787,2016-04-23,"Bournemouth","Chelsea","Chelsea",NA,NA
"9330",487781,2016-04-24,"Leicester","Swansea","Leicester",NA,NA
"9331",487786,2016-04-24,"Sunderland","Arsenal",NA,"Sunderland","Arsenal"
"9332",487778,2016-04-25,"Tottenham","West Brom",NA,"Tottenham","West Brom"
"9333",487789,2016-04-30,"Stoke City","Sunderland",NA,"Stoke City","Sunderland"
"9334",487790,2016-04-30,"Arsenal","Norwich","Arsenal",NA,NA
"9335",487793,2016-04-30,"West Brom","West Ham","West Ham",NA,NA
"9336",487794,2016-04-30,"Watford","Aston Villa","Watford",NA,NA
"9337",487795,2016-04-30,"Everton","Bournemouth","Everton",NA,NA
"9338",487797,2016-04-30,"Newcastle","Crystal Palace","Newcastle",NA,NA
"9339",487788,2016-05-01,"Southampton","Manchester City","Southampton",NA,NA
"9340",487791,2016-05-01,"Swansea","Liverpool","Swansea",NA,NA
"9341",487796,2016-05-01,"Manchester United","Leicester",NA,"Manchester United","Leicester"
"9342",487792,2016-05-02,"Chelsea","Tottenham",NA,"Chelsea","Tottenham"
"9343",487798,2016-05-07,"West Ham","Swansea","Swansea",NA,NA
"9344",487799,2016-05-07,"Leicester","Everton","Leicester",NA,NA
"9345",487802,2016-05-07,"Norwich","Manchester United","Manchester United",NA,NA
"9346",487803,2016-05-07,"Aston Villa","Newcastle",NA,"Aston Villa","Newcastle"
"9347",487804,2016-05-07,"Sunderland","Chelsea","Sunderland",NA,NA
"9348",487805,2016-05-07,"Bournemouth","West Brom",NA,"Bournemouth","West Brom"
"9349",487807,2016-05-07,"Crystal Palace","Stoke City","Crystal Palace",NA,NA
"9350",487800,2016-05-08,"Liverpool","Watford","Liverpool",NA,NA
"9351",487801,2016-05-08,"Manchester City","Arsenal",NA,"Manchester City","Arsenal"
"9352",487806,2016-05-08,"Tottenham","Southampton","Southampton",NA,NA
"9353",487780,2016-05-10,"West Ham","Manchester United","West Ham",NA,NA
"9354",487730,2016-05-11,"Sunderland","Everton","Sunderland",NA,NA
"9355",487734,2016-05-11,"Liverpool","Chelsea",NA,"Liverpool","Chelsea"
"9356",487784,2016-05-11,"Norwich","Watford","Norwich",NA,NA
"9357",487808,2016-05-15,"Everton","Norwich","Everton",NA,NA
"9358",487809,2016-05-15,"West Brom","Liverpool",NA,"West Brom","Liverpool"
"9359",487811,2016-05-15,"Newcastle","Tottenham","Newcastle",NA,NA
"9360",487812,2016-05-15,"Southampton","Crystal Palace","Southampton",NA,NA
"9361",487813,2016-05-15,"Stoke City","West Ham","Stoke City",NA,NA
"9362",487814,2016-05-15,"Arsenal","Aston Villa","Arsenal",NA,NA
"9363",487815,2016-05-15,"Swansea","Manchester City",NA,"Swansea","Manchester City"
"9364",487816,2016-05-15,"Chelsea","Leicester",NA,"Chelsea","Leicester"
"9365",487817,2016-05-15,"Watford","Sunderland",NA,"Watford","Sunderland"
"9366",487810,2016-05-17,"Manchester United","Bournemouth","Manchester United",NA,NA
"9367",508731,2016-08-13,"Hull","Leicester","Hull",NA,NA
"9368",508732,2016-08-13,"Crystal Palace","West Brom","West Brom",NA,NA
"9369",508733,2016-08-13,"Everton","Tottenham",NA,"Everton","Tottenham"
"9370",508734,2016-08-13,"Middlesbrough","Stoke City",NA,"Middlesbrough","Stoke City"
"9371",508735,2016-08-13,"Burnley","Swansea","Swansea",NA,NA
"9372",508736,2016-08-13,"Southampton","Watford",NA,"Southampton","Watford"
"9373",508737,2016-08-13,"Manchester City","Sunderland","Manchester City",NA,NA
"9374",508738,2016-08-14,"Bournemouth","Manchester United","Manchester United",NA,NA
"9375",508739,2016-08-14,"Arsenal","Liverpool","Liverpool",NA,NA
"9376",508740,2016-08-15,"Chelsea","West Ham","Chelsea",NA,NA
"9377",508741,2016-08-19,"Manchester United","Southampton","Manchester United",NA,NA
"9378",508742,2016-08-20,"Stoke City","Manchester City","Manchester City",NA,NA
"9379",508743,2016-08-20,"Swansea","Hull","Hull",NA,NA
"9380",508744,2016-08-20,"Burnley","Liverpool","Burnley",NA,NA
"9381",508745,2016-08-20,"Tottenham","Crystal Palace","Tottenham",NA,NA
"9382",508746,2016-08-20,"Watford","Chelsea","Chelsea",NA,NA
"9383",508747,2016-08-20,"West Brom","Everton","Everton",NA,NA
"9384",508748,2016-08-20,"Leicester","Arsenal",NA,"Leicester","Arsenal"
"9385",508749,2016-08-21,"Sunderland","Middlesbrough","Middlesbrough",NA,NA
"9386",508750,2016-08-21,"West Ham","Bournemouth","West Ham",NA,NA
"9387",508751,2016-08-27,"Tottenham","Liverpool",NA,"Tottenham","Liverpool"
"9388",508752,2016-08-27,"Southampton","Sunderland",NA,"Southampton","Sunderland"
"9389",508753,2016-08-27,"Chelsea","Burnley","Chelsea",NA,NA
"9390",508754,2016-08-27,"Crystal Palace","Bournemouth",NA,"Crystal Palace","Bournemouth"
"9391",508755,2016-08-27,"Watford","Arsenal","Arsenal",NA,NA
"9392",508756,2016-08-27,"Everton","Stoke City","Everton",NA,NA
"9393",508757,2016-08-27,"Leicester","Swansea","Leicester",NA,NA
"9394",508758,2016-08-27,"Hull","Manchester United","Manchester United",NA,NA
"9395",508759,2016-08-28,"West Brom","Middlesbrough",NA,"West Brom","Middlesbrough"
"9396",508760,2016-08-28,"Manchester City","West Ham","Manchester City",NA,NA
"9397",508761,2016-09-10,"Manchester United","Manchester City","Manchester City",NA,NA
"9398",508762,2016-09-10,"Middlesbrough","Crystal Palace","Crystal Palace",NA,NA
"9399",508763,2016-09-10,"Stoke City","Tottenham","Tottenham",NA,NA
"9400",508764,2016-09-10,"Bournemouth","West Brom","Bournemouth",NA,NA
"9401",508765,2016-09-10,"Burnley","Hull",NA,"Burnley","Hull"
"9402",508766,2016-09-10,"Arsenal","Southampton","Arsenal",NA,NA
"9403",508767,2016-09-10,"West Ham","Watford","Watford",NA,NA
"9404",508768,2016-09-10,"Liverpool","Leicester","Liverpool",NA,NA
"9405",508769,2016-09-11,"Swansea","Chelsea",NA,"Swansea","Chelsea"
"9406",508770,2016-09-12,"Sunderland","Everton","Everton",NA,NA
"9407",508771,2016-09-16,"Chelsea","Liverpool","Liverpool",NA,NA
"9408",508772,2016-09-17,"West Brom","West Ham","West Brom",NA,NA
"9409",508773,2016-09-17,"Hull","Arsenal","Arsenal",NA,NA
"9410",508774,2016-09-17,"Leicester","Burnley","Leicester",NA,NA
"9411",508775,2016-09-17,"Manchester City","Bournemouth","Manchester City",NA,NA
"9412",508776,2016-09-17,"Everton","Middlesbrough","Everton",NA,NA
"9413",508777,2016-09-18,"Watford","Manchester United","Watford",NA,NA
"9414",508778,2016-09-18,"Crystal Palace","Stoke City","Crystal Palace",NA,NA
"9415",508779,2016-09-18,"Southampton","Swansea","Southampton",NA,NA
"9416",508780,2016-09-18,"Tottenham","Sunderland","Tottenham",NA,NA
"9417",508781,2016-09-24,"Manchester United","Leicester","Manchester United",NA,NA
"9418",508782,2016-09-24,"Middlesbrough","Tottenham","Tottenham",NA,NA
"9419",508783,2016-09-24,"Stoke City","West Brom",NA,"Stoke City","West Brom"
"9420",508784,2016-09-24,"Sunderland","Crystal Palace","Crystal Palace",NA,NA
"9421",508785,2016-09-24,"Bournemouth","Everton","Bournemouth",NA,NA
"9422",508786,2016-09-24,"Swansea","Manchester City","Manchester City",NA,NA
"9423",508787,2016-09-24,"Liverpool","Hull","Liverpool",NA,NA
"9424",508788,2016-09-24,"Arsenal","Chelsea","Arsenal",NA,NA
"9425",508789,2016-09-25,"West Ham","Southampton","Southampton",NA,NA
"9426",508790,2016-09-26,"Burnley","Watford","Burnley",NA,NA
"9427",508792,2016-09-30,"Everton","Crystal Palace",NA,"Everton","Crystal Palace"
"9428",508793,2016-10-01,"Watford","Bournemouth",NA,"Watford","Bournemouth"
"9429",508794,2016-10-01,"Hull","Chelsea","Chelsea",NA,NA
"9430",508795,2016-10-01,"West Ham","Middlesbrough",NA,"West Ham","Middlesbrough"
"9431",508798,2016-10-01,"Sunderland","West Brom",NA,"Sunderland","West Brom"
"9432",508799,2016-10-01,"Swansea","Liverpool","Liverpool",NA,NA
"9433",508791,2016-10-02,"Tottenham","Manchester City","Tottenham",NA,NA
"9434",508796,2016-10-02,"Leicester","Southampton",NA,"Leicester","Southampton"
"9435",508797,2016-10-02,"Manchester United","Stoke City",NA,"Manchester United","Stoke City"
"9436",508800,2016-10-02,"Burnley","Arsenal","Arsenal",NA,NA
"9437",508801,2016-10-15,"Crystal Palace","West Ham","West Ham",NA,NA
"9438",508803,2016-10-15,"Manchester City","Everton",NA,"Manchester City","Everton"
"9439",508805,2016-10-15,"Arsenal","Swansea","Arsenal",NA,NA
"9440",508807,2016-10-15,"Bournemouth","Hull","Bournemouth",NA,NA
"9441",508808,2016-10-15,"Stoke City","Sunderland","Stoke City",NA,NA
"9442",508809,2016-10-15,"Chelsea","Leicester","Chelsea",NA,NA
"9443",508810,2016-10-15,"West Brom","Tottenham",NA,"West Brom","Tottenham"
"9444",508804,2016-10-16,"Middlesbrough","Watford","Watford",NA,NA
"9445",508806,2016-10-16,"Southampton","Burnley","Southampton",NA,NA
"9446",508802,2016-10-17,"Liverpool","Manchester United",NA,"Liverpool","Manchester United"
"9447",508811,2016-10-22,"Liverpool","West Brom","Liverpool",NA,NA
"9448",508812,2016-10-22,"Arsenal","Middlesbrough",NA,"Arsenal","Middlesbrough"
"9449",508814,2016-10-22,"Bournemouth","Tottenham",NA,"Bournemouth","Tottenham"
"9450",508815,2016-10-22,"Swansea","Watford",NA,"Swansea","Watford"
"9451",508816,2016-10-22,"Burnley","Everton","Burnley",NA,NA
"9452",508817,2016-10-22,"West Ham","Sunderland","West Ham",NA,NA
"9453",508819,2016-10-22,"Hull","Stoke City","Stoke City",NA,NA
"9454",508820,2016-10-22,"Leicester","Crystal Palace","Leicester",NA,NA
"9455",508813,2016-10-23,"Manchester City","Southampton",NA,"Manchester City","Southampton"
"9456",508818,2016-10-23,"Chelsea","Manchester United","Chelsea",NA,NA
"9457",508821,2016-10-29,"Manchester United","Burnley",NA,"Manchester United","Burnley"
"9458",508822,2016-10-29,"West Brom","Manchester City","Manchester City",NA,NA
"9459",508823,2016-10-29,"Middlesbrough","Bournemouth","Middlesbrough",NA,NA
"9460",508826,2016-10-29,"Sunderland","Arsenal","Arsenal",NA,NA
"9461",508827,2016-10-29,"Crystal Palace","Liverpool","Liverpool",NA,NA
"9462",508828,2016-10-29,"Tottenham","Leicester",NA,"Tottenham","Leicester"
"9463",508830,2016-10-29,"Watford","Hull","Watford",NA,NA
"9464",508824,2016-10-30,"Southampton","Chelsea","Chelsea",NA,NA
"9465",508829,2016-10-30,"Everton","West Ham","Everton",NA,NA
"9466",508825,2016-10-31,"Stoke City","Swansea","Stoke City",NA,NA
"9467",508834,2016-11-05,"Manchester City","Middlesbrough",NA,"Manchester City","Middlesbrough"
"9468",508835,2016-11-05,"Bournemouth","Sunderland","Sunderland",NA,NA
"9469",508837,2016-11-05,"Burnley","Crystal Palace","Burnley",NA,NA
"9470",508838,2016-11-05,"West Ham","Stoke City",NA,"West Ham","Stoke City"
"9471",508839,2016-11-05,"Chelsea","Everton","Chelsea",NA,NA
"9472",508831,2016-11-06,"Leicester","West Brom","West Brom",NA,NA
"9473",508832,2016-11-06,"Liverpool","Watford","Liverpool",NA,NA
"9474",508833,2016-11-06,"Arsenal","Tottenham",NA,"Arsenal","Tottenham"
"9475",508836,2016-11-06,"Swansea","Manchester United","Manchester United",NA,NA
"9476",508840,2016-11-06,"Hull","Southampton","Hull",NA,NA
"9477",508841,2016-11-19,"Watford","Leicester","Watford",NA,NA
"9478",508842,2016-11-19,"Manchester United","Arsenal",NA,"Manchester United","Arsenal"
"9479",508845,2016-11-19,"Southampton","Liverpool",NA,"Southampton","Liverpool"
"9480",508846,2016-11-19,"Stoke City","Bournemouth","Bournemouth",NA,NA
"9481",508847,2016-11-19,"Sunderland","Hull","Sunderland",NA,NA
"9482",508848,2016-11-19,"Crystal Palace","Manchester City","Manchester City",NA,NA
"9483",508849,2016-11-19,"Tottenham","West Ham","Tottenham",NA,NA
"9484",508850,2016-11-19,"Everton","Swansea",NA,"Everton","Swansea"
"9485",508844,2016-11-20,"Middlesbrough","Chelsea","Chelsea",NA,NA
"9486",508843,2016-11-21,"West Brom","Burnley","West Brom",NA,NA
"9487",508851,2016-11-26,"Leicester","Middlesbrough",NA,"Leicester","Middlesbrough"
"9488",508852,2016-11-26,"Liverpool","Sunderland","Liverpool",NA,NA
"9489",508856,2016-11-26,"Burnley","Manchester City","Manchester City",NA,NA
"9490",508857,2016-11-26,"Swansea","Crystal Palace","Swansea",NA,NA
"9491",508858,2016-11-26,"Chelsea","Tottenham","Chelsea",NA,NA
"9492",508860,2016-11-26,"Hull","West Brom",NA,"Hull","West Brom"
"9493",508853,2016-11-27,"Manchester United","West Ham",NA,"Manchester United","West Ham"
"9494",508854,2016-11-27,"Arsenal","Bournemouth","Arsenal",NA,NA
"9495",508855,2016-11-27,"Southampton","Everton","Southampton",NA,NA
"9496",508859,2016-11-27,"Watford","Stoke City","Stoke City",NA,NA
"9497",508861,2016-12-03,"Tottenham","Swansea","Tottenham",NA,NA
"9498",508862,2016-12-03,"Crystal Palace","Southampton","Crystal Palace",NA,NA
"9499",508863,2016-12-03,"West Brom","Watford","West Brom",NA,NA
"9500",508865,2016-12-03,"West Ham","Arsenal","Arsenal",NA,NA
"9501",508866,2016-12-03,"Manchester City","Chelsea","Chelsea",NA,NA
"9502",508868,2016-12-03,"Stoke City","Burnley","Stoke City",NA,NA
"9503",508869,2016-12-03,"Sunderland","Leicester","Sunderland",NA,NA
"9504",508864,2016-12-04,"Everton","Manchester United",NA,"Everton","Manchester United"
"9505",508870,2016-12-04,"Bournemouth","Liverpool","Bournemouth",NA,NA
"9506",508867,2016-12-05,"Middlesbrough","Hull","Middlesbrough",NA,NA
"9507",508871,2016-12-10,"Hull","Crystal Palace",NA,"Hull","Crystal Palace"
"9508",508872,2016-12-10,"Leicester","Manchester City","Leicester",NA,NA
"9509",508874,2016-12-10,"Arsenal","Stoke City","Arsenal",NA,NA
"9510",508875,2016-12-10,"Burnley","Bournemouth","Burnley",NA,NA
"9511",508876,2016-12-10,"Swansea","Sunderland","Swansea",NA,NA
"9512",508878,2016-12-10,"Watford","Everton","Watford",NA,NA
"9513",508873,2016-12-11,"Liverpool","West Ham",NA,"Liverpool","West Ham"
"9514",508877,2016-12-11,"Chelsea","West Brom","Chelsea",NA,NA
"9515",508879,2016-12-11,"Manchester United","Tottenham","Manchester United",NA,NA
"9516",508880,2016-12-11,"Southampton","Middlesbrough","Southampton",NA,NA
"9517",508881,2016-12-13,"Bournemouth","Leicester","Bournemouth",NA,NA
"9518",508885,2016-12-13,"Everton","Arsenal","Everton",NA,NA
"9519",508882,2016-12-14,"Sunderland","Chelsea","Chelsea",NA,NA
"9520",508883,2016-12-14,"West Ham","Burnley","West Ham",NA,NA
"9521",508884,2016-12-14,"West Brom","Swansea","West Brom",NA,NA
"9522",508886,2016-12-14,"Middlesbrough","Liverpool","Liverpool",NA,NA
"9523",508887,2016-12-14,"Manchester City","Watford","Manchester City",NA,NA
"9524",508888,2016-12-14,"Stoke City","Southampton",NA,"Stoke City","Southampton"
"9525",508889,2016-12-14,"Tottenham","Hull","Tottenham",NA,NA
"9526",508890,2016-12-14,"Crystal Palace","Manchester United","Manchester United",NA,NA
"9527",508891,2016-12-17,"Crystal Palace","Chelsea","Chelsea",NA,NA
"9528",508892,2016-12-17,"West Brom","Manchester United","Manchester United",NA,NA
"9529",508894,2016-12-17,"West Ham","Hull","West Ham",NA,NA
"9530",508896,2016-12-17,"Middlesbrough","Swansea","Middlesbrough",NA,NA
"9531",508897,2016-12-17,"Stoke City","Leicester",NA,"Stoke City","Leicester"
"9532",508898,2016-12-17,"Sunderland","Watford","Sunderland",NA,NA
"9533",508895,2016-12-18,"Manchester City","Arsenal","Manchester City",NA,NA
"9534",508899,2016-12-18,"Bournemouth","Southampton","Southampton",NA,NA
"9535",508900,2016-12-18,"Tottenham","Burnley","Tottenham",NA,NA
"9536",508893,2016-12-19,"Everton","Liverpool","Liverpool",NA,NA
"9537",508901,2016-12-26,"Leicester","Everton","Everton",NA,NA
"9538",508903,2016-12-26,"Manchester United","Sunderland","Manchester United",NA,NA
"9539",508904,2016-12-26,"Arsenal","West Brom","Arsenal",NA,NA
"9540",508906,2016-12-26,"Burnley","Middlesbrough","Burnley",NA,NA
"9541",508907,2016-12-26,"Swansea","West Ham","West Ham",NA,NA
"9542",508908,2016-12-26,"Chelsea","Bournemouth","Chelsea",NA,NA
"9543",508909,2016-12-26,"Watford","Crystal Palace",NA,"Watford","Crystal Palace"
"9544",508910,2016-12-26,"Hull","Manchester City","Manchester City",NA,NA
"9545",508902,2016-12-27,"Liverpool","Stoke City","Liverpool",NA,NA
"9546",508905,2016-12-28,"Southampton","Tottenham","Tottenham",NA,NA
"9547",508917,2016-12-30,"Hull","Everton",NA,"Hull","Everton"
"9548",508912,2016-12-31,"Southampton","West Brom","West Brom",NA,NA
"9549",508913,2016-12-31,"Burnley","Sunderland","Burnley",NA,NA
"9550",508914,2016-12-31,"Swansea","Bournemouth","Bournemouth",NA,NA
"9551",508915,2016-12-31,"Chelsea","Stoke City","Chelsea",NA,NA
"9552",508918,2016-12-31,"Leicester","West Ham","Leicester",NA,NA
"9553",508919,2016-12-31,"Liverpool","Manchester City","Liverpool",NA,NA
"9554",508920,2016-12-31,"Manchester United","Middlesbrough","Manchester United",NA,NA
"9555",508911,2017-01-01,"Arsenal","Crystal Palace","Arsenal",NA,NA
"9556",508916,2017-01-01,"Watford","Tottenham","Tottenham",NA,NA
"9557",508921,2017-01-02,"West Ham","Manchester United","Manchester United",NA,NA
"9558",508922,2017-01-02,"Manchester City","Burnley","Manchester City",NA,NA
"9559",508923,2017-01-02,"Middlesbrough","Leicester",NA,"Middlesbrough","Leicester"
"9560",508925,2017-01-02,"Sunderland","Liverpool",NA,"Sunderland","Liverpool"
"9561",508929,2017-01-02,"West Brom","Hull","West Brom",NA,NA
"9562",508930,2017-01-02,"Everton","Southampton","Everton",NA,NA
"9563",508924,2017-01-03,"Stoke City","Watford","Stoke City",NA,NA
"9564",508926,2017-01-03,"Bournemouth","Arsenal",NA,"Bournemouth","Arsenal"
"9565",508928,2017-01-03,"Crystal Palace","Swansea","Swansea",NA,NA
"9566",508927,2017-01-04,"Tottenham","Chelsea","Tottenham",NA,NA
"9567",508931,2017-01-14,"Swansea","Arsenal","Arsenal",NA,NA
"9568",508932,2017-01-14,"Burnley","Southampton","Burnley",NA,NA
"9569",508933,2017-01-14,"Tottenham","West Brom","Tottenham",NA,NA
"9570",508935,2017-01-14,"Watford","Middlesbrough",NA,"Watford","Middlesbrough"
"9571",508936,2017-01-14,"Hull","Bournemouth","Hull",NA,NA
"9572",508937,2017-01-14,"West Ham","Crystal Palace","West Ham",NA,NA
"9573",508938,2017-01-14,"Leicester","Chelsea","Chelsea",NA,NA
"9574",508940,2017-01-14,"Sunderland","Stoke City","Stoke City",NA,NA
"9575",508934,2017-01-15,"Everton","Manchester City","Everton",NA,NA
"9576",508939,2017-01-15,"Manchester United","Liverpool",NA,"Manchester United","Liverpool"
"9577",508942,2017-01-21,"West Brom","Sunderland","West Brom",NA,NA
"9578",508943,2017-01-21,"Crystal Palace","Everton","Everton",NA,NA
"9579",508944,2017-01-21,"Liverpool","Swansea","Swansea",NA,NA
"9580",508945,2017-01-21,"Manchester City","Tottenham",NA,"Manchester City","Tottenham"
"9581",508946,2017-01-21,"Middlesbrough","West Ham","West Ham",NA,NA
"9582",508949,2017-01-21,"Bournemouth","Watford",NA,"Bournemouth","Watford"
"9583",508950,2017-01-21,"Stoke City","Manchester United",NA,"Stoke City","Manchester United"
"9584",508941,2017-01-22,"Chelsea","Hull","Chelsea",NA,NA
"9585",508947,2017-01-22,"Arsenal","Burnley","Arsenal",NA,NA
"9586",508948,2017-01-22,"Southampton","Leicester","Southampton",NA,NA
"9587",508951,2017-01-31,"Swansea","Southampton","Swansea",NA,NA
"9588",508953,2017-01-31,"Arsenal","Watford","Watford",NA,NA
"9589",508954,2017-01-31,"Bournemouth","Crystal Palace","Crystal Palace",NA,NA
"9590",508955,2017-01-31,"Burnley","Leicester","Burnley",NA,NA
"9591",508956,2017-01-31,"Middlesbrough","West Brom",NA,"Middlesbrough","West Brom"
"9592",508957,2017-01-31,"Sunderland","Tottenham",NA,"Sunderland","Tottenham"
"9593",508959,2017-01-31,"Liverpool","Chelsea",NA,"Liverpool","Chelsea"
"9594",508952,2017-02-01,"West Ham","Manchester City","Manchester City",NA,NA
"9595",508958,2017-02-01,"Manchester United","Hull",NA,"Manchester United","Hull"
"9596",508960,2017-02-01,"Stoke City","Everton",NA,"Stoke City","Everton"
"9597",508961,2017-02-04,"Crystal Palace","Sunderland","Sunderland",NA,NA
"9598",508962,2017-02-04,"Watford","Burnley","Watford",NA,NA
"9599",508963,2017-02-04,"Everton","Bournemouth","Everton",NA,NA
"9600",508964,2017-02-04,"West Brom","Stoke City","West Brom",NA,NA
"9601",508965,2017-02-04,"Hull","Liverpool","Hull",NA,NA
"9602",508968,2017-02-04,"Southampton","West Ham","West Ham",NA,NA
"9603",508969,2017-02-04,"Chelsea","Arsenal","Chelsea",NA,NA
"9604",508970,2017-02-04,"Tottenham","Middlesbrough","Tottenham",NA,NA
"9605",508966,2017-02-05,"Leicester","Manchester United","Manchester United",NA,NA
"9606",508967,2017-02-05,"Manchester City","Swansea","Manchester City",NA,NA
"9607",508971,2017-02-11,"Manchester United","Watford","Manchester United",NA,NA
"9608",508972,2017-02-11,"Middlesbrough","Everton",NA,"Middlesbrough","Everton"
"9609",508973,2017-02-11,"Stoke City","Crystal Palace","Stoke City",NA,NA
"9610",508974,2017-02-11,"Arsenal","Hull","Arsenal",NA,NA
"9611",508975,2017-02-11,"Sunderland","Southampton","Southampton",NA,NA
"9612",508979,2017-02-11,"West Ham","West Brom",NA,"West Ham","West Brom"
"9613",508980,2017-02-11,"Liverpool","Tottenham","Liverpool",NA,NA
"9614",508977,2017-02-12,"Swansea","Leicester","Swansea",NA,NA
"9615",508978,2017-02-12,"Burnley","Chelsea",NA,"Burnley","Chelsea"
"9616",508976,2017-02-13,"Bournemouth","Manchester City","Manchester City",NA,NA
"9617",508981,2017-02-25,"Chelsea","Swansea","Chelsea",NA,NA
"9618",508983,2017-02-25,"Crystal Palace","Middlesbrough","Crystal Palace",NA,NA
"9619",508984,2017-02-25,"Watford","West Ham",NA,"Watford","West Ham"
"9620",508985,2017-02-25,"Everton","Sunderland","Everton",NA,NA
"9621",508986,2017-02-25,"West Brom","Bournemouth","West Brom",NA,NA
"9622",508987,2017-02-25,"Hull","Burnley",NA,"Hull","Burnley"
"9623",508982,2017-02-26,"Tottenham","Stoke City","Tottenham",NA,NA
"9624",508988,2017-02-27,"Leicester","Liverpool","Leicester",NA,NA
"9625",508991,2017-03-04,"Stoke City","Middlesbrough","Stoke City",NA,NA
"9626",508993,2017-03-04,"Swansea","Burnley","Swansea",NA,NA
"9627",508995,2017-03-04,"Leicester","Hull","Leicester",NA,NA
"9628",508996,2017-03-04,"Watford","Southampton","Southampton",NA,NA
"9629",508997,2017-03-04,"Liverpool","Arsenal","Liverpool",NA,NA
"9630",508998,2017-03-04,"West Brom","Crystal Palace","Crystal Palace",NA,NA
"9631",508999,2017-03-04,"Manchester United","Bournemouth",NA,"Manchester United","Bournemouth"
"9632",508992,2017-03-05,"Sunderland","Manchester City","Manchester City",NA,NA
"9633",508994,2017-03-05,"Tottenham","Everton","Tottenham",NA,NA
"9634",509000,2017-03-06,"West Ham","Chelsea","Chelsea",NA,NA
"9635",509003,2017-03-08,"Manchester City","Stoke City",NA,"Manchester City","Stoke City"
"9636",509001,2017-03-11,"Hull","Swansea","Hull",NA,NA
"9637",509004,2017-03-11,"Bournemouth","West Ham","Bournemouth",NA,NA
"9638",509009,2017-03-11,"Everton","West Brom","Everton",NA,NA
"9639",509010,2017-03-12,"Liverpool","Burnley","Liverpool",NA,NA
"9640",509011,2017-03-18,"Everton","Hull","Everton",NA,NA
"9641",509012,2017-03-18,"West Ham","Leicester","Leicester",NA,NA
"9642",509015,2017-03-18,"Stoke City","Chelsea","Chelsea",NA,NA
"9643",509016,2017-03-18,"Sunderland","Burnley",NA,"Sunderland","Burnley"
"9644",509017,2017-03-18,"Bournemouth","Swansea","Bournemouth",NA,NA
"9645",509019,2017-03-18,"Crystal Palace","Watford","Crystal Palace",NA,NA
"9646",509020,2017-03-18,"West Brom","Arsenal","West Brom",NA,NA
"9647",509013,2017-03-19,"Manchester City","Liverpool",NA,"Manchester City","Liverpool"
"9648",509014,2017-03-19,"Middlesbrough","Manchester United","Manchester United",NA,NA
"9649",509018,2017-03-19,"Tottenham","Southampton","Tottenham",NA,NA
"9650",509021,2017-04-01,"Liverpool","Everton","Liverpool",NA,NA
"9651",509022,2017-04-01,"Manchester United","West Brom",NA,"Manchester United","West Brom"
"9652",509024,2017-04-01,"Southampton","Bournemouth",NA,"Southampton","Bournemouth"
"9653",509025,2017-04-01,"Burnley","Tottenham","Tottenham",NA,NA
"9654",509027,2017-04-01,"Chelsea","Crystal Palace","Crystal Palace",NA,NA
"9655",509028,2017-04-01,"Watford","Sunderland","Watford",NA,NA
"9656",509029,2017-04-01,"Hull","West Ham","Hull",NA,NA
"9657",509030,2017-04-01,"Leicester","Stoke City","Leicester",NA,NA
"9658",509023,2017-04-02,"Arsenal","Manchester City",NA,"Arsenal","Manchester City"
"9659",509026,2017-04-02,"Swansea","Middlesbrough",NA,"Swansea","Middlesbrough"
"9660",509031,2017-04-04,"Burnley","Stoke City","Burnley",NA,NA
"9661",509033,2017-04-04,"Leicester","Sunderland","Leicester",NA,NA
"9662",509035,2017-04-04,"Watford","West Brom","Watford",NA,NA
"9663",509037,2017-04-04,"Manchester United","Everton",NA,"Manchester United","Everton"
"9664",509032,2017-04-05,"Hull","Middlesbrough","Hull",NA,NA
"9665",509034,2017-04-05,"Swansea","Tottenham","Tottenham",NA,NA
"9666",509036,2017-04-05,"Arsenal","West Ham","Arsenal",NA,NA
"9667",509038,2017-04-05,"Southampton","Crystal Palace","Southampton",NA,NA
"9668",509039,2017-04-05,"Chelsea","Manchester City","Chelsea",NA,NA
"9669",509040,2017-04-05,"Liverpool","Bournemouth",NA,"Liverpool","Bournemouth"
"9670",509041,2017-04-08,"Middlesbrough","Burnley",NA,"Middlesbrough","Burnley"
"9671",509042,2017-04-08,"Stoke City","Liverpool","Liverpool",NA,NA
"9672",509044,2017-04-08,"Bournemouth","Chelsea","Chelsea",NA,NA
"9673",509045,2017-04-08,"Tottenham","Watford","Tottenham",NA,NA
"9674",509047,2017-04-08,"West Brom","Southampton","Southampton",NA,NA
"9675",509049,2017-04-08,"West Ham","Swansea","West Ham",NA,NA
"9676",509050,2017-04-08,"Manchester City","Hull","Manchester City",NA,NA
"9677",509043,2017-04-09,"Sunderland","Manchester United","Manchester United",NA,NA
"9678",509048,2017-04-09,"Everton","Leicester","Everton",NA,NA
"9679",509046,2017-04-10,"Crystal Palace","Arsenal","Crystal Palace",NA,NA
"9680",509051,2017-04-15,"Crystal Palace","Leicester",NA,"Crystal Palace","Leicester"
"9681",509052,2017-04-15,"Tottenham","Bournemouth","Tottenham",NA,NA
"9682",509053,2017-04-15,"Everton","Burnley","Everton",NA,NA
"9683",509054,2017-04-15,"Watford","Swansea","Watford",NA,NA
"9684",509057,2017-04-15,"Southampton","Manchester City","Manchester City",NA,NA
"9685",509058,2017-04-15,"Stoke City","Hull","Stoke City",NA,NA
"9686",509059,2017-04-15,"Sunderland","West Ham",NA,"Sunderland","West Ham"
"9687",509055,2017-04-16,"Manchester United","Chelsea","Manchester United",NA,NA
"9688",509060,2017-04-16,"West Brom","Liverpool","Liverpool",NA,NA
"9689",509056,2017-04-17,"Middlesbrough","Arsenal","Arsenal",NA,NA
"9690",509062,2017-04-22,"Hull","Watford","Hull",NA,NA
"9691",509067,2017-04-22,"Bournemouth","Middlesbrough","Bournemouth",NA,NA
"9692",509068,2017-04-22,"Swansea","Stoke City","Swansea",NA,NA
"9693",509070,2017-04-22,"West Ham","Everton",NA,"West Ham","Everton"
"9694",509064,2017-04-23,"Liverpool","Crystal Palace","Crystal Palace",NA,NA
"9695",509069,2017-04-23,"Burnley","Manchester United","Manchester United",NA,NA
"9696",509061,2017-04-25,"Chelsea","Southampton","Chelsea",NA,NA
"9697",509002,2017-04-26,"Arsenal","Leicester","Arsenal",NA,NA
"9698",509005,2017-04-26,"Middlesbrough","Sunderland","Middlesbrough",NA,NA
"9699",509008,2017-04-26,"Crystal Palace","Tottenham","Tottenham",NA,NA
"9700",508989,2017-04-27,"Manchester City","Manchester United",NA,"Manchester City","Manchester United"
"9701",509071,2017-04-29,"Sunderland","Bournemouth","Bournemouth",NA,NA
"9702",509072,2017-04-29,"Crystal Palace","Burnley","Burnley",NA,NA
"9703",509077,2017-04-29,"West Brom","Leicester","Leicester",NA,NA
"9704",509079,2017-04-29,"Southampton","Hull",NA,"Southampton","Hull"
"9705",509080,2017-04-29,"Stoke City","West Ham",NA,"Stoke City","West Ham"
"9706",509073,2017-04-30,"Tottenham","Arsenal","Tottenham",NA,NA
"9707",509074,2017-04-30,"Everton","Chelsea","Chelsea",NA,NA
"9708",509076,2017-04-30,"Manchester United","Swansea",NA,"Manchester United","Swansea"
"9709",509078,2017-04-30,"Middlesbrough","Manchester City",NA,"Middlesbrough","Manchester City"
"9710",509075,2017-05-01,"Watford","Liverpool","Liverpool",NA,NA
"9711",509082,2017-05-05,"West Ham","Tottenham","West Ham",NA,NA
"9712",509081,2017-05-06,"Burnley","West Brom",NA,"Burnley","West Brom"
"9713",509084,2017-05-06,"Hull","Sunderland","Sunderland",NA,NA
"9714",509085,2017-05-06,"Leicester","Watford","Leicester",NA,NA
"9715",509088,2017-05-06,"Manchester City","Crystal Palace","Manchester City",NA,NA
"9716",509089,2017-05-06,"Bournemouth","Stoke City",NA,"Bournemouth","Stoke City"
"9717",509090,2017-05-06,"Swansea","Everton","Swansea",NA,NA
"9718",509086,2017-05-07,"Liverpool","Southampton",NA,"Liverpool","Southampton"
"9719",509087,2017-05-07,"Arsenal","Manchester United","Arsenal",NA,NA
"9720",509083,2017-05-08,"Chelsea","Middlesbrough","Chelsea",NA,NA
"9721",508990,2017-05-10,"Southampton","Arsenal","Arsenal",NA,NA
"9722",509096,2017-05-12,"West Brom","Chelsea","Chelsea",NA,NA
"9723",509097,2017-05-12,"Everton","Watford","Everton",NA,NA
"9724",509091,2017-05-13,"Stoke City","Arsenal","Arsenal",NA,NA
"9725",509092,2017-05-13,"Sunderland","Swansea","Swansea",NA,NA
"9726",509093,2017-05-13,"Bournemouth","Burnley","Bournemouth",NA,NA
"9727",509099,2017-05-13,"Manchester City","Leicester","Manchester City",NA,NA
"9728",509100,2017-05-13,"Middlesbrough","Southampton","Southampton",NA,NA
"9729",509094,2017-05-14,"Tottenham","Manchester United","Tottenham",NA,NA
"9730",509095,2017-05-14,"Crystal Palace","Hull","Crystal Palace",NA,NA
"9731",509098,2017-05-14,"West Ham","Liverpool","Liverpool",NA,NA
"9732",509007,2017-05-15,"Chelsea","Watford","Chelsea",NA,NA
"9733",509065,2017-05-16,"Arsenal","Sunderland","Arsenal",NA,NA
"9734",509066,2017-05-16,"Manchester City","West Brom","Manchester City",NA,NA
"9735",509006,2017-05-17,"Southampton","Manchester United",NA,"Southampton","Manchester United"
"9736",509063,2017-05-18,"Leicester","Tottenham","Tottenham",NA,NA
"9737",509101,2017-05-21,"Arsenal","Everton","Arsenal",NA,NA
"9738",509102,2017-05-21,"Southampton","Stoke City","Stoke City",NA,NA
"9739",509103,2017-05-21,"Burnley","West Ham","West Ham",NA,NA
"9740",509104,2017-05-21,"Swansea","West Brom","Swansea",NA,NA
"9741",509105,2017-05-21,"Chelsea","Sunderland","Chelsea",NA,NA
"9742",509106,2017-05-21,"Watford","Manchester City","Manchester City",NA,NA
"9743",509107,2017-05-21,"Hull","Tottenham","Tottenham",NA,NA
"9744",509108,2017-05-21,"Leicester","Bournemouth",NA,"Leicester","Bournemouth"
"9745",509109,2017-05-21,"Liverpool","Middlesbrough","Liverpool",NA,NA
"9746",509110,2017-05-21,"Manchester United","Crystal Palace","Manchester United",NA,NA
"9747",526540,2017-08-11,"Arsenal","Leicester","Arsenal",NA,NA
"9748",526541,2017-08-12,"Watford","Liverpool",NA,"Watford","Liverpool"
"9749",526542,2017-08-12,"West Brom","Bournemouth","West Brom",NA,NA
"9750",526543,2017-08-12,"Crystal Palace","Huddersfield Town","Huddersfield Town",NA,NA
"9751",526544,2017-08-12,"Everton","Stoke City","Everton",NA,NA
"9752",526545,2017-08-12,"Southampton","Swansea",NA,"Southampton","Swansea"
"9753",526546,2017-08-12,"Chelsea","Burnley","Burnley",NA,NA
"9754",526547,2017-08-12,"Brighton","Manchester City","Manchester City",NA,NA
"9755",526548,2017-08-13,"Newcastle","Tottenham","Tottenham",NA,NA
"9756",526549,2017-08-13,"Manchester United","West Ham","Manchester United",NA,NA
"9757",526550,2017-08-19,"Swansea","Manchester United","Manchester United",NA,NA
"9758",526551,2017-08-19,"Bournemouth","Watford","Watford",NA,NA
"9759",526552,2017-08-19,"Burnley","West Brom","West Brom",NA,NA
"9760",526553,2017-08-19,"Southampton","West Ham","Southampton",NA,NA
"9761",526554,2017-08-19,"Leicester","Brighton","Leicester",NA,NA
"9762",526555,2017-08-19,"Liverpool","Crystal Palace","Liverpool",NA,NA
"9763",526556,2017-08-19,"Stoke City","Arsenal","Stoke City",NA,NA
"9764",526557,2017-08-20,"Huddersfield Town","Newcastle","Huddersfield Town",NA,NA
"9765",526558,2017-08-20,"Tottenham","Chelsea","Chelsea",NA,NA
"9766",526559,2017-08-21,"Manchester City","Everton",NA,"Manchester City","Everton"
"9767",526560,2017-08-26,"Bournemouth","Manchester City","Manchester City",NA,NA
"9768",526561,2017-08-26,"Watford","Brighton",NA,"Watford","Brighton"
"9769",526562,2017-08-26,"Crystal Palace","Swansea","Swansea",NA,NA
"9770",526563,2017-08-26,"Huddersfield Town","Southampton",NA,"Huddersfield Town","Southampton"
"9771",526564,2017-08-26,"Newcastle","West Ham","Newcastle",NA,NA
"9772",526566,2017-08-26,"Manchester United","Leicester","Manchester United",NA,NA
"9773",526565,2017-08-27,"Chelsea","Everton","Chelsea",NA,NA
"9774",526567,2017-08-27,"West Brom","Stoke City",NA,"West Brom","Stoke City"
"9775",526568,2017-08-27,"Liverpool","Arsenal","Liverpool",NA,NA
"9776",526569,2017-08-27,"Tottenham","Burnley",NA,"Tottenham","Burnley"
"9777",526570,2017-09-09,"Manchester City","Liverpool","Manchester City",NA,NA
"9778",526571,2017-09-09,"Southampton","Watford","Watford",NA,NA
"9779",526572,2017-09-09,"Arsenal","Bournemouth","Arsenal",NA,NA
"9780",526573,2017-09-09,"Brighton","West Brom","Brighton",NA,NA
"9781",526574,2017-09-09,"Everton","Tottenham","Tottenham",NA,NA
"9782",526575,2017-09-09,"Leicester","Chelsea","Chelsea",NA,NA
"9783",526576,2017-09-09,"Stoke City","Manchester United",NA,"Stoke City","Manchester United"
"9784",526577,2017-09-10,"Burnley","Crystal Palace","Burnley",NA,NA
"9785",526578,2017-09-10,"Swansea","Newcastle","Newcastle",NA,NA
"9786",526579,2017-09-11,"West Ham","Huddersfield Town","West Ham",NA,NA
"9787",526580,2017-09-15,"Bournemouth","Brighton","Bournemouth",NA,NA
"9788",526581,2017-09-16,"Crystal Palace","Southampton","Southampton",NA,NA
"9789",526582,2017-09-16,"Watford","Manchester City","Manchester City",NA,NA
"9790",526583,2017-09-16,"West Brom","West Ham",NA,"West Brom","West Ham"
"9791",526584,2017-09-16,"Huddersfield Town","Leicester",NA,"Huddersfield Town","Leicester"
"9792",526585,2017-09-16,"Liverpool","Burnley",NA,"Liverpool","Burnley"
"9793",526586,2017-09-16,"Newcastle","Stoke City","Newcastle",NA,NA
"9794",526587,2017-09-16,"Tottenham","Swansea",NA,"Tottenham","Swansea"
"9795",526588,2017-09-17,"Chelsea","Arsenal",NA,"Chelsea","Arsenal"
"9796",526589,2017-09-17,"Manchester United","Everton","Manchester United",NA,NA
"9797",526590,2017-09-23,"West Ham","Tottenham","Tottenham",NA,NA
"9798",526591,2017-09-23,"Manchester City","Crystal Palace","Manchester City",NA,NA
"9799",526592,2017-09-23,"Southampton","Manchester United","Manchester United",NA,NA
"9800",526593,2017-09-23,"Stoke City","Chelsea","Chelsea",NA,NA
"9801",526594,2017-09-23,"Swansea","Watford","Watford",NA,NA
"9802",526595,2017-09-23,"Burnley","Huddersfield Town",NA,"Burnley","Huddersfield Town"
"9803",526596,2017-09-23,"Everton","Bournemouth","Everton",NA,NA
"9804",526597,2017-09-23,"Leicester","Liverpool","Liverpool",NA,NA
"9805",526598,2017-09-24,"Brighton","Newcastle","Brighton",NA,NA
"9806",526599,2017-09-25,"Arsenal","West Brom","Arsenal",NA,NA
"9807",526600,2017-09-30,"Huddersfield Town","Tottenham","Tottenham",NA,NA
"9808",526601,2017-09-30,"Stoke City","Southampton","Stoke City",NA,NA
"9809",526602,2017-09-30,"Bournemouth","Leicester",NA,"Bournemouth","Leicester"
"9810",526603,2017-09-30,"West Brom","Watford",NA,"West Brom","Watford"
"9811",526604,2017-09-30,"West Ham","Swansea","West Ham",NA,NA
"9812",526605,2017-09-30,"Manchester United","Crystal Palace","Manchester United",NA,NA
"9813",526606,2017-09-30,"Chelsea","Manchester City","Manchester City",NA,NA
"9814",526607,2017-10-01,"Arsenal","Brighton","Arsenal",NA,NA
"9815",526608,2017-10-01,"Everton","Burnley","Burnley",NA,NA
"9816",526609,2017-10-01,"Newcastle","Liverpool",NA,"Newcastle","Liverpool"
"9817",526610,2017-10-14,"Watford","Arsenal","Watford",NA,NA
"9818",526612,2017-10-14,"Liverpool","Manchester United",NA,"Liverpool","Manchester United"
"9819",526613,2017-10-14,"Manchester City","Stoke City","Manchester City",NA,NA
"9820",526616,2017-10-14,"Swansea","Huddersfield Town","Swansea",NA,NA
"9821",526617,2017-10-14,"Burnley","West Ham",NA,"Burnley","West Ham"
"9822",526618,2017-10-14,"Tottenham","Bournemouth","Tottenham",NA,NA
"9823",526619,2017-10-14,"Crystal Palace","Chelsea","Crystal Palace",NA,NA
"9824",526614,2017-10-15,"Southampton","Newcastle",NA,"Southampton","Newcastle"
"9825",526615,2017-10-15,"Brighton","Everton",NA,"Brighton","Everton"
"9826",526611,2017-10-16,"Leicester","West Brom",NA,"Leicester","West Brom"
"9827",526626,2017-10-20,"West Ham","Brighton","Brighton",NA,NA
"9828",526620,2017-10-21,"Stoke City","Bournemouth","Bournemouth",NA,NA
"9829",526621,2017-10-21,"Chelsea","Watford","Chelsea",NA,NA
"9830",526622,2017-10-21,"Swansea","Leicester","Leicester",NA,NA
"9831",526625,2017-10-21,"Huddersfield Town","Manchester United","Huddersfield Town",NA,NA
"9832",526627,2017-10-21,"Manchester City","Burnley","Manchester City",NA,NA
"9833",526628,2017-10-21,"Newcastle","Crystal Palace","Newcastle",NA,NA
"9834",526629,2017-10-21,"Southampton","West Brom","Southampton",NA,NA
"9835",526623,2017-10-22,"Everton","Arsenal","Arsenal",NA,NA
"9836",526624,2017-10-22,"Tottenham","Liverpool","Tottenham",NA,NA
"9837",526630,2017-10-28,"Watford","Stoke City","Stoke City",NA,NA
"9838",526632,2017-10-28,"West Brom","Manchester City","Manchester City",NA,NA
"9839",526634,2017-10-28,"Crystal Palace","West Ham",NA,"Crystal Palace","West Ham"
"9840",526636,2017-10-28,"Liverpool","Huddersfield Town","Liverpool",NA,NA
"9841",526637,2017-10-28,"Arsenal","Swansea","Arsenal",NA,NA
"9842",526638,2017-10-28,"Manchester United","Tottenham","Manchester United",NA,NA
"9843",526639,2017-10-28,"Bournemouth","Chelsea","Chelsea",NA,NA
"9844",526631,2017-10-29,"Brighton","Southampton",NA,"Brighton","Southampton"
"9845",526635,2017-10-29,"Leicester","Everton","Leicester",NA,NA
"9846",526633,2017-10-30,"Burnley","Newcastle","Burnley",NA,NA
"9847",526640,2017-11-04,"Southampton","Burnley","Burnley",NA,NA
"9848",526641,2017-11-04,"Stoke City","Leicester",NA,"Stoke City","Leicester"
"9849",526643,2017-11-04,"Swansea","Brighton","Brighton",NA,NA
"9850",526646,2017-11-04,"Huddersfield Town","West Brom","Huddersfield Town",NA,NA
"9851",526647,2017-11-04,"West Ham","Liverpool","Liverpool",NA,NA
"9852",526648,2017-11-04,"Newcastle","Bournemouth","Bournemouth",NA,NA
"9853",526642,2017-11-05,"Chelsea","Manchester United","Chelsea",NA,NA
"9854",526644,2017-11-05,"Everton","Watford","Everton",NA,NA
"9855",526645,2017-11-05,"Tottenham","Crystal Palace","Tottenham",NA,NA
"9856",526649,2017-11-05,"Manchester City","Arsenal","Manchester City",NA,NA
"9857",526650,2017-11-18,"Bournemouth","Huddersfield Town","Bournemouth",NA,NA
"9858",526653,2017-11-18,"West Brom","Chelsea","Chelsea",NA,NA
"9859",526654,2017-11-18,"Burnley","Swansea","Burnley",NA,NA
"9860",526655,2017-11-18,"Crystal Palace","Everton",NA,"Crystal Palace","Everton"
"9861",526656,2017-11-18,"Leicester","Manchester City","Manchester City",NA,NA
"9862",526657,2017-11-18,"Liverpool","Southampton","Liverpool",NA,NA
"9863",526658,2017-11-18,"Arsenal","Tottenham","Arsenal",NA,NA
"9864",526659,2017-11-18,"Manchester United","Newcastle","Manchester United",NA,NA
"9865",526651,2017-11-19,"Watford","West Ham","Watford",NA,NA
"9866",526652,2017-11-20,"Brighton","Stoke City",NA,"Brighton","Stoke City"
"9867",526667,2017-11-24,"West Ham","Leicester",NA,"West Ham","Leicester"
"9868",526660,2017-11-25,"Manchester United","Brighton","Manchester United",NA,NA
"9869",526661,2017-11-25,"Newcastle","Watford","Watford",NA,NA
"9870",526663,2017-11-25,"Swansea","Bournemouth",NA,"Swansea","Bournemouth"
"9871",526664,2017-11-25,"Crystal Palace","Stoke City","Crystal Palace",NA,NA
"9872",526665,2017-11-25,"Tottenham","West Brom",NA,"Tottenham","West Brom"
"9873",526668,2017-11-25,"Liverpool","Chelsea",NA,"Liverpool","Chelsea"
"9874",526662,2017-11-26,"Southampton","Everton","Southampton",NA,NA
"9875",526666,2017-11-26,"Huddersfield Town","Manchester City","Manchester City",NA,NA
"9876",526669,2017-11-26,"Burnley","Arsenal","Arsenal",NA,NA
"9877",526670,2017-11-28,"Brighton","Crystal Palace",NA,"Brighton","Crystal Palace"
"9878",526671,2017-11-28,"Leicester","Tottenham","Leicester",NA,NA
"9879",526672,2017-11-28,"Watford","Manchester United","Manchester United",NA,NA
"9880",526673,2017-11-28,"West Brom","Newcastle",NA,"West Brom","Newcastle"
"9881",526674,2017-11-29,"Arsenal","Huddersfield Town","Arsenal",NA,NA
"9882",526675,2017-11-29,"Bournemouth","Burnley","Burnley",NA,NA
"9883",526676,2017-11-29,"Everton","West Ham","Everton",NA,NA
"9884",526677,2017-11-29,"Chelsea","Swansea","Chelsea",NA,NA
"9885",526678,2017-11-29,"Manchester City","Southampton","Manchester City",NA,NA
"9886",526679,2017-11-29,"Stoke City","Liverpool","Liverpool",NA,NA
"9887",526680,2017-12-02,"West Brom","Crystal Palace",NA,"West Brom","Crystal Palace"
"9888",526681,2017-12-02,"Chelsea","Newcastle","Chelsea",NA,NA
"9889",526682,2017-12-02,"Everton","Huddersfield Town","Everton",NA,NA
"9890",526683,2017-12-02,"Leicester","Burnley","Leicester",NA,NA
"9891",526685,2017-12-02,"Arsenal","Manchester United","Manchester United",NA,NA
"9892",526686,2017-12-02,"Stoke City","Swansea","Stoke City",NA,NA
"9893",526688,2017-12-02,"Watford","Tottenham",NA,"Watford","Tottenham"
"9894",526689,2017-12-02,"Brighton","Liverpool","Liverpool",NA,NA
"9895",526684,2017-12-03,"Manchester City","West Ham","Manchester City",NA,NA
"9896",526687,2017-12-03,"Bournemouth","Southampton",NA,"Bournemouth","Southampton"
"9897",526690,2017-12-09,"Burnley","Watford","Burnley",NA,NA
"9898",526691,2017-12-09,"Swansea","West Brom","Swansea",NA,NA
"9899",526692,2017-12-09,"Crystal Palace","Bournemouth",NA,"Crystal Palace","Bournemouth"
"9900",526693,2017-12-09,"Tottenham","Stoke City","Tottenham",NA,NA
"9901",526694,2017-12-09,"Huddersfield Town","Brighton","Huddersfield Town",NA,NA
"9902",526695,2017-12-09,"West Ham","Chelsea","West Ham",NA,NA
"9903",526698,2017-12-09,"Newcastle","Leicester","Leicester",NA,NA
"9904",526696,2017-12-10,"Liverpool","Everton",NA,"Liverpool","Everton"
"9905",526697,2017-12-10,"Manchester United","Manchester City","Manchester City",NA,NA
"9906",526699,2017-12-10,"Southampton","Arsenal",NA,"Southampton","Arsenal"
"9907",526701,2017-12-12,"Burnley","Stoke City","Burnley",NA,NA
"9908",526702,2017-12-12,"Huddersfield Town","Chelsea","Chelsea",NA,NA
"9909",526703,2017-12-12,"Crystal Palace","Watford","Crystal Palace",NA,NA
"9910",526700,2017-12-13,"Swansea","Manchester City","Manchester City",NA,NA
"9911",526704,2017-12-13,"Manchester United","Bournemouth","Manchester United",NA,NA
"9912",526705,2017-12-13,"West Ham","Arsenal",NA,"West Ham","Arsenal"
"9913",526706,2017-12-13,"Newcastle","Everton","Everton",NA,NA
"9914",526707,2017-12-13,"Southampton","Leicester","Leicester",NA,NA
"9915",526708,2017-12-13,"Liverpool","West Brom",NA,"Liverpool","West Brom"
"9916",526709,2017-12-13,"Tottenham","Brighton","Tottenham",NA,NA
"9917",526710,2017-12-16,"Leicester","Crystal Palace","Crystal Palace",NA,NA
"9918",526711,2017-12-16,"Manchester City","Tottenham","Manchester City",NA,NA
"9919",526712,2017-12-16,"Arsenal","Newcastle","Arsenal",NA,NA
"9920",526713,2017-12-16,"Stoke City","West Ham","West Ham",NA,NA
"9921",526715,2017-12-16,"Watford","Huddersfield Town","Huddersfield Town",NA,NA
"9922",526716,2017-12-16,"Brighton","Burnley",NA,"Brighton","Burnley"
"9923",526718,2017-12-16,"Chelsea","Southampton","Chelsea",NA,NA
"9924",526714,2017-12-17,"Bournemouth","Liverpool","Liverpool",NA,NA
"9925",526717,2017-12-17,"West Brom","Manchester United","Manchester United",NA,NA
"9926",526719,2017-12-18,"Everton","Swansea","Everton",NA,NA
"9927",526728,2017-12-22,"Arsenal","Liverpool",NA,"Arsenal","Liverpool"
"9928",526720,2017-12-23,"Brighton","Watford","Brighton",NA,NA
"9929",526721,2017-12-23,"Swansea","Crystal Palace",NA,"Swansea","Crystal Palace"
"9930",526722,2017-12-23,"Burnley","Tottenham","Tottenham",NA,NA
"9931",526723,2017-12-23,"West Ham","Newcastle","Newcastle",NA,NA
"9932",526724,2017-12-23,"Everton","Chelsea",NA,"Everton","Chelsea"
"9933",526725,2017-12-23,"Leicester","Manchester United",NA,"Leicester","Manchester United"
"9934",526726,2017-12-23,"Manchester City","Bournemouth","Manchester City",NA,NA
"9935",526727,2017-12-23,"Southampton","Huddersfield Town",NA,"Southampton","Huddersfield Town"
"9936",526729,2017-12-23,"Stoke City","West Brom","Stoke City",NA,NA
"9937",526730,2017-12-26,"Liverpool","Swansea","Liverpool",NA,NA
"9938",526731,2017-12-26,"Manchester United","Burnley",NA,"Manchester United","Burnley"
"9939",526733,2017-12-26,"Bournemouth","West Ham",NA,"Bournemouth","West Ham"
"9940",526734,2017-12-26,"Tottenham","Southampton","Tottenham",NA,NA
"9941",526735,2017-12-26,"Chelsea","Brighton","Chelsea",NA,NA
"9942",526736,2017-12-26,"Watford","Leicester","Watford",NA,NA
"9943",526738,2017-12-26,"West Brom","Everton",NA,"West Brom","Everton"
"9944",526739,2017-12-26,"Huddersfield Town","Stoke City",NA,"Huddersfield Town","Stoke City"
"9945",526732,2017-12-27,"Newcastle","Manchester City","Manchester City",NA,NA
"9946",526737,2017-12-28,"Crystal Palace","Arsenal","Arsenal",NA,NA
"9947",526740,2017-12-30,"Bournemouth","Everton","Bournemouth",NA,NA
"9948",526742,2017-12-30,"Chelsea","Stoke City","Chelsea",NA,NA
"9949",526743,2017-12-30,"Watford","Swansea","Swansea",NA,NA
"9950",526746,2017-12-30,"Huddersfield Town","Burnley",NA,"Huddersfield Town","Burnley"
"9951",526747,2017-12-30,"Liverpool","Leicester","Liverpool",NA,NA
"9952",526748,2017-12-30,"Manchester United","Southampton",NA,"Manchester United","Southampton"
"9953",526749,2017-12-30,"Newcastle","Brighton",NA,"Newcastle","Brighton"
"9954",526744,2017-12-31,"Crystal Palace","Manchester City",NA,"Crystal Palace","Manchester City"
"9955",526745,2017-12-31,"West Brom","Arsenal",NA,"West Brom","Arsenal"
"9956",526751,2018-01-01,"Everton","Manchester United","Manchester United",NA,NA
"9957",526752,2018-01-01,"Leicester","Huddersfield Town","Leicester",NA,NA
"9958",526756,2018-01-01,"Stoke City","Newcastle","Newcastle",NA,NA
"9959",526757,2018-01-01,"Brighton","Bournemouth",NA,"Brighton","Bournemouth"
"9960",526759,2018-01-01,"Burnley","Liverpool","Liverpool",NA,NA
"9961",526750,2018-01-02,"West Ham","West Brom","West Ham",NA,NA
"9962",526753,2018-01-02,"Manchester City","Watford","Manchester City",NA,NA
"9963",526754,2018-01-02,"Southampton","Crystal Palace","Crystal Palace",NA,NA
"9964",526758,2018-01-02,"Swansea","Tottenham","Tottenham",NA,NA
"9965",526755,2018-01-03,"Arsenal","Chelsea",NA,"Arsenal","Chelsea"
"9966",526741,2018-01-04,"Tottenham","West Ham",NA,"Tottenham","West Ham"
"9967",526760,2018-01-13,"Newcastle","Swansea",NA,"Newcastle","Swansea"
"9968",526762,2018-01-13,"Tottenham","Everton","Tottenham",NA,NA
"9969",526763,2018-01-13,"Chelsea","Leicester",NA,"Chelsea","Leicester"
"9970",526764,2018-01-13,"Watford","Southampton",NA,"Watford","Southampton"
"9971",526765,2018-01-13,"Crystal Palace","Burnley","Crystal Palace",NA,NA
"9972",526766,2018-01-13,"West Brom","Brighton","West Brom",NA,NA
"9973",526767,2018-01-13,"Huddersfield Town","West Ham","West Ham",NA,NA
"9974",526761,2018-01-14,"Bournemouth","Arsenal","Bournemouth",NA,NA
"9975",526768,2018-01-14,"Liverpool","Manchester City","Liverpool",NA,NA
"9976",526769,2018-01-15,"Manchester United","Stoke City","Manchester United",NA,NA
"9977",526770,2018-01-20,"Burnley","Manchester United","Manchester United",NA,NA
"9978",526771,2018-01-20,"West Ham","Bournemouth",NA,"West Ham","Bournemouth"
"9979",526772,2018-01-20,"Everton","West Brom",NA,"Everton","West Brom"
"9980",526773,2018-01-20,"Leicester","Watford","Leicester",NA,NA
"9981",526774,2018-01-20,"Manchester City","Newcastle","Manchester City",NA,NA
"9982",526776,2018-01-20,"Arsenal","Crystal Palace","Arsenal",NA,NA
"9983",526777,2018-01-20,"Stoke City","Huddersfield Town","Stoke City",NA,NA
"9984",526778,2018-01-20,"Brighton","Chelsea","Chelsea",NA,NA
"9985",526775,2018-01-21,"Southampton","Tottenham",NA,"Southampton","Tottenham"
"9986",526779,2018-01-22,"Swansea","Liverpool","Swansea",NA,NA
"9987",526780,2018-01-30,"Huddersfield Town","Liverpool","Liverpool",NA,NA
"9988",526781,2018-01-30,"Swansea","Arsenal","Swansea",NA,NA
"9989",526782,2018-01-30,"West Ham","Crystal Palace",NA,"West Ham","Crystal Palace"
"9990",526783,2018-01-31,"Newcastle","Burnley",NA,"Newcastle","Burnley"
"9991",526784,2018-01-31,"Southampton","Brighton",NA,"Southampton","Brighton"
"9992",526785,2018-01-31,"Chelsea","Bournemouth","Bournemouth",NA,NA
"9993",526786,2018-01-31,"Everton","Leicester","Everton",NA,NA
"9994",526787,2018-01-31,"Manchester City","West Brom","Manchester City",NA,NA
"9995",526788,2018-01-31,"Stoke City","Watford",NA,"Stoke City","Watford"
"9996",526789,2018-01-31,"Tottenham","Manchester United","Tottenham",NA,NA
"9997",526790,2018-02-03,"Bournemouth","Stoke City","Bournemouth",NA,NA
"9998",526792,2018-02-03,"Brighton","West Ham","Brighton",NA,NA
"9999",526793,2018-02-03,"West Brom","Southampton","Southampton",NA,NA
"10000",526794,2018-02-03,"Burnley","Manchester City",NA,"Burnley","Manchester City"
"10001",526796,2018-02-03,"Leicester","Swansea",NA,"Leicester","Swansea"
"10002",526798,2018-02-03,"Arsenal","Everton","Arsenal",NA,NA
"10003",526799,2018-02-03,"Manchester United","Huddersfield Town","Manchester United",NA,NA
"10004",526795,2018-02-04,"Crystal Palace","Newcastle",NA,"Crystal Palace","Newcastle"
"10005",526797,2018-02-04,"Liverpool","Tottenham",NA,"Liverpool","Tottenham"
"10006",526791,2018-02-05,"Watford","Chelsea","Watford",NA,NA
"10007",526802,2018-02-10,"Stoke City","Brighton",NA,"Stoke City","Brighton"
"10008",526804,2018-02-10,"Swansea","Burnley","Swansea",NA,NA
"10009",526805,2018-02-10,"Everton","Crystal Palace","Everton",NA,NA
"10010",526806,2018-02-10,"Tottenham","Arsenal","Tottenham",NA,NA
"10011",526808,2018-02-10,"West Ham","Watford","West Ham",NA,NA
"10012",526809,2018-02-10,"Manchester City","Leicester","Manchester City",NA,NA
"10013",526800,2018-02-11,"Newcastle","Manchester United","Newcastle",NA,NA
"10014",526801,2018-02-11,"Southampton","Liverpool","Liverpool",NA,NA
"10015",526807,2018-02-11,"Huddersfield Town","Bournemouth","Huddersfield Town",NA,NA
"10016",526803,2018-02-12,"Chelsea","West Brom","Chelsea",NA,NA
"10017",526812,2018-02-24,"Bournemouth","Newcastle",NA,"Bournemouth","Newcastle"
"10018",526813,2018-02-24,"Watford","Everton","Watford",NA,NA
"10019",526814,2018-02-24,"Brighton","Swansea","Brighton",NA,NA
"10020",526815,2018-02-24,"West Brom","Huddersfield Town","Huddersfield Town",NA,NA
"10021",526816,2018-02-24,"Burnley","Southampton",NA,"Burnley","Southampton"
"10022",526818,2018-02-24,"Leicester","Stoke City",NA,"Leicester","Stoke City"
"10023",526819,2018-02-24,"Liverpool","West Ham","Liverpool",NA,NA
"10024",526811,2018-02-25,"Manchester United","Chelsea","Manchester United",NA,NA
"10025",526817,2018-02-25,"Crystal Palace","Tottenham","Tottenham",NA,NA
"10026",526810,2018-03-01,"Arsenal","Manchester City","Manchester City",NA,NA
"10027",526820,2018-03-03,"Watford","West Brom","Watford",NA,NA
"10028",526821,2018-03-03,"Leicester","Bournemouth",NA,"Leicester","Bournemouth"
"10029",526822,2018-03-03,"Liverpool","Newcastle","Liverpool",NA,NA
"10030",526824,2018-03-03,"Southampton","Stoke City",NA,"Southampton","Stoke City"
"10031",526826,2018-03-03,"Swansea","West Ham","Swansea",NA,NA
"10032",526827,2018-03-03,"Burnley","Everton","Burnley",NA,NA
"10033",526828,2018-03-03,"Tottenham","Huddersfield Town","Tottenham",NA,NA
"10034",526823,2018-03-04,"Manchester City","Chelsea","Manchester City",NA,NA
"10035",526825,2018-03-04,"Brighton","Arsenal","Brighton",NA,NA
"10036",526829,2018-03-05,"Crystal Palace","Manchester United","Manchester United",NA,NA
"10037",526830,2018-03-10,"Newcastle","Southampton","Newcastle",NA,NA
"10038",526834,2018-03-10,"West Brom","Leicester","Leicester",NA,NA
"10039",526835,2018-03-10,"Chelsea","Crystal Palace","Chelsea",NA,NA
"10040",526836,2018-03-10,"West Ham","Burnley","Burnley",NA,NA
"10041",526837,2018-03-10,"Everton","Brighton","Everton",NA,NA
"10042",526838,2018-03-10,"Huddersfield Town","Swansea",NA,"Huddersfield Town","Swansea"
"10043",526839,2018-03-10,"Manchester United","Liverpool","Manchester United",NA,NA
"10044",526831,2018-03-11,"Arsenal","Watford","Arsenal",NA,NA
"10045",526833,2018-03-11,"Bournemouth","Tottenham","Tottenham",NA,NA
"10046",526832,2018-03-12,"Stoke City","Manchester City","Manchester City",NA,NA
"10047",526840,2018-03-17,"Huddersfield Town","Crystal Palace","Crystal Palace",NA,NA
"10048",526843,2018-03-17,"Liverpool","Watford","Liverpool",NA,NA
"10049",526845,2018-03-17,"Stoke City","Everton","Everton",NA,NA
"10050",526846,2018-03-17,"Bournemouth","West Brom","Bournemouth",NA,NA
"10051",526850,2018-03-31,"Manchester United","Swansea","Manchester United",NA,NA
"10052",526851,2018-03-31,"Newcastle","Huddersfield Town","Newcastle",NA,NA
"10053",526853,2018-03-31,"Brighton","Leicester","Leicester",NA,NA
"10054",526854,2018-03-31,"Watford","Bournemouth",NA,"Watford","Bournemouth"
"10055",526855,2018-03-31,"West Ham","Southampton","West Ham",NA,NA
"10056",526857,2018-03-31,"West Brom","Burnley","Burnley",NA,NA
"10057",526858,2018-03-31,"Crystal Palace","Liverpool","Liverpool",NA,NA
"10058",526859,2018-03-31,"Everton","Manchester City","Manchester City",NA,NA
"10059",526852,2018-04-01,"Arsenal","Stoke City","Arsenal",NA,NA
"10060",526856,2018-04-01,"Chelsea","Tottenham","Tottenham",NA,NA
"10061",526860,2018-04-07,"Bournemouth","Crystal Palace",NA,"Bournemouth","Crystal Palace"
"10062",526861,2018-04-07,"Watford","Burnley","Burnley",NA,NA
"10063",526862,2018-04-07,"Brighton","Huddersfield Town",NA,"Brighton","Huddersfield Town"
"10064",526863,2018-04-07,"West Brom","Swansea",NA,"West Brom","Swansea"
"10065",526865,2018-04-07,"Everton","Liverpool",NA,"Everton","Liverpool"
"10066",526866,2018-04-07,"Leicester","Newcastle","Newcastle",NA,NA
"10067",526867,2018-04-07,"Manchester City","Manchester United","Manchester United",NA,NA
"10068",526869,2018-04-07,"Stoke City","Tottenham","Tottenham",NA,NA
"10069",526864,2018-04-08,"Chelsea","West Ham",NA,"Chelsea","West Ham"
"10070",526868,2018-04-08,"Arsenal","Southampton","Arsenal",NA,NA
"10071",526872,2018-04-14,"Southampton","Chelsea","Chelsea",NA,NA
"10072",526873,2018-04-14,"Burnley","Leicester","Burnley",NA,NA
"10073",526874,2018-04-14,"Swansea","Everton",NA,"Swansea","Everton"
"10074",526875,2018-04-14,"Crystal Palace","Brighton","Crystal Palace",NA,NA
"10075",526876,2018-04-14,"Tottenham","Manchester City","Manchester City",NA,NA
"10076",526877,2018-04-14,"Huddersfield Town","Watford","Huddersfield Town",NA,NA
"10077",526879,2018-04-14,"Liverpool","Bournemouth","Liverpool",NA,NA
"10078",526870,2018-04-15,"Manchester United","West Brom","West Brom",NA,NA
"10079",526871,2018-04-15,"Newcastle","Arsenal","Newcastle",NA,NA
"10080",526878,2018-04-16,"West Ham","Stoke City",NA,"West Ham","Stoke City"
"10081",526884,2018-04-17,"Brighton","Tottenham",NA,"Brighton","Tottenham"
"10082",526882,2018-04-18,"Bournemouth","Manchester United","Manchester United",NA,NA
"10083",526848,2018-04-19,"Burnley","Chelsea","Chelsea",NA,NA
"10084",526888,2018-04-19,"Leicester","Southampton",NA,"Leicester","Southampton"
"10085",526883,2018-04-21,"Watford","Crystal Palace",NA,"Watford","Crystal Palace"
"10086",526885,2018-04-21,"West Brom","Liverpool",NA,"West Brom","Liverpool"
"10087",526880,2018-04-22,"Arsenal","West Ham","Arsenal",NA,NA
"10088",526881,2018-04-22,"Stoke City","Burnley",NA,"Stoke City","Burnley"
"10089",526889,2018-04-22,"Manchester City","Swansea","Manchester City",NA,NA
"10090",526887,2018-04-23,"Everton","Newcastle","Everton",NA,NA
"10091",526890,2018-04-28,"Liverpool","Stoke City",NA,"Liverpool","Stoke City"
"10092",526892,2018-04-28,"Newcastle","West Brom","West Brom",NA,NA
"10093",526893,2018-04-28,"Southampton","Bournemouth","Southampton",NA,NA
"10094",526895,2018-04-28,"Burnley","Brighton",NA,"Burnley","Brighton"
"10095",526896,2018-04-28,"Swansea","Chelsea","Chelsea",NA,NA
"10096",526897,2018-04-28,"Crystal Palace","Leicester","Crystal Palace",NA,NA
"10097",526899,2018-04-28,"Huddersfield Town","Everton","Everton",NA,NA
"10098",526891,2018-04-29,"Manchester United","Arsenal","Manchester United",NA,NA
"10099",526894,2018-04-29,"West Ham","Manchester City","Manchester City",NA,NA
"10100",526898,2018-04-30,"Tottenham","Watford","Tottenham",NA,NA
"10101",526905,2018-05-04,"Brighton","Manchester United","Brighton",NA,NA
"10102",526902,2018-05-05,"Stoke City","Crystal Palace","Crystal Palace",NA,NA
"10103",526903,2018-05-05,"Bournemouth","Swansea","Bournemouth",NA,NA
"10104",526904,2018-05-05,"Watford","Newcastle","Watford",NA,NA
"10105",526907,2018-05-05,"Everton","Southampton",NA,"Everton","Southampton"
"10106",526908,2018-05-05,"Leicester","West Ham","West Ham",NA,NA
"10107",526909,2018-05-05,"West Brom","Tottenham","West Brom",NA,NA
"10108",526900,2018-05-06,"Manchester City","Huddersfield Town",NA,"Manchester City","Huddersfield Town"
"10109",526901,2018-05-06,"Arsenal","Burnley","Arsenal",NA,NA
"10110",526906,2018-05-06,"Chelsea","Liverpool","Chelsea",NA,NA
"10111",526847,2018-05-08,"Swansea","Southampton","Southampton",NA,NA
"10112",526842,2018-05-09,"Leicester","Arsenal","Leicester",NA,NA
"10113",526844,2018-05-09,"Manchester City","Brighton","Manchester City",NA,NA
"10114",526849,2018-05-09,"Tottenham","Newcastle","Tottenham",NA,NA
"10115",526886,2018-05-09,"Chelsea","Huddersfield Town",NA,"Chelsea","Huddersfield Town"
"10116",526841,2018-05-10,"West Ham","Manchester United",NA,"West Ham","Manchester United"
"10117",526910,2018-05-13,"Tottenham","Leicester","Tottenham",NA,NA
"10118",526911,2018-05-13,"Huddersfield Town","Arsenal","Arsenal",NA,NA
"10119",526912,2018-05-13,"West Ham","Everton","West Ham",NA,NA
"10120",526913,2018-05-13,"Liverpool","Brighton","Liverpool",NA,NA
"10121",526914,2018-05-13,"Manchester United","Watford","Manchester United",NA,NA
"10122",526915,2018-05-13,"Newcastle","Chelsea","Newcastle",NA,NA
"10123",526916,2018-05-13,"Southampton","Manchester City","Manchester City",NA,NA
"10124",526917,2018-05-13,"Burnley","Bournemouth","Bournemouth",NA,NA
"10125",526918,2018-05-13,"Swansea","Stoke City","Stoke City",NA,NA
"10126",526919,2018-05-13,"Crystal Palace","West Brom","Crystal Palace",NA,NA
"10127",576470,2018-08-10,"Manchester United","Leicester","Manchester United",NA,NA
"10128",576471,2018-08-11,"Newcastle","Tottenham","Tottenham",NA,NA
"10129",576474,2018-08-11,"Bournemouth","Cardiff","Bournemouth",NA,NA
"10130",576475,2018-08-11,"Watford","Brighton","Watford",NA,NA
"10131",576476,2018-08-11,"Fulham","Crystal Palace","Crystal Palace",NA,NA
"10132",576477,2018-08-11,"Wolves","Everton",NA,"Wolves","Everton"
"10133",576478,2018-08-11,"Huddersfield Town","Chelsea","Chelsea",NA,NA
"10134",576472,2018-08-12,"Arsenal","Manchester City","Manchester City",NA,NA
"10135",576473,2018-08-12,"Southampton","Burnley",NA,"Southampton","Burnley"
"10136",576479,2018-08-12,"Liverpool","West Ham","Liverpool",NA,NA
"10137",576481,2018-08-18,"Tottenham","Fulham","Tottenham",NA,NA
"10138",576482,2018-08-18,"Cardiff","Newcastle",NA,"Cardiff","Newcastle"
"10139",576483,2018-08-18,"West Ham","Bournemouth","Bournemouth",NA,NA
"10140",576484,2018-08-18,"Chelsea","Arsenal","Chelsea",NA,NA
"10141",576486,2018-08-18,"Everton","Southampton","Everton",NA,NA
"10142",576487,2018-08-18,"Leicester","Wolves","Leicester",NA,NA
"10143",576480,2018-08-19,"Burnley","Watford","Watford",NA,NA
"10144",576488,2018-08-19,"Brighton","Manchester United","Brighton",NA,NA
"10145",576489,2018-08-19,"Manchester City","Huddersfield Town","Manchester City",NA,NA
"10146",576485,2018-08-20,"Crystal Palace","Liverpool","Liverpool",NA,NA
"10147",576490,2018-08-25,"Liverpool","Brighton","Liverpool",NA,NA
"10148",576493,2018-08-25,"Arsenal","West Ham","Arsenal",NA,NA
"10149",576494,2018-08-25,"Southampton","Leicester","Leicester",NA,NA
"10150",576495,2018-08-25,"Bournemouth","Everton",NA,"Bournemouth","Everton"
"10151",576498,2018-08-25,"Wolves","Manchester City",NA,"Wolves","Manchester City"
"10152",576499,2018-08-25,"Huddersfield Town","Cardiff",NA,"Huddersfield Town","Cardiff"
"10153",576492,2018-08-26,"Newcastle","Chelsea","Chelsea",NA,NA
"10154",576496,2018-08-26,"Watford","Crystal Palace","Watford",NA,NA
"10155",576497,2018-08-26,"Fulham","Burnley","Fulham",NA,NA
"10156",576491,2018-08-27,"Manchester United","Tottenham","Tottenham",NA,NA
"10157",576500,2018-09-01,"Brighton","Fulham",NA,"Brighton","Fulham"
"10158",576501,2018-09-01,"Manchester City","Newcastle","Manchester City",NA,NA
"10159",576505,2018-09-01,"West Ham","Wolves","Wolves",NA,NA
"10160",576506,2018-09-01,"Chelsea","Bournemouth","Chelsea",NA,NA
"10161",576507,2018-09-01,"Crystal Palace","Southampton","Southampton",NA,NA
"10162",576508,2018-09-01,"Everton","Huddersfield Town",NA,"Everton","Huddersfield Town"
"10163",576509,2018-09-01,"Leicester","Liverpool","Liverpool",NA,NA
"10164",576502,2018-09-02,"Burnley","Manchester United","Manchester United",NA,NA
"10165",576503,2018-09-02,"Watford","Tottenham","Watford",NA,NA
"10166",576504,2018-09-02,"Cardiff","Arsenal","Arsenal",NA,NA
"10167",576511,2018-09-15,"Huddersfield Town","Crystal Palace","Crystal Palace",NA,NA
"10168",576512,2018-09-15,"Manchester City","Fulham","Manchester City",NA,NA
"10169",576513,2018-09-15,"Newcastle","Arsenal","Arsenal",NA,NA
"10170",576515,2018-09-15,"Bournemouth","Leicester","Bournemouth",NA,NA
"10171",576516,2018-09-15,"Tottenham","Liverpool","Liverpool",NA,NA
"10172",576517,2018-09-15,"Chelsea","Cardiff","Chelsea",NA,NA
"10173",576518,2018-09-15,"Watford","Manchester United","Manchester United",NA,NA
"10174",576510,2018-09-16,"Wolves","Burnley","Wolves",NA,NA
"10175",576519,2018-09-16,"Everton","West Ham","West Ham",NA,NA
"10176",576514,2018-09-17,"Southampton","Brighton",NA,"Southampton","Brighton"
"10177",576520,2018-09-22,"Leicester","Huddersfield Town","Leicester",NA,NA
"10178",576522,2018-09-22,"Liverpool","Southampton","Liverpool",NA,NA
"10179",576523,2018-09-22,"Brighton","Tottenham","Tottenham",NA,NA
"10180",576524,2018-09-22,"Manchester United","Wolves",NA,"Manchester United","Wolves"
"10181",576525,2018-09-22,"Burnley","Bournemouth","Burnley",NA,NA
"10182",576527,2018-09-22,"Cardiff","Manchester City","Manchester City",NA,NA
"10183",576528,2018-09-22,"Crystal Palace","Newcastle",NA,"Crystal Palace","Newcastle"
"10184",576529,2018-09-22,"Fulham","Watford",NA,"Fulham","Watford"
"10185",576521,2018-09-23,"Arsenal","Everton","Arsenal",NA,NA
"10186",576526,2018-09-23,"West Ham","Chelsea",NA,"West Ham","Chelsea"
"10187",576531,2018-09-29,"Wolves","Southampton","Wolves",NA,NA
"10188",576532,2018-09-29,"Chelsea","Liverpool",NA,"Chelsea","Liverpool"
"10189",576533,2018-09-29,"Everton","Fulham","Everton",NA,NA
"10190",576534,2018-09-29,"Huddersfield Town","Tottenham","Tottenham",NA,NA
"10191",576535,2018-09-29,"Manchester City","Brighton","Manchester City",NA,NA
"10192",576536,2018-09-29,"Arsenal","Watford","Arsenal",NA,NA
"10193",576537,2018-09-29,"Newcastle","Leicester","Leicester",NA,NA
"10194",576539,2018-09-29,"West Ham","Manchester United","West Ham",NA,NA
"10195",576530,2018-09-30,"Cardiff","Burnley","Burnley",NA,NA
"10196",576538,2018-10-01,"Bournemouth","Crystal Palace","Bournemouth",NA,NA
"10197",576542,2018-10-05,"Brighton","West Ham","Brighton",NA,NA
"10198",576541,2018-10-06,"Manchester United","Newcastle","Manchester United",NA,NA
"10199",576544,2018-10-06,"Burnley","Huddersfield Town",NA,"Burnley","Huddersfield Town"
"10200",576545,2018-10-06,"Tottenham","Cardiff","Tottenham",NA,NA
"10201",576546,2018-10-06,"Crystal Palace","Wolves","Wolves",NA,NA
"10202",576547,2018-10-06,"Watford","Bournemouth","Bournemouth",NA,NA
"10203",576549,2018-10-06,"Leicester","Everton","Everton",NA,NA
"10204",576540,2018-10-07,"Liverpool","Manchester City",NA,"Liverpool","Manchester City"
"10205",576543,2018-10-07,"Southampton","Chelsea","Chelsea",NA,NA
"10206",576548,2018-10-07,"Fulham","Arsenal","Arsenal",NA,NA
"10207",576550,2018-10-20,"Bournemouth","Southampton",NA,"Bournemouth","Southampton"
"10208",576551,2018-10-20,"West Ham","Tottenham","Tottenham",NA,NA
"10209",576552,2018-10-20,"Cardiff","Fulham","Cardiff",NA,NA
"10210",576553,2018-10-20,"Wolves","Watford","Watford",NA,NA
"10211",576554,2018-10-20,"Chelsea","Manchester United",NA,"Chelsea","Manchester United"
"10212",576556,2018-10-20,"Huddersfield Town","Liverpool","Liverpool",NA,NA
"10213",576557,2018-10-20,"Manchester City","Burnley","Manchester City",NA,NA
"10214",576559,2018-10-20,"Newcastle","Brighton","Brighton",NA,NA
"10215",576555,2018-10-21,"Everton","Crystal Palace","Everton",NA,NA
"10216",576558,2018-10-22,"Arsenal","Leicester","Arsenal",NA,NA
"10217",576560,2018-10-27,"Leicester","West Ham",NA,"Leicester","West Ham"
"10218",576561,2018-10-27,"Liverpool","Cardiff","Liverpool",NA,NA
"10219",576563,2018-10-27,"Brighton","Wolves","Brighton",NA,NA
"10220",576564,2018-10-27,"Southampton","Newcastle",NA,"Southampton","Newcastle"
"10221",576568,2018-10-27,"Watford","Huddersfield Town","Watford",NA,NA
"10222",576569,2018-10-27,"Fulham","Bournemouth","Bournemouth",NA,NA
"10223",576562,2018-10-28,"Manchester United","Everton","Manchester United",NA,NA
"10224",576565,2018-10-28,"Burnley","Chelsea","Chelsea",NA,NA
"10225",576567,2018-10-28,"Crystal Palace","Arsenal",NA,"Crystal Palace","Arsenal"
"10226",576566,2018-10-29,"Tottenham","Manchester City","Manchester City",NA,NA
"10227",576570,2018-11-03,"Arsenal","Liverpool",NA,"Arsenal","Liverpool"
"10228",576571,2018-11-03,"Newcastle","Watford","Newcastle",NA,NA
"10229",576572,2018-11-03,"Bournemouth","Manchester United","Manchester United",NA,NA
"10230",576573,2018-11-03,"West Ham","Burnley","West Ham",NA,NA
"10231",576574,2018-11-03,"Cardiff","Leicester","Leicester",NA,NA
"10232",576575,2018-11-03,"Wolves","Tottenham","Tottenham",NA,NA
"10233",576577,2018-11-03,"Everton","Brighton","Everton",NA,NA
"10234",576576,2018-11-04,"Chelsea","Crystal Palace","Chelsea",NA,NA
"10235",576579,2018-11-04,"Manchester City","Southampton","Manchester City",NA,NA
"10236",576578,2018-11-05,"Huddersfield Town","Fulham","Huddersfield Town",NA,NA
"10237",576580,2018-11-10,"Crystal Palace","Tottenham","Tottenham",NA,NA
"10238",576581,2018-11-10,"Huddersfield Town","West Ham",NA,"Huddersfield Town","West Ham"
"10239",576582,2018-11-10,"Leicester","Burnley",NA,"Leicester","Burnley"
"10240",576586,2018-11-10,"Cardiff","Brighton","Cardiff",NA,NA
"10241",576587,2018-11-10,"Newcastle","Bournemouth","Newcastle",NA,NA
"10242",576589,2018-11-10,"Southampton","Watford",NA,"Southampton","Watford"
"10243",576583,2018-11-11,"Liverpool","Fulham","Liverpool",NA,NA
"10244",576584,2018-11-11,"Arsenal","Wolves",NA,"Arsenal","Wolves"
"10245",576585,2018-11-11,"Manchester City","Manchester United","Manchester City",NA,NA
"10246",576588,2018-11-11,"Chelsea","Everton",NA,"Chelsea","Everton"
"10247",576590,2018-11-24,"Tottenham","Chelsea","Tottenham",NA,NA
"10248",576592,2018-11-24,"Watford","Liverpool","Liverpool",NA,NA
"10249",576593,2018-11-24,"Brighton","Leicester",NA,"Brighton","Leicester"
"10250",576594,2018-11-24,"West Ham","Manchester City","Manchester City",NA,NA
"10251",576597,2018-11-24,"Everton","Cardiff","Everton",NA,NA
"10252",576598,2018-11-24,"Fulham","Southampton","Fulham",NA,NA
"10253",576599,2018-11-24,"Manchester United","Crystal Palace",NA,"Manchester United","Crystal Palace"
"10254",576591,2018-11-25,"Bournemouth","Arsenal","Arsenal",NA,NA
"10255",576596,2018-11-25,"Wolves","Huddersfield Town","Huddersfield Town",NA,NA
"10256",576595,2018-11-26,"Burnley","Newcastle","Newcastle",NA,NA
"10257",576608,2018-11-30,"Cardiff","Wolves","Cardiff",NA,NA
"10258",576601,2018-12-01,"Southampton","Manchester United",NA,"Southampton","Manchester United"
"10259",576602,2018-12-01,"Crystal Palace","Burnley","Crystal Palace",NA,NA
"10260",576603,2018-12-01,"Huddersfield Town","Brighton","Brighton",NA,NA
"10261",576604,2018-12-01,"Leicester","Watford","Leicester",NA,NA
"10262",576607,2018-12-01,"Manchester City","Bournemouth","Manchester City",NA,NA
"10263",576609,2018-12-01,"Newcastle","West Ham","West Ham",NA,NA
"10264",576600,2018-12-02,"Chelsea","Fulham","Chelsea",NA,NA
"10265",576605,2018-12-02,"Liverpool","Everton","Liverpool",NA,NA
"10266",576606,2018-12-02,"Arsenal","Tottenham","Arsenal",NA,NA
"10267",576610,2018-12-04,"West Ham","Cardiff","West Ham",NA,NA
"10268",576612,2018-12-04,"Bournemouth","Huddersfield Town","Bournemouth",NA,NA
"10269",576613,2018-12-04,"Brighton","Crystal Palace","Brighton",NA,NA
"10270",576616,2018-12-04,"Watford","Manchester City","Manchester City",NA,NA
"10271",576611,2018-12-05,"Wolves","Chelsea","Wolves",NA,NA
"10272",576614,2018-12-05,"Burnley","Liverpool","Liverpool",NA,NA
"10273",576615,2018-12-05,"Fulham","Leicester",NA,"Fulham","Leicester"
"10274",576617,2018-12-05,"Manchester United","Arsenal",NA,"Manchester United","Arsenal"
"10275",576618,2018-12-05,"Everton","Newcastle",NA,"Everton","Newcastle"
"10276",576619,2018-12-05,"Tottenham","Southampton","Tottenham",NA,NA
"10277",576620,2018-12-08,"Bournemouth","Liverpool","Liverpool",NA,NA
"10278",576622,2018-12-08,"Burnley","Brighton","Burnley",NA,NA
"10279",576623,2018-12-08,"West Ham","Crystal Palace","West Ham",NA,NA
"10280",576624,2018-12-08,"Cardiff","Southampton","Cardiff",NA,NA
"10281",576625,2018-12-08,"Chelsea","Manchester City","Chelsea",NA,NA
"10282",576627,2018-12-08,"Leicester","Tottenham","Tottenham",NA,NA
"10283",576628,2018-12-08,"Arsenal","Huddersfield Town","Arsenal",NA,NA
"10284",576629,2018-12-08,"Manchester United","Fulham","Manchester United",NA,NA
"10285",576621,2018-12-09,"Newcastle","Wolves","Wolves",NA,NA
"10286",576626,2018-12-10,"Everton","Watford",NA,"Everton","Watford"
"10287",576631,2018-12-15,"Manchester City","Everton","Manchester City",NA,NA
"10288",576634,2018-12-15,"Tottenham","Burnley","Tottenham",NA,NA
"10289",576635,2018-12-15,"Crystal Palace","Leicester","Crystal Palace",NA,NA
"10290",576636,2018-12-15,"Watford","Cardiff","Watford",NA,NA
"10291",576637,2018-12-15,"Fulham","West Ham","West Ham",NA,NA
"10292",576638,2018-12-15,"Wolves","Bournemouth","Wolves",NA,NA
"10293",576639,2018-12-15,"Huddersfield Town","Newcastle","Newcastle",NA,NA
"10294",576630,2018-12-16,"Liverpool","Manchester United","Liverpool",NA,NA
"10295",576632,2018-12-16,"Southampton","Arsenal","Southampton",NA,NA
"10296",576633,2018-12-16,"Brighton","Chelsea","Chelsea",NA,NA
"10297",576645,2018-12-21,"Wolves","Liverpool","Liverpool",NA,NA
"10298",576640,2018-12-22,"Arsenal","Burnley","Arsenal",NA,NA
"10299",576641,2018-12-22,"Newcastle","Fulham",NA,"Newcastle","Fulham"
"10300",576642,2018-12-22,"Bournemouth","Brighton","Bournemouth",NA,NA
"10301",576643,2018-12-22,"West Ham","Watford","Watford",NA,NA
"10302",576644,2018-12-22,"Cardiff","Manchester United","Manchester United",NA,NA
"10303",576646,2018-12-22,"Chelsea","Leicester","Leicester",NA,NA
"10304",576648,2018-12-22,"Huddersfield Town","Southampton","Southampton",NA,NA
"10305",576649,2018-12-22,"Manchester City","Crystal Palace","Crystal Palace",NA,NA
"10306",576647,2018-12-23,"Everton","Tottenham","Tottenham",NA,NA
"10307",576650,2018-12-26,"Fulham","Wolves",NA,"Fulham","Wolves"
"10308",576651,2018-12-26,"Leicester","Manchester City","Leicester",NA,NA
"10309",576652,2018-12-26,"Liverpool","Newcastle","Liverpool",NA,NA
"10310",576653,2018-12-26,"Manchester United","Huddersfield Town","Manchester United",NA,NA
"10311",576654,2018-12-26,"Brighton","Arsenal",NA,"Brighton","Arsenal"
"10312",576656,2018-12-26,"Burnley","Everton","Everton",NA,NA
"10313",576657,2018-12-26,"Tottenham","Bournemouth","Tottenham",NA,NA
"10314",576658,2018-12-26,"Crystal Palace","Cardiff",NA,"Crystal Palace","Cardiff"
"10315",576659,2018-12-26,"Watford","Chelsea","Chelsea",NA,NA
"10316",576655,2018-12-27,"Southampton","West Ham","West Ham",NA,NA
"10317",576661,2018-12-29,"Brighton","Everton","Brighton",NA,NA
"10318",576664,2018-12-29,"Tottenham","Wolves","Wolves",NA,NA
"10319",576666,2018-12-29,"Watford","Newcastle",NA,"Watford","Newcastle"
"10320",576667,2018-12-29,"Fulham","Huddersfield Town","Fulham",NA,NA
"10321",576668,2018-12-29,"Leicester","Cardiff","Cardiff",NA,NA
"10322",576669,2018-12-29,"Liverpool","Arsenal","Liverpool",NA,NA
"10323",576660,2018-12-30,"Manchester United","Bournemouth","Manchester United",NA,NA
"10324",576662,2018-12-30,"Southampton","Manchester City","Manchester City",NA,NA
"10325",576663,2018-12-30,"Burnley","West Ham","Burnley",NA,NA
"10326",576665,2018-12-30,"Crystal Palace","Chelsea","Chelsea",NA,NA
"10327",576670,2019-01-01,"Cardiff","Tottenham","Tottenham",NA,NA
"10328",576673,2019-01-01,"Everton","Leicester","Leicester",NA,NA
"10329",576676,2019-01-01,"Arsenal","Fulham","Arsenal",NA,NA
"10330",576671,2019-01-02,"Wolves","Crystal Palace","Crystal Palace",NA,NA
"10331",576672,2019-01-02,"Chelsea","Southampton",NA,"Chelsea","Southampton"
"10332",576674,2019-01-02,"Huddersfield Town","Burnley","Burnley",NA,NA
"10333",576677,2019-01-02,"Newcastle","Manchester United","Manchester United",NA,NA
"10334",576678,2019-01-02,"Bournemouth","Watford",NA,"Bournemouth","Watford"
"10335",576679,2019-01-02,"West Ham","Brighton",NA,"West Ham","Brighton"
"10336",576675,2019-01-03,"Manchester City","Liverpool","Manchester City",NA,NA
"10337",576681,2019-01-12,"Leicester","Southampton","Southampton",NA,NA
"10338",576682,2019-01-12,"Brighton","Liverpool","Liverpool",NA,NA
"10339",576684,2019-01-12,"Burnley","Fulham","Burnley",NA,NA
"10340",576686,2019-01-12,"Cardiff","Huddersfield Town",NA,"Cardiff","Huddersfield Town"
"10341",576687,2019-01-12,"West Ham","Arsenal","West Ham",NA,NA
"10342",576688,2019-01-12,"Chelsea","Newcastle","Chelsea",NA,NA
"10343",576689,2019-01-12,"Crystal Palace","Watford","Watford",NA,NA
"10344",576680,2019-01-13,"Everton","Bournemouth","Everton",NA,NA
"10345",576685,2019-01-13,"Tottenham","Manchester United","Manchester United",NA,NA
"10346",576683,2019-01-14,"Manchester City","Wolves","Manchester City",NA,NA
"10347",576690,2019-01-19,"Bournemouth","West Ham","Bournemouth",NA,NA
"10348",576691,2019-01-19,"Watford","Burnley",NA,"Watford","Burnley"
"10349",576693,2019-01-19,"Wolves","Leicester","Wolves",NA,NA
"10350",576695,2019-01-19,"Liverpool","Crystal Palace","Liverpool",NA,NA
"10351",576696,2019-01-19,"Manchester United","Brighton","Manchester United",NA,NA
"10352",576697,2019-01-19,"Newcastle","Cardiff","Newcastle",NA,NA
"10353",576698,2019-01-19,"Arsenal","Chelsea","Arsenal",NA,NA
"10354",576699,2019-01-19,"Southampton","Everton","Southampton",NA,NA
"10355",576692,2019-01-20,"Fulham","Tottenham","Tottenham",NA,NA
"10356",576694,2019-01-20,"Huddersfield Town","Manchester City","Manchester City",NA,NA
"10357",576700,2019-01-29,"Wolves","West Ham","Wolves",NA,NA
"10358",576701,2019-01-29,"Arsenal","Cardiff","Arsenal",NA,NA
"10359",576703,2019-01-29,"Fulham","Brighton","Fulham",NA,NA
"10360",576704,2019-01-29,"Huddersfield Town","Everton","Everton",NA,NA
"10361",576705,2019-01-29,"Manchester United","Burnley",NA,"Manchester United","Burnley"
"10362",576706,2019-01-29,"Newcastle","Manchester City","Newcastle",NA,NA
"10363",576702,2019-01-30,"Bournemouth","Chelsea","Bournemouth",NA,NA
"10364",576707,2019-01-30,"Southampton","Crystal Palace",NA,"Southampton","Crystal Palace"
"10365",576708,2019-01-30,"Liverpool","Leicester",NA,"Liverpool","Leicester"
"10366",576709,2019-01-30,"Tottenham","Watford","Tottenham",NA,NA
"10367",576711,2019-02-02,"Burnley","Southampton",NA,"Burnley","Southampton"
"10368",576712,2019-02-02,"Tottenham","Newcastle","Tottenham",NA,NA
"10369",576713,2019-02-02,"Cardiff","Bournemouth","Cardiff",NA,NA
"10370",576715,2019-02-02,"Chelsea","Huddersfield Town","Chelsea",NA,NA
"10371",576716,2019-02-02,"Crystal Palace","Fulham","Crystal Palace",NA,NA
"10372",576717,2019-02-02,"Everton","Wolves","Wolves",NA,NA
"10373",576719,2019-02-02,"Brighton","Watford",NA,"Brighton","Watford"
"10374",576710,2019-02-03,"Manchester City","Arsenal","Manchester City",NA,NA
"10375",576718,2019-02-03,"Leicester","Manchester United","Manchester United",NA,NA
"10376",576714,2019-02-04,"West Ham","Liverpool",NA,"West Ham","Liverpool"
"10377",576739,2019-02-06,"Everton","Manchester City","Manchester City",NA,NA
"10378",576720,2019-02-09,"Huddersfield Town","Arsenal","Arsenal",NA,NA
"10379",576721,2019-02-09,"Liverpool","Bournemouth","Liverpool",NA,NA
"10380",576723,2019-02-09,"Southampton","Cardiff","Cardiff",NA,NA
"10381",576724,2019-02-09,"Brighton","Burnley","Burnley",NA,NA
"10382",576726,2019-02-09,"Crystal Palace","West Ham",NA,"Crystal Palace","West Ham"
"10383",576727,2019-02-09,"Watford","Everton","Watford",NA,NA
"10384",576728,2019-02-09,"Fulham","Manchester United","Manchester United",NA,NA
"10385",576722,2019-02-10,"Manchester City","Chelsea","Manchester City",NA,NA
"10386",576725,2019-02-10,"Tottenham","Leicester","Tottenham",NA,NA
"10387",576729,2019-02-11,"Wolves","Newcastle",NA,"Wolves","Newcastle"
"10388",576736,2019-02-22,"West Ham","Fulham","West Ham",NA,NA
"10389",576737,2019-02-22,"Cardiff","Watford","Watford",NA,NA
"10390",576730,2019-02-23,"Leicester","Crystal Palace","Crystal Palace",NA,NA
"10391",576733,2019-02-23,"Bournemouth","Wolves",NA,"Bournemouth","Wolves"
"10392",576734,2019-02-23,"Newcastle","Huddersfield Town","Newcastle",NA,NA
"10393",576735,2019-02-23,"Burnley","Tottenham","Burnley",NA,NA
"10394",576731,2019-02-24,"Arsenal","Southampton","Arsenal",NA,NA
"10395",576732,2019-02-24,"Manchester United","Liverpool",NA,"Manchester United","Liverpool"
"10396",576740,2019-02-26,"Huddersfield Town","Wolves","Huddersfield Town",NA,NA
"10397",576741,2019-02-26,"Leicester","Brighton","Leicester",NA,NA
"10398",576743,2019-02-26,"Cardiff","Everton","Everton",NA,NA
"10399",576746,2019-02-26,"Newcastle","Burnley","Newcastle",NA,NA
"10400",576742,2019-02-27,"Arsenal","Bournemouth","Arsenal",NA,NA
"10401",576744,2019-02-27,"Crystal Palace","Manchester United","Manchester United",NA,NA
"10402",576745,2019-02-27,"Chelsea","Tottenham","Chelsea",NA,NA
"10403",576747,2019-02-27,"Southampton","Fulham","Southampton",NA,NA
"10404",576748,2019-02-27,"Manchester City","West Ham","Manchester City",NA,NA
"10405",576749,2019-02-27,"Liverpool","Watford","Liverpool",NA,NA
"10406",576750,2019-03-02,"Manchester United","Southampton","Manchester United",NA,NA
"10407",576751,2019-03-02,"Tottenham","Arsenal",NA,"Tottenham","Arsenal"
"10408",576752,2019-03-02,"Bournemouth","Manchester City","Manchester City",NA,NA
"10409",576754,2019-03-02,"Brighton","Huddersfield Town","Brighton",NA,NA
"10410",576755,2019-03-02,"West Ham","Newcastle","West Ham",NA,NA
"10411",576756,2019-03-02,"Burnley","Crystal Palace","Crystal Palace",NA,NA
"10412",576757,2019-03-02,"Wolves","Cardiff","Wolves",NA,NA
"10413",576753,2019-03-03,"Watford","Leicester","Watford",NA,NA
"10414",576758,2019-03-03,"Everton","Liverpool",NA,"Everton","Liverpool"
"10415",576759,2019-03-03,"Fulham","Chelsea","Chelsea",NA,NA
"10416",576760,2019-03-09,"Cardiff","West Ham","Cardiff",NA,NA
"10417",576761,2019-03-09,"Newcastle","Everton","Newcastle",NA,NA
"10418",576763,2019-03-09,"Southampton","Tottenham","Southampton",NA,NA
"10419",576764,2019-03-09,"Crystal Palace","Brighton","Brighton",NA,NA
"10420",576765,2019-03-09,"Huddersfield Town","Bournemouth","Bournemouth",NA,NA
"10421",576766,2019-03-09,"Leicester","Fulham","Leicester",NA,NA
"10422",576769,2019-03-09,"Manchester City","Watford","Manchester City",NA,NA
"10423",576762,2019-03-10,"Chelsea","Wolves",NA,"Chelsea","Wolves"
"10424",576767,2019-03-10,"Liverpool","Burnley","Liverpool",NA,NA
"10425",576768,2019-03-10,"Arsenal","Manchester United","Arsenal",NA,NA
"10426",576773,2019-03-16,"Bournemouth","Newcastle",NA,"Bournemouth","Newcastle"
"10427",576776,2019-03-16,"West Ham","Huddersfield Town","West Ham",NA,NA
"10428",576777,2019-03-16,"Burnley","Leicester","Leicester",NA,NA
"10429",576770,2019-03-17,"Fulham","Liverpool","Liverpool",NA,NA
"10430",576779,2019-03-17,"Everton","Chelsea","Everton",NA,NA
"10431",576781,2019-03-30,"Brighton","Southampton","Southampton",NA,NA
"10432",576782,2019-03-30,"Manchester United","Watford","Manchester United",NA,NA
"10433",576783,2019-03-30,"Burnley","Wolves","Burnley",NA,NA
"10434",576784,2019-03-30,"West Ham","Everton","Everton",NA,NA
"10435",576786,2019-03-30,"Crystal Palace","Huddersfield Town","Crystal Palace",NA,NA
"10436",576787,2019-03-30,"Fulham","Manchester City","Manchester City",NA,NA
"10437",576788,2019-03-30,"Leicester","Bournemouth","Leicester",NA,NA
"10438",576780,2019-03-31,"Liverpool","Tottenham","Liverpool",NA,NA
"10439",576785,2019-03-31,"Cardiff","Chelsea","Chelsea",NA,NA
"10440",576789,2019-04-01,"Arsenal","Newcastle","Arsenal",NA,NA
"10441",576797,2019-04-02,"Watford","Fulham","Watford",NA,NA
"10442",576799,2019-04-02,"Wolves","Manchester United","Wolves",NA,NA
"10443",576738,2019-04-03,"Chelsea","Brighton","Chelsea",NA,NA
"10444",576772,2019-04-03,"Tottenham","Crystal Palace","Tottenham",NA,NA
"10445",576791,2019-04-03,"Manchester City","Cardiff","Manchester City",NA,NA
"10446",576793,2019-04-05,"Southampton","Liverpool","Liverpool",NA,NA
"10447",576790,2019-04-06,"Huddersfield Town","Leicester","Leicester",NA,NA
"10448",576792,2019-04-06,"Newcastle","Crystal Palace","Crystal Palace",NA,NA
"10449",576794,2019-04-06,"Bournemouth","Burnley","Burnley",NA,NA
"10450",576798,2019-04-07,"Everton","Arsenal","Everton",NA,NA
"10451",576796,2019-04-08,"Chelsea","West Ham","Chelsea",NA,NA
"10452",576808,2019-04-12,"Leicester","Newcastle","Newcastle",NA,NA
"10453",576800,2019-04-13,"Manchester United","West Ham","Manchester United",NA,NA
"10454",576801,2019-04-13,"Brighton","Bournemouth","Bournemouth",NA,NA
"10455",576802,2019-04-13,"Southampton","Wolves","Southampton",NA,NA
"10456",576803,2019-04-13,"Burnley","Cardiff","Burnley",NA,NA
"10457",576804,2019-04-13,"Tottenham","Huddersfield Town","Tottenham",NA,NA
"10458",576807,2019-04-13,"Fulham","Everton","Fulham",NA,NA
"10459",576805,2019-04-14,"Crystal Palace","Manchester City","Manchester City",NA,NA
"10460",576809,2019-04-14,"Liverpool","Chelsea","Liverpool",NA,NA
"10461",576806,2019-04-15,"Watford","Arsenal","Arsenal",NA,NA
"10462",599534,2019-04-16,"Brighton","Cardiff","Cardiff",NA,NA
"10463",576811,2019-04-20,"Wolves","Brighton",NA,"Wolves","Brighton"
"10464",576814,2019-04-20,"Huddersfield Town","Watford","Watford",NA,NA
"10465",576815,2019-04-20,"Manchester City","Tottenham","Manchester City",NA,NA
"10466",576817,2019-04-20,"Newcastle","Southampton","Newcastle",NA,NA
"10467",576818,2019-04-20,"Bournemouth","Fulham","Fulham",NA,NA
"10468",576819,2019-04-20,"West Ham","Leicester",NA,"West Ham","Leicester"
"10469",576810,2019-04-21,"Cardiff","Liverpool","Liverpool",NA,NA
"10470",576813,2019-04-21,"Everton","Manchester United","Everton",NA,NA
"10471",576816,2019-04-21,"Arsenal","Crystal Palace","Crystal Palace",NA,NA
"10472",576812,2019-04-22,"Chelsea","Burnley",NA,"Chelsea","Burnley"
"10473",599535,2019-04-23,"Watford","Southampton",NA,"Watford","Southampton"
"10474",576795,2019-04-23,"Tottenham","Brighton","Tottenham",NA,NA
"10475",576771,2019-04-24,"Manchester United","Manchester City","Manchester City",NA,NA
"10476",599536,2019-04-24,"Wolves","Arsenal","Wolves",NA,NA
"10477",576820,2019-04-26,"Liverpool","Huddersfield Town","Liverpool",NA,NA
"10478",576822,2019-04-27,"Brighton","Newcastle",NA,"Brighton","Newcastle"
"10479",576823,2019-04-27,"Southampton","Bournemouth",NA,"Southampton","Bournemouth"
"10480",576825,2019-04-27,"Tottenham","West Ham","West Ham",NA,NA
"10481",576826,2019-04-27,"Crystal Palace","Everton",NA,"Crystal Palace","Everton"
"10482",576827,2019-04-27,"Watford","Wolves","Wolves",NA,NA
"10483",576828,2019-04-27,"Fulham","Cardiff","Fulham",NA,NA
"10484",576821,2019-04-28,"Manchester United","Chelsea",NA,"Manchester United","Chelsea"
"10485",576824,2019-04-28,"Burnley","Manchester City","Manchester City",NA,NA
"10486",576829,2019-04-28,"Leicester","Arsenal","Leicester",NA,NA
"10487",576834,2019-05-03,"Everton","Burnley","Everton",NA,NA
"10488",576830,2019-05-04,"West Ham","Southampton","West Ham",NA,NA
"10489",576831,2019-05-04,"Cardiff","Crystal Palace","Crystal Palace",NA,NA
"10490",576832,2019-05-04,"Wolves","Fulham","Wolves",NA,NA
"10491",576838,2019-05-04,"Newcastle","Liverpool","Liverpool",NA,NA
"10492",576839,2019-05-04,"Bournemouth","Tottenham","Bournemouth",NA,NA
"10493",576833,2019-05-05,"Chelsea","Watford","Chelsea",NA,NA
"10494",576835,2019-05-05,"Huddersfield Town","Manchester United",NA,"Huddersfield Town","Manchester United"
"10495",576837,2019-05-05,"Arsenal","Brighton",NA,"Arsenal","Brighton"
"10496",576836,2019-05-06,"Manchester City","Leicester","Manchester City",NA,NA
"10497",576840,2019-05-12,"Leicester","Chelsea",NA,"Leicester","Chelsea"
"10498",576841,2019-05-12,"Liverpool","Wolves","Liverpool",NA,NA
"10499",576842,2019-05-12,"Manchester United","Cardiff","Cardiff",NA,NA
"10500",576843,2019-05-12,"Brighton","Manchester City","Manchester City",NA,NA
"10501",576844,2019-05-12,"Southampton","Huddersfield Town",NA,"Southampton","Huddersfield Town"
"10502",576845,2019-05-12,"Burnley","Arsenal","Arsenal",NA,NA
"10503",576846,2019-05-12,"Tottenham","Everton",NA,"Tottenham","Everton"
"10504",576847,2019-05-12,"Crystal Palace","Bournemouth","Crystal Palace",NA,NA
"10505",576848,2019-05-12,"Watford","West Ham","West Ham",NA,NA
"10506",576849,2019-05-12,"Fulham","Newcastle","Newcastle",NA,NA
"10507",602129,2019-08-09,"Liverpool","Norwich","Liverpool",NA,NA
"10508",602130,2019-08-10,"West Ham","Manchester City","Manchester City",NA,NA
"10509",602131,2019-08-10,"Bournemouth","Sheffield United",NA,"Bournemouth","Sheffield United"
"10510",602132,2019-08-10,"Burnley","Southampton","Burnley",NA,NA
"10511",602133,2019-08-10,"Crystal Palace","Everton",NA,"Crystal Palace","Everton"
"10512",602135,2019-08-10,"Watford","Brighton","Brighton",NA,NA
"10513",602136,2019-08-10,"Tottenham","Aston Villa","Tottenham",NA,NA
"10514",602134,2019-08-11,"Leicester","Wolves",NA,"Leicester","Wolves"
"10515",602137,2019-08-11,"Newcastle","Arsenal","Arsenal",NA,NA
"10516",602138,2019-08-11,"Manchester United","Chelsea","Manchester United",NA,NA
"10517",602139,2019-08-17,"Manchester City","Tottenham",NA,"Manchester City","Tottenham"
"10518",602140,2019-08-17,"Norwich","Newcastle","Norwich",NA,NA
"10519",602141,2019-08-17,"Arsenal","Burnley","Arsenal",NA,NA
"10520",602143,2019-08-17,"Aston Villa","Bournemouth","Bournemouth",NA,NA
"10521",602144,2019-08-17,"Southampton","Liverpool","Liverpool",NA,NA
"10522",602145,2019-08-17,"Brighton","West Ham",NA,"Brighton","West Ham"
"10523",602148,2019-08-17,"Everton","Watford","Everton",NA,NA
"10524",602142,2019-08-18,"Sheffield United","Crystal Palace","Sheffield United",NA,NA
"10525",602147,2019-08-18,"Chelsea","Leicester",NA,"Chelsea","Leicester"
"10526",602146,2019-08-19,"Wolves","Manchester United",NA,"Wolves","Manchester United"
"10527",602157,2019-08-23,"Aston Villa","Everton","Aston Villa",NA,NA
"10528",602150,2019-08-24,"Watford","West Ham","West Ham",NA,NA
"10529",602151,2019-08-24,"Brighton","Southampton","Southampton",NA,NA
"10530",602153,2019-08-24,"Liverpool","Arsenal","Liverpool",NA,NA
"10531",602154,2019-08-24,"Manchester United","Crystal Palace","Crystal Palace",NA,NA
"10532",602155,2019-08-24,"Norwich","Chelsea","Chelsea",NA,NA
"10533",602156,2019-08-24,"Sheffield United","Leicester","Leicester",NA,NA
"10534",602149,2019-08-25,"Bournemouth","Manchester City","Manchester City",NA,NA
"10535",602152,2019-08-25,"Wolves","Burnley",NA,"Wolves","Burnley"
"10536",602158,2019-08-25,"Tottenham","Newcastle","Newcastle",NA,NA
"10537",602160,2019-08-31,"Leicester","Bournemouth","Leicester",NA,NA
"10538",602161,2019-08-31,"Manchester City","Brighton","Manchester City",NA,NA
"10539",602163,2019-08-31,"Newcastle","Watford",NA,"Newcastle","Watford"
"10540",602164,2019-08-31,"Burnley","Liverpool","Liverpool",NA,NA
"10541",602165,2019-08-31,"Southampton","Manchester United",NA,"Southampton","Manchester United"
"10542",602166,2019-08-31,"Chelsea","Sheffield United",NA,"Chelsea","Sheffield United"
"10543",602167,2019-08-31,"West Ham","Norwich","West Ham",NA,NA
"10544",602168,2019-08-31,"Crystal Palace","Aston Villa","Crystal Palace",NA,NA
"10545",602159,2019-09-01,"Everton","Wolves","Everton",NA,NA
"10546",602162,2019-09-01,"Arsenal","Tottenham",NA,"Arsenal","Tottenham"
"10547",602170,2019-09-14,"Wolves","Chelsea","Chelsea",NA,NA
"10548",602171,2019-09-14,"Liverpool","Newcastle","Liverpool",NA,NA
"10549",602172,2019-09-14,"Manchester United","Leicester","Manchester United",NA,NA
"10550",602173,2019-09-14,"Norwich","Manchester City","Norwich",NA,NA
"10551",602174,2019-09-14,"Sheffield United","Southampton","Southampton",NA,NA
"10552",602175,2019-09-14,"Tottenham","Crystal Palace","Tottenham",NA,NA
"10553",602178,2019-09-14,"Brighton","Burnley",NA,"Brighton","Burnley"
"10554",602176,2019-09-15,"Bournemouth","Everton","Bournemouth",NA,NA
"10555",602177,2019-09-15,"Watford","Arsenal",NA,"Watford","Arsenal"
"10556",602169,2019-09-16,"Aston Villa","West Ham",NA,"Aston Villa","West Ham"
"10557",602184,2019-09-20,"Southampton","Bournemouth","Bournemouth",NA,NA
"10558",602179,2019-09-21,"Leicester","Tottenham","Leicester",NA,NA
"10559",602180,2019-09-21,"Manchester City","Watford","Manchester City",NA,NA
"10560",602182,2019-09-21,"Newcastle","Brighton",NA,"Newcastle","Brighton"
"10561",602183,2019-09-21,"Burnley","Norwich","Burnley",NA,NA
"10562",602188,2019-09-21,"Everton","Sheffield United","Sheffield United",NA,NA
"10563",602181,2019-09-22,"Arsenal","Aston Villa","Arsenal",NA,NA
"10564",602185,2019-09-22,"Chelsea","Liverpool","Liverpool",NA,NA
"10565",602186,2019-09-22,"West Ham","Manchester United","West Ham",NA,NA
"10566",602187,2019-09-22,"Crystal Palace","Wolves",NA,"Crystal Palace","Wolves"
"10567",602189,2019-09-28,"Tottenham","Southampton","Tottenham",NA,NA
"10568",602190,2019-09-28,"Chelsea","Brighton","Chelsea",NA,NA
"10569",602191,2019-09-28,"Wolves","Watford","Wolves",NA,NA
"10570",602192,2019-09-28,"Crystal Palace","Norwich","Crystal Palace",NA,NA
"10571",602193,2019-09-28,"Everton","Manchester City","Manchester City",NA,NA
"10572",602196,2019-09-28,"Aston Villa","Burnley",NA,"Aston Villa","Burnley"
"10573",602197,2019-09-28,"Sheffield United","Liverpool","Liverpool",NA,NA
"10574",602198,2019-09-28,"Bournemouth","West Ham",NA,"Bournemouth","West Ham"
"10575",602194,2019-09-29,"Leicester","Newcastle","Leicester",NA,NA
"10576",602195,2019-09-30,"Manchester United","Arsenal",NA,"Manchester United","Arsenal"
"10577",602200,2019-10-05,"Norwich","Aston Villa","Aston Villa",NA,NA
"10578",602203,2019-10-05,"Brighton","Tottenham","Brighton",NA,NA
"10579",602204,2019-10-05,"Watford","Sheffield United",NA,"Watford","Sheffield United"
"10580",602205,2019-10-05,"Burnley","Everton","Burnley",NA,NA
"10581",602206,2019-10-05,"West Ham","Crystal Palace","Crystal Palace",NA,NA
"10582",602207,2019-10-05,"Liverpool","Leicester","Liverpool",NA,NA
"10583",602199,2019-10-06,"Newcastle","Manchester United","Newcastle",NA,NA
"10584",602201,2019-10-06,"Arsenal","Bournemouth","Arsenal",NA,NA
"10585",602202,2019-10-06,"Southampton","Chelsea","Chelsea",NA,NA
"10586",602208,2019-10-06,"Manchester City","Wolves","Wolves",NA,NA
"10587",602209,2019-10-19,"Bournemouth","Norwich",NA,"Bournemouth","Norwich"
"10588",602210,2019-10-19,"Everton","West Ham","Everton",NA,NA
"10589",602211,2019-10-19,"Leicester","Burnley","Leicester",NA,NA
"10590",602214,2019-10-19,"Tottenham","Watford",NA,"Tottenham","Watford"
"10591",602215,2019-10-19,"Chelsea","Newcastle","Chelsea",NA,NA
"10592",602216,2019-10-19,"Aston Villa","Brighton","Aston Villa",NA,NA
"10593",602217,2019-10-19,"Wolves","Southampton",NA,"Wolves","Southampton"
"10594",602218,2019-10-19,"Crystal Palace","Manchester City","Manchester City",NA,NA
"10595",602212,2019-10-20,"Manchester United","Liverpool",NA,"Manchester United","Liverpool"
"10596",602213,2019-10-21,"Sheffield United","Arsenal","Sheffield United",NA,NA
"10597",602221,2019-10-25,"Southampton","Leicester","Leicester",NA,NA
"10598",602222,2019-10-26,"Brighton","Everton","Brighton",NA,NA
"10599",602223,2019-10-26,"Watford","Bournemouth",NA,"Watford","Bournemouth"
"10600",602224,2019-10-26,"Burnley","Chelsea","Chelsea",NA,NA
"10601",602225,2019-10-26,"West Ham","Sheffield United",NA,"West Ham","Sheffield United"
"10602",602227,2019-10-26,"Manchester City","Aston Villa","Manchester City",NA,NA
"10603",602219,2019-10-27,"Norwich","Manchester United","Manchester United",NA,NA
"10604",602220,2019-10-27,"Arsenal","Crystal Palace",NA,"Arsenal","Crystal Palace"
"10605",602226,2019-10-27,"Liverpool","Tottenham","Liverpool",NA,NA
"10606",602228,2019-10-27,"Newcastle","Wolves",NA,"Newcastle","Wolves"
"10607",602229,2019-11-02,"West Ham","Newcastle","Newcastle",NA,NA
"10608",602230,2019-11-02,"Brighton","Norwich","Brighton",NA,NA
"10609",602233,2019-11-02,"Manchester City","Southampton","Manchester City",NA,NA
"10610",602234,2019-11-02,"Arsenal","Wolves",NA,"Arsenal","Wolves"
"10611",602235,2019-11-02,"Sheffield United","Burnley","Sheffield United",NA,NA
"10612",602236,2019-11-02,"Aston Villa","Liverpool","Liverpool",NA,NA
"10613",602237,2019-11-02,"Watford","Chelsea","Chelsea",NA,NA
"10614",602238,2019-11-02,"Bournemouth","Manchester United","Bournemouth",NA,NA
"10615",602231,2019-11-03,"Crystal Palace","Leicester","Leicester",NA,NA
"10616",602232,2019-11-03,"Everton","Tottenham",NA,"Everton","Tottenham"
"10617",602239,2019-11-08,"Norwich","Watford","Watford",NA,NA
"10618",602240,2019-11-09,"Burnley","West Ham","Burnley",NA,NA
"10619",602241,2019-11-09,"Southampton","Everton","Everton",NA,NA
"10620",602242,2019-11-09,"Chelsea","Crystal Palace","Chelsea",NA,NA
"10621",602243,2019-11-09,"Tottenham","Sheffield United",NA,"Tottenham","Sheffield United"
"10622",602244,2019-11-09,"Leicester","Arsenal","Leicester",NA,NA
"10623",602248,2019-11-09,"Newcastle","Bournemouth","Newcastle",NA,NA
"10624",602245,2019-11-10,"Wolves","Aston Villa","Wolves",NA,NA
"10625",602246,2019-11-10,"Liverpool","Manchester City","Liverpool",NA,NA
"10626",602247,2019-11-10,"Manchester United","Brighton","Manchester United",NA,NA
"10627",602249,2019-11-23,"Crystal Palace","Liverpool","Liverpool",NA,NA
"10628",602250,2019-11-23,"Bournemouth","Wolves","Wolves",NA,NA
"10629",602251,2019-11-23,"Everton","Norwich","Norwich",NA,NA
"10630",602252,2019-11-23,"Manchester City","Chelsea","Manchester City",NA,NA
"10631",602254,2019-11-23,"Watford","Burnley","Burnley",NA,NA
"10632",602255,2019-11-23,"Arsenal","Southampton",NA,"Arsenal","Southampton"
"10633",602256,2019-11-23,"West Ham","Tottenham","Tottenham",NA,NA
"10634",602257,2019-11-23,"Brighton","Leicester","Leicester",NA,NA
"10635",602253,2019-11-24,"Sheffield United","Manchester United",NA,"Sheffield United","Manchester United"
"10636",602258,2019-11-25,"Aston Villa","Newcastle","Aston Villa",NA,NA
"10637",602259,2019-11-30,"Southampton","Watford","Southampton",NA,NA
"10638",602260,2019-11-30,"Chelsea","West Ham","West Ham",NA,NA
"10639",602261,2019-11-30,"Tottenham","Bournemouth","Tottenham",NA,NA
"10640",602264,2019-11-30,"Liverpool","Brighton","Liverpool",NA,NA
"10641",602266,2019-11-30,"Newcastle","Manchester City",NA,"Newcastle","Manchester City"
"10642",602268,2019-11-30,"Burnley","Crystal Palace","Crystal Palace",NA,NA
"10643",602262,2019-12-01,"Leicester","Everton","Leicester",NA,NA
"10644",602263,2019-12-01,"Wolves","Sheffield United",NA,"Wolves","Sheffield United"
"10645",602265,2019-12-01,"Manchester United","Aston Villa",NA,"Manchester United","Aston Villa"
"10646",602267,2019-12-01,"Norwich","Arsenal",NA,"Norwich","Arsenal"
"10647",602272,2019-12-03,"Burnley","Manchester City","Manchester City",NA,NA
"10648",602277,2019-12-03,"Crystal Palace","Bournemouth","Crystal Palace",NA,NA
"10649",602270,2019-12-04,"Wolves","West Ham","Wolves",NA,NA
"10650",602273,2019-12-04,"Leicester","Watford","Leicester",NA,NA
"10651",602274,2019-12-04,"Manchester United","Tottenham","Manchester United",NA,NA
"10652",602275,2019-12-04,"Chelsea","Aston Villa","Chelsea",NA,NA
"10653",602276,2019-12-04,"Southampton","Norwich","Southampton",NA,NA
"10654",602278,2019-12-04,"Liverpool","Everton","Liverpool",NA,NA
"10655",602269,2019-12-05,"Sheffield United","Newcastle","Newcastle",NA,NA
"10656",602271,2019-12-05,"Arsenal","Brighton","Brighton",NA,NA
"10657",602281,2019-12-07,"Tottenham","Burnley","Tottenham",NA,NA
"10658",602282,2019-12-07,"Bournemouth","Liverpool","Liverpool",NA,NA
"10659",602283,2019-12-07,"Watford","Crystal Palace",NA,"Watford","Crystal Palace"
"10660",602286,2019-12-07,"Everton","Chelsea","Everton",NA,NA
"10661",602287,2019-12-07,"Manchester City","Manchester United","Manchester United",NA,NA
"10662",602279,2019-12-08,"Norwich","Sheffield United","Sheffield United",NA,NA
"10663",602280,2019-12-08,"Aston Villa","Leicester","Leicester",NA,NA
"10664",602284,2019-12-08,"Brighton","Wolves",NA,"Brighton","Wolves"
"10665",602288,2019-12-08,"Newcastle","Southampton","Newcastle",NA,NA
"10666",602285,2019-12-09,"West Ham","Arsenal","Arsenal",NA,NA
"10667",602290,2019-12-14,"Southampton","West Ham","West Ham",NA,NA
"10668",602292,2019-12-14,"Leicester","Norwich",NA,"Leicester","Norwich"
"10669",602294,2019-12-14,"Liverpool","Watford","Liverpool",NA,NA
"10670",602295,2019-12-14,"Burnley","Newcastle","Burnley",NA,NA
"10671",602297,2019-12-14,"Chelsea","Bournemouth","Bournemouth",NA,NA
"10672",602298,2019-12-14,"Sheffield United","Aston Villa","Sheffield United",NA,NA
"10673",602291,2019-12-15,"Wolves","Tottenham","Tottenham",NA,NA
"10674",602293,2019-12-15,"Arsenal","Manchester City","Manchester City",NA,NA
"10675",602296,2019-12-15,"Manchester United","Everton",NA,"Manchester United","Everton"
"10676",602289,2019-12-16,"Crystal Palace","Brighton",NA,"Crystal Palace","Brighton"
"10677",602299,2019-12-21,"Manchester City","Leicester","Manchester City",NA,NA
"10678",602300,2019-12-21,"Newcastle","Crystal Palace","Newcastle",NA,NA
"10679",602301,2019-12-21,"Norwich","Wolves","Wolves",NA,NA
"10680",602302,2019-12-21,"Aston Villa","Southampton","Southampton",NA,NA
"10681",602304,2019-12-21,"Bournemouth","Burnley","Burnley",NA,NA
"10682",602306,2019-12-21,"Brighton","Sheffield United","Sheffield United",NA,NA
"10683",602308,2019-12-21,"Everton","Arsenal",NA,"Everton","Arsenal"
"10684",602303,2019-12-22,"Tottenham","Chelsea","Chelsea",NA,NA
"10685",602305,2019-12-22,"Watford","Manchester United","Watford",NA,NA
"10686",602309,2019-12-26,"Aston Villa","Norwich","Aston Villa",NA,NA
"10687",602310,2019-12-26,"Sheffield United","Watford",NA,"Sheffield United","Watford"
"10688",602311,2019-12-26,"Bournemouth","Arsenal",NA,"Bournemouth","Arsenal"
"10689",602312,2019-12-26,"Tottenham","Brighton","Tottenham",NA,NA
"10690",602313,2019-12-26,"Chelsea","Southampton","Southampton",NA,NA
"10691",602315,2019-12-26,"Crystal Palace","West Ham","Crystal Palace",NA,NA
"10692",602316,2019-12-26,"Everton","Burnley","Everton",NA,NA
"10693",602317,2019-12-26,"Leicester","Liverpool","Liverpool",NA,NA
"10694",602318,2019-12-26,"Manchester United","Newcastle","Manchester United",NA,NA
"10695",602314,2019-12-27,"Wolves","Manchester City","Wolves",NA,NA
"10696",602321,2019-12-28,"Newcastle","Everton","Everton",NA,NA
"10697",602322,2019-12-28,"Norwich","Tottenham",NA,"Norwich","Tottenham"
"10698",602324,2019-12-28,"Southampton","Crystal Palace",NA,"Southampton","Crystal Palace"
"10699",602325,2019-12-28,"Brighton","Bournemouth","Brighton",NA,NA
"10700",602326,2019-12-28,"Watford","Aston Villa","Watford",NA,NA
"10701",602327,2019-12-28,"Burnley","Manchester United","Manchester United",NA,NA
"10702",602328,2019-12-28,"West Ham","Leicester","Leicester",NA,NA
"10703",602319,2019-12-29,"Liverpool","Wolves","Liverpool",NA,NA
"10704",602320,2019-12-29,"Manchester City","Sheffield United","Manchester City",NA,NA
"10705",602323,2019-12-29,"Arsenal","Chelsea","Chelsea",NA,NA
"10706",602329,2020-01-01,"Norwich","Crystal Palace",NA,"Norwich","Crystal Palace"
"10707",602330,2020-01-01,"Arsenal","Manchester United","Arsenal",NA,NA
"10708",602331,2020-01-01,"Southampton","Tottenham","Southampton",NA,NA
"10709",602332,2020-01-01,"Brighton","Chelsea",NA,"Brighton","Chelsea"
"10710",602333,2020-01-01,"Watford","Wolves","Watford",NA,NA
"10711",602334,2020-01-01,"Burnley","Aston Villa","Aston Villa",NA,NA
"10712",602335,2020-01-01,"West Ham","Bournemouth","West Ham",NA,NA
"10713",602337,2020-01-01,"Manchester City","Everton","Manchester City",NA,NA
"10714",602338,2020-01-01,"Newcastle","Leicester","Leicester",NA,NA
"10715",602336,2020-01-02,"Liverpool","Sheffield United","Liverpool",NA,NA
"10716",602346,2020-01-10,"Sheffield United","West Ham","Sheffield United",NA,NA
"10717",602339,2020-01-11,"Chelsea","Burnley","Chelsea",NA,NA
"10718",602340,2020-01-11,"Wolves","Newcastle",NA,"Wolves","Newcastle"
"10719",602341,2020-01-11,"Crystal Palace","Arsenal",NA,"Crystal Palace","Arsenal"
"10720",602342,2020-01-11,"Everton","Brighton","Everton",NA,NA
"10721",602343,2020-01-11,"Leicester","Southampton","Southampton",NA,NA
"10722",602344,2020-01-11,"Manchester United","Norwich","Manchester United",NA,NA
"10723",602348,2020-01-11,"Tottenham","Liverpool","Liverpool",NA,NA
"10724",602345,2020-01-12,"Aston Villa","Manchester City","Manchester City",NA,NA
"10725",602347,2020-01-12,"Bournemouth","Watford","Watford",NA,NA
"10726",602349,2020-01-18,"Newcastle","Chelsea","Newcastle",NA,NA
"10727",602350,2020-01-18,"Norwich","Bournemouth","Norwich",NA,NA
"10728",602351,2020-01-18,"Arsenal","Sheffield United",NA,"Arsenal","Sheffield United"
"10729",602352,2020-01-18,"Southampton","Wolves","Wolves",NA,NA
"10730",602353,2020-01-18,"Brighton","Aston Villa",NA,"Brighton","Aston Villa"
"10731",602354,2020-01-18,"Watford","Tottenham",NA,"Watford","Tottenham"
"10732",602356,2020-01-18,"West Ham","Everton",NA,"West Ham","Everton"
"10733",602358,2020-01-18,"Manchester City","Crystal Palace",NA,"Manchester City","Crystal Palace"
"10734",602355,2020-01-19,"Burnley","Leicester","Burnley",NA,NA
"10735",602357,2020-01-19,"Liverpool","Manchester United","Liverpool",NA,NA
"10736",602359,2020-01-21,"Bournemouth","Brighton","Bournemouth",NA,NA
"10737",602360,2020-01-21,"Everton","Newcastle",NA,"Everton","Newcastle"
"10738",602362,2020-01-21,"Sheffield United","Manchester City","Manchester City",NA,NA
"10739",602364,2020-01-21,"Aston Villa","Watford","Aston Villa",NA,NA
"10740",602367,2020-01-21,"Chelsea","Arsenal",NA,"Chelsea","Arsenal"
"10741",602368,2020-01-21,"Crystal Palace","Southampton","Southampton",NA,NA
"10742",602361,2020-01-22,"Leicester","West Ham","Leicester",NA,NA
"10743",602365,2020-01-22,"Manchester United","Burnley","Burnley",NA,NA
"10744",602366,2020-01-22,"Tottenham","Norwich","Tottenham",NA,NA
"10745",602363,2020-01-23,"Wolves","Liverpool","Liverpool",NA,NA
"10746",602307,2020-01-29,"West Ham","Liverpool","Liverpool",NA,NA
"10747",602369,2020-02-01,"Liverpool","Southampton","Liverpool",NA,NA
"10748",602370,2020-02-01,"Manchester United","Wolves",NA,"Manchester United","Wolves"
"10749",602371,2020-02-01,"Newcastle","Norwich",NA,"Newcastle","Norwich"
"10750",602372,2020-02-01,"Bournemouth","Aston Villa","Bournemouth",NA,NA
"10751",602375,2020-02-01,"Watford","Everton","Everton",NA,NA
"10752",602376,2020-02-01,"Crystal Palace","Sheffield United","Sheffield United",NA,NA
"10753",602377,2020-02-01,"West Ham","Brighton",NA,"West Ham","Brighton"
"10754",602378,2020-02-01,"Leicester","Chelsea",NA,"Leicester","Chelsea"
"10755",602373,2020-02-02,"Tottenham","Manchester City","Tottenham",NA,NA
"10756",602374,2020-02-02,"Burnley","Arsenal",NA,"Burnley","Arsenal"
"10757",602382,2020-02-08,"Brighton","Watford",NA,"Brighton","Watford"
"10758",602385,2020-02-08,"Everton","Crystal Palace","Everton",NA,NA
"10759",602379,2020-02-09,"Sheffield United","Bournemouth","Sheffield United",NA,NA
"10760",602383,2020-02-14,"Wolves","Leicester",NA,"Wolves","Leicester"
"10761",602381,2020-02-15,"Southampton","Burnley","Burnley",NA,NA
"10762",602387,2020-02-15,"Norwich","Liverpool","Liverpool",NA,NA
"10763",602380,2020-02-16,"Aston Villa","Tottenham","Tottenham",NA,NA
"10764",602388,2020-02-16,"Arsenal","Newcastle","Arsenal",NA,NA
"10765",602384,2020-02-17,"Chelsea","Manchester United","Manchester United",NA,NA
"10766",602386,2020-02-19,"Manchester City","West Ham","Manchester City",NA,NA
"10767",602389,2020-02-22,"Leicester","Manchester City","Manchester City",NA,NA
"10768",602393,2020-02-22,"Sheffield United","Brighton",NA,"Sheffield United","Brighton"
"10769",602394,2020-02-22,"Burnley","Bournemouth","Burnley",NA,NA
"10770",602395,2020-02-22,"Southampton","Aston Villa","Southampton",NA,NA
"10771",602396,2020-02-22,"Chelsea","Tottenham","Chelsea",NA,NA
"10772",602398,2020-02-22,"Crystal Palace","Newcastle","Crystal Palace",NA,NA
"10773",602391,2020-02-23,"Manchester United","Watford","Manchester United",NA,NA
"10774",602392,2020-02-23,"Arsenal","Everton","Arsenal",NA,NA
"10775",602397,2020-02-23,"Wolves","Norwich","Wolves",NA,NA
"10776",602390,2020-02-24,"Liverpool","West Ham","Liverpool",NA,NA
"10777",602399,2020-02-28,"Norwich","Leicester","Norwich",NA,NA
"10778",602402,2020-02-29,"Bournemouth","Chelsea",NA,"Bournemouth","Chelsea"
"10779",602403,2020-02-29,"Watford","Liverpool","Watford",NA,NA
"10780",602404,2020-02-29,"Brighton","Crystal Palace","Crystal Palace",NA,NA
"10781",602405,2020-02-29,"West Ham","Southampton","West Ham",NA,NA
"10782",602408,2020-02-29,"Newcastle","Burnley",NA,"Newcastle","Burnley"
"10783",602401,2020-03-01,"Tottenham","Wolves","Wolves",NA,NA
"10784",602406,2020-03-01,"Everton","Manchester United",NA,"Everton","Manchester United"
"10785",602409,2020-03-07,"Crystal Palace","Watford","Crystal Palace",NA,NA
"10786",602411,2020-03-07,"Sheffield United","Norwich","Sheffield United",NA,NA
"10787",602412,2020-03-07,"Liverpool","Bournemouth","Liverpool",NA,NA
"10788",602413,2020-03-07,"Southampton","Newcastle","Newcastle",NA,NA
"10789",602415,2020-03-07,"Wolves","Brighton",NA,"Wolves","Brighton"
"10790",602416,2020-03-07,"Arsenal","West Ham","Arsenal",NA,NA
"10791",602417,2020-03-07,"Burnley","Tottenham",NA,"Burnley","Tottenham"
"10792",602414,2020-03-08,"Manchester United","Manchester City","Manchester United",NA,NA
"10793",602418,2020-03-08,"Chelsea","Everton","Chelsea",NA,NA
"10794",602410,2020-03-09,"Leicester","Aston Villa","Leicester",NA,NA
"10795",1001002,2020-06-17,"Aston Villa","Sheffield United",NA,"Aston Villa","Sheffield United"
"10796",1001003,2020-06-17,"Manchester City","Arsenal","Manchester City",NA,NA
"10797",1001431,2020-06-19,"Norwich","Southampton","Southampton",NA,NA
"10798",1001432,2020-06-19,"Tottenham","Manchester United",NA,"Tottenham","Manchester United"
"10799",1001658,2020-06-20,"Watford","Leicester",NA,"Watford","Leicester"
"10800",1001659,2020-06-20,"Brighton","Arsenal","Brighton",NA,NA
"10801",1001660,2020-06-20,"West Ham","Wolves","Wolves",NA,NA
"10802",1001661,2020-06-20,"Bournemouth","Crystal Palace","Crystal Palace",NA,NA
"10803",1001662,2020-06-21,"Newcastle","Sheffield United","Newcastle",NA,NA
"10804",1001663,2020-06-21,"Aston Villa","Chelsea","Chelsea",NA,NA
"10805",1001664,2020-06-21,"Everton","Liverpool",NA,"Everton","Liverpool"
"10806",1004529,2020-06-22,"Manchester City","Burnley","Manchester City",NA,NA
"10807",1001666,2020-06-23,"Leicester","Brighton",NA,"Leicester","Brighton"
"10808",1001667,2020-06-23,"Tottenham","West Ham","Tottenham",NA,NA
"10809",1001668,2020-06-24,"Manchester United","Sheffield United","Manchester United",NA,NA
"10810",1001669,2020-06-24,"Newcastle","Aston Villa",NA,"Newcastle","Aston Villa"
"10811",1001670,2020-06-24,"Norwich","Everton","Everton",NA,NA
"10812",1001671,2020-06-24,"Wolves","Bournemouth","Wolves",NA,NA
"10813",1001672,2020-06-24,"Liverpool","Crystal Palace","Liverpool",NA,NA
"10814",1001673,2020-06-25,"Burnley","Watford","Burnley",NA,NA
"10815",1001674,2020-06-25,"Southampton","Arsenal","Arsenal",NA,NA
"10816",1001675,2020-06-25,"Chelsea","Manchester City","Chelsea",NA,NA
"10817",1004540,2020-06-27,"Aston Villa","Wolves","Wolves",NA,NA
"10818",1004541,2020-06-28,"Watford","Southampton","Southampton",NA,NA
"10819",1004542,2020-06-29,"Crystal Palace","Burnley","Burnley",NA,NA
"10820",1004576,2020-06-30,"Brighton","Manchester United","Manchester United",NA,NA
"10821",1004577,2020-07-01,"Bournemouth","Newcastle","Newcastle",NA,NA
"10822",1004578,2020-07-01,"Everton","Leicester","Everton",NA,NA
"10823",1004579,2020-07-01,"Arsenal","Norwich","Arsenal",NA,NA
"10824",1004580,2020-07-01,"West Ham","Chelsea","West Ham",NA,NA
"10825",1004581,2020-07-02,"Sheffield United","Tottenham","Sheffield United",NA,NA
"10826",1004582,2020-07-02,"Manchester City","Liverpool","Manchester City",NA,NA
"10827",1004426,2020-07-04,"Leicester","Crystal Palace","Leicester",NA,NA
"10828",1004583,2020-07-04,"Norwich","Brighton","Brighton",NA,NA
"10829",1004584,2020-07-04,"Manchester United","Bournemouth","Manchester United",NA,NA
"10830",1004585,2020-07-04,"Wolves","Arsenal","Arsenal",NA,NA
"10831",1004586,2020-07-04,"Chelsea","Watford","Chelsea",NA,NA
"10832",1004587,2020-07-05,"Burnley","Sheffield United",NA,"Burnley","Sheffield United"
"10833",1004588,2020-07-05,"Newcastle","West Ham",NA,"Newcastle","West Ham"
"10834",1004589,2020-07-05,"Liverpool","Aston Villa","Liverpool",NA,NA
"10835",1004590,2020-07-05,"Southampton","Manchester City","Southampton",NA,NA
"10836",1004591,2020-07-06,"Tottenham","Everton","Tottenham",NA,NA
"10837",1004482,2020-07-07,"Watford","Norwich","Watford",NA,NA
"10838",1004483,2020-07-07,"Crystal Palace","Chelsea","Chelsea",NA,NA
"10839",1004484,2020-07-07,"Arsenal","Leicester",NA,"Arsenal","Leicester"
"10840",1004485,2020-07-08,"West Ham","Burnley","Burnley",NA,NA
"10841",1004486,2020-07-08,"Manchester City","Newcastle","Manchester City",NA,NA
"10842",1004487,2020-07-08,"Sheffield United","Wolves","Sheffield United",NA,NA
"10843",1004488,2020-07-08,"Brighton","Liverpool","Liverpool",NA,NA
"10844",1004489,2020-07-09,"Bournemouth","Tottenham",NA,"Bournemouth","Tottenham"
"10845",1004490,2020-07-09,"Everton","Southampton",NA,"Everton","Southampton"
"10846",1004491,2020-07-09,"Aston Villa","Manchester United","Manchester United",NA,NA
"10847",1004492,2020-07-11,"Norwich","West Ham","West Ham",NA,NA
"10848",1004493,2020-07-11,"Watford","Newcastle","Watford",NA,NA
"10849",1004494,2020-07-11,"Liverpool","Burnley",NA,"Liverpool","Burnley"
"10850",1004495,2020-07-11,"Sheffield United","Chelsea","Sheffield United",NA,NA
"10851",1004496,2020-07-11,"Brighton","Manchester City","Manchester City",NA,NA
"10852",1004497,2020-07-12,"Wolves","Everton","Wolves",NA,NA
"10853",1004498,2020-07-12,"Aston Villa","Crystal Palace","Aston Villa",NA,NA
"10854",1004499,2020-07-12,"Tottenham","Arsenal","Tottenham",NA,NA
"10855",1004500,2020-07-12,"Bournemouth","Leicester","Bournemouth",NA,NA
"10856",1004501,2020-07-13,"Manchester United","Southampton",NA,"Manchester United","Southampton"
"10857",1008683,2020-07-14,"Chelsea","Norwich","Chelsea",NA,NA
"10858",1004502,2020-07-15,"Newcastle","Tottenham","Tottenham",NA,NA
"10859",1004503,2020-07-15,"Burnley","Wolves",NA,"Burnley","Wolves"
"10860",1004510,2020-07-15,"Manchester City","Bournemouth","Manchester City",NA,NA
"10861",1004511,2020-07-15,"Arsenal","Liverpool","Arsenal",NA,NA
"10862",1008684,2020-07-16,"Everton","Aston Villa",NA,"Everton","Aston Villa"
"10863",1008685,2020-07-16,"Leicester","Sheffield United","Leicester",NA,NA
"10864",1008686,2020-07-16,"Crystal Palace","Manchester United","Manchester United",NA,NA
"10865",1008687,2020-07-16,"Southampton","Brighton",NA,"Southampton","Brighton"
"10866",1008688,2020-07-17,"West Ham","Watford","West Ham",NA,NA
"10867",1004513,2020-07-18,"Norwich","Burnley","Burnley",NA,NA
"10868",1008689,2020-07-19,"Bournemouth","Southampton","Southampton",NA,NA
"10869",1008690,2020-07-19,"Tottenham","Leicester","Tottenham",NA,NA
"10870",1008691,2020-07-20,"Brighton","Newcastle",NA,"Brighton","Newcastle"
"10871",1008692,2020-07-20,"Sheffield United","Everton","Everton",NA,NA
"10872",1008693,2020-07-20,"Wolves","Crystal Palace","Wolves",NA,NA
"10873",1008672,2020-07-21,"Watford","Manchester City","Manchester City",NA,NA
"10874",1008694,2020-07-21,"Aston Villa","Arsenal","Aston Villa",NA,NA
"10875",1008695,2020-07-22,"Manchester United","West Ham",NA,"Manchester United","West Ham"
"10876",1008696,2020-07-22,"Liverpool","Chelsea","Liverpool",NA,NA
"10877",1008673,2020-07-26,"Arsenal","Watford","Arsenal",NA,NA
"10878",1008674,2020-07-26,"Burnley","Brighton","Brighton",NA,NA
"10879",1008675,2020-07-26,"Chelsea","Wolves","Chelsea",NA,NA
"10880",1008676,2020-07-26,"Crystal Palace","Tottenham",NA,"Crystal Palace","Tottenham"
"10881",1008677,2020-07-26,"Everton","Bournemouth","Bournemouth",NA,NA
"10882",1008678,2020-07-26,"Leicester","Manchester United","Manchester United",NA,NA
"10883",1008679,2020-07-26,"Manchester City","Norwich","Manchester City",NA,NA
"10884",1008680,2020-07-26,"Newcastle","Liverpool","Liverpool",NA,NA
"10885",1008681,2020-07-26,"Southampton","Sheffield United","Southampton",NA,NA
"10886",1008682,2020-07-26,"West Ham","Aston Villa",NA,"West Ham","Aston Villa"
"10887",1032693,2020-09-12,"Crystal Palace","Southampton","Crystal Palace",NA,NA
"10888",1032694,2020-09-12,"Fulham","Arsenal","Arsenal",NA,NA
"10889",1032695,2020-09-12,"Liverpool","Leeds","Liverpool",NA,NA
"10890",1032699,2020-09-12,"West Ham","Newcastle","Newcastle",NA,NA
"10891",1032697,2020-09-13,"Tottenham","Everton","Everton",NA,NA
"10892",1032698,2020-09-13,"West Brom","Leicester","Leicester",NA,NA
"10893",1032700,2020-09-14,"Brighton","Chelsea","Chelsea",NA,NA
"10894",1032701,2020-09-14,"Sheffield United","Wolves","Wolves",NA,NA
"10895",1032702,2020-09-19,"Arsenal","West Ham","Arsenal",NA,NA
"10896",1032705,2020-09-19,"Everton","West Brom","Everton",NA,NA
"10897",1032706,2020-09-19,"Leeds","Fulham","Leeds",NA,NA
"10898",1032708,2020-09-19,"Manchester United","Crystal Palace","Crystal Palace",NA,NA
"10899",1032704,2020-09-20,"Chelsea","Liverpool","Liverpool",NA,NA
"10900",1032707,2020-09-20,"Leicester","Burnley","Leicester",NA,NA
"10901",1032709,2020-09-20,"Newcastle","Brighton","Brighton",NA,NA
"10902",1032710,2020-09-20,"Southampton","Tottenham","Tottenham",NA,NA
"10903",1032703,2020-09-21,"Aston Villa","Sheffield United","Aston Villa",NA,NA
"10904",1032711,2020-09-21,"Wolves","Manchester City","Manchester City",NA,NA
"10905",1032712,2020-09-26,"Brighton","Manchester United","Manchester United",NA,NA
"10906",1032713,2020-09-26,"Burnley","Southampton","Southampton",NA,NA
"10907",1032714,2020-09-26,"Crystal Palace","Everton","Everton",NA,NA
"10908",1032720,2020-09-26,"West Brom","Chelsea",NA,"West Brom","Chelsea"
"10909",1032717,2020-09-27,"Manchester City","Leicester","Leicester",NA,NA
"10910",1032718,2020-09-27,"Sheffield United","Leeds","Leeds",NA,NA
"10911",1032719,2020-09-27,"Tottenham","Newcastle",NA,"Tottenham","Newcastle"
"10912",1032721,2020-09-27,"West Ham","Wolves","West Ham",NA,NA
"10913",1032715,2020-09-28,"Fulham","Aston Villa","Aston Villa",NA,NA
"10914",1032716,2020-09-28,"Liverpool","Arsenal","Liverpool",NA,NA
"10915",1032724,2020-10-03,"Chelsea","Crystal Palace","Chelsea",NA,NA
"10916",1032725,2020-10-03,"Everton","Brighton","Everton",NA,NA
"10917",1032726,2020-10-03,"Leeds","Manchester City",NA,"Leeds","Manchester City"
"10918",1032729,2020-10-03,"Newcastle","Burnley","Newcastle",NA,NA
"10919",1032722,2020-10-04,"Arsenal","Sheffield United","Arsenal",NA,NA
"10920",1032723,2020-10-04,"Aston Villa","Liverpool","Aston Villa",NA,NA
"10921",1032727,2020-10-04,"Leicester","West Ham","West Ham",NA,NA
"10922",1032728,2020-10-04,"Manchester United","Tottenham","Tottenham",NA,NA
"10923",1032730,2020-10-04,"Southampton","West Brom","Southampton",NA,NA
"10924",1032731,2020-10-04,"Wolves","Fulham","Wolves",NA,NA
"10925",1032732,2020-10-17,"Chelsea","Southampton",NA,"Chelsea","Southampton"
"10926",1032734,2020-10-17,"Everton","Liverpool",NA,"Everton","Liverpool"
"10927",1032737,2020-10-17,"Manchester City","Arsenal","Manchester City",NA,NA
"10928",1032738,2020-10-17,"Newcastle","Manchester United","Manchester United",NA,NA
"10929",1032733,2020-10-18,"Crystal Palace","Brighton",NA,"Crystal Palace","Brighton"
"10930",1032736,2020-10-18,"Leicester","Aston Villa","Aston Villa",NA,NA
"10931",1032739,2020-10-18,"Sheffield United","Fulham",NA,"Sheffield United","Fulham"
"10932",1032740,2020-10-18,"Tottenham","West Ham",NA,"Tottenham","West Ham"
"10933",1032735,2020-10-19,"Leeds","Wolves","Wolves",NA,NA
"10934",1032741,2020-10-19,"West Brom","Burnley",NA,"West Brom","Burnley"
"10935",1032743,2020-10-23,"Aston Villa","Leeds","Leeds",NA,NA
"10936",1032746,2020-10-24,"Fulham","Crystal Palace","Crystal Palace",NA,NA
"10937",1032747,2020-10-24,"Liverpool","Sheffield United","Liverpool",NA,NA
"10938",1032748,2020-10-24,"Manchester United","Chelsea",NA,"Manchester United","Chelsea"
"10939",1032750,2020-10-24,"West Ham","Manchester City",NA,"West Ham","Manchester City"
"10940",1032742,2020-10-25,"Arsenal","Leicester","Leicester",NA,NA
"10941",1032749,2020-10-25,"Southampton","Everton","Southampton",NA,NA
"10942",1032751,2020-10-25,"Wolves","Newcastle",NA,"Wolves","Newcastle"
"10943",1032744,2020-10-26,"Brighton","West Brom",NA,"Brighton","West Brom"
"10944",1032745,2020-10-26,"Burnley","Tottenham","Tottenham",NA,NA
"10945",1032761,2020-10-30,"Wolves","Crystal Palace","Wolves",NA,NA
"10946",1032753,2020-10-31,"Burnley","Chelsea","Chelsea",NA,NA
"10947",1032756,2020-10-31,"Liverpool","West Ham","Liverpool",NA,NA
"10948",1032759,2020-10-31,"Sheffield United","Manchester City","Manchester City",NA,NA
"10949",1032752,2020-11-01,"Aston Villa","Southampton","Southampton",NA,NA
"10950",1032757,2020-11-01,"Manchester United","Arsenal","Arsenal",NA,NA
"10951",1032758,2020-11-01,"Newcastle","Everton","Newcastle",NA,NA
"10952",1032760,2020-11-01,"Tottenham","Brighton","Tottenham",NA,NA
"10953",1032754,2020-11-02,"Fulham","West Brom","Fulham",NA,NA
"10954",1032755,2020-11-02,"Leeds","Leicester","Leicester",NA,NA
"10955",1032763,2020-11-06,"Brighton","Burnley",NA,"Brighton","Burnley"
"10956",1032769,2020-11-06,"Southampton","Newcastle","Southampton",NA,NA
"10957",1032764,2020-11-07,"Chelsea","Sheffield United","Chelsea",NA,NA
"10958",1032765,2020-11-07,"Crystal Palace","Leeds","Crystal Palace",NA,NA
"10959",1032766,2020-11-07,"Everton","Manchester United","Manchester United",NA,NA
"10960",1032771,2020-11-07,"West Ham","Fulham","West Ham",NA,NA
"10961",1032762,2020-11-08,"Arsenal","Aston Villa","Aston Villa",NA,NA
"10962",1032767,2020-11-08,"Leicester","Wolves","Leicester",NA,NA
"10963",1032768,2020-11-08,"Manchester City","Liverpool",NA,"Manchester City","Liverpool"
"10964",1032770,2020-11-08,"West Brom","Tottenham","Tottenham",NA,NA
"10965",1032772,2020-11-21,"Aston Villa","Brighton","Brighton",NA,NA
"10966",1032777,2020-11-21,"Manchester United","West Brom","Manchester United",NA,NA
"10967",1032778,2020-11-21,"Newcastle","Chelsea","Chelsea",NA,NA
"10968",1032780,2020-11-21,"Tottenham","Manchester City","Tottenham",NA,NA
"10969",1032774,2020-11-22,"Fulham","Everton","Everton",NA,NA
"10970",1032775,2020-11-22,"Leeds","Arsenal",NA,"Leeds","Arsenal"
"10971",1032776,2020-11-22,"Liverpool","Leicester","Liverpool",NA,NA
"10972",1032779,2020-11-22,"Sheffield United","West Ham","West Ham",NA,NA
"10973",1032773,2020-11-23,"Burnley","Crystal Palace","Burnley",NA,NA
"10974",1032781,2020-11-23,"Wolves","Southampton",NA,"Wolves","Southampton"
"10975",1032785,2020-11-27,"Crystal Palace","Newcastle","Newcastle",NA,NA
"10976",1032783,2020-11-28,"Brighton","Liverpool",NA,"Brighton","Liverpool"
"10977",1032786,2020-11-28,"Everton","Leeds","Leeds",NA,NA
"10978",1032788,2020-11-28,"Manchester City","Burnley","Manchester City",NA,NA
"10979",1032790,2020-11-28,"West Brom","Sheffield United","West Brom",NA,NA
"10980",1032782,2020-11-29,"Arsenal","Wolves","Wolves",NA,NA
"10981",1032784,2020-11-29,"Chelsea","Tottenham",NA,"Chelsea","Tottenham"
"10982",1032789,2020-11-29,"Southampton","Manchester United","Manchester United",NA,NA
"10983",1032787,2020-11-30,"Leicester","Fulham","Fulham",NA,NA
"10984",1032791,2020-11-30,"West Ham","Aston Villa","West Ham",NA,NA
"10985",1032794,2020-12-05,"Burnley","Everton",NA,"Burnley","Everton"
"10986",1032795,2020-12-05,"Chelsea","Leeds","Chelsea",NA,NA
"10987",1032797,2020-12-05,"Manchester City","Fulham","Manchester City",NA,NA
"10988",1032801,2020-12-05,"West Ham","Manchester United","Manchester United",NA,NA
"10989",1032796,2020-12-06,"Liverpool","Wolves","Liverpool",NA,NA
"10990",1032798,2020-12-06,"Sheffield United","Leicester","Leicester",NA,NA
"10991",1032799,2020-12-06,"Tottenham","Arsenal","Tottenham",NA,NA
"10992",1032800,2020-12-06,"West Brom","Crystal Palace","Crystal Palace",NA,NA
"10993",1032793,2020-12-07,"Brighton","Southampton","Southampton",NA,NA
"10994",1032804,2020-12-11,"Leeds","West Ham","West Ham",NA,NA
"10995",1032802,2020-12-12,"Everton","Chelsea","Everton",NA,NA
"10996",1032806,2020-12-12,"Manchester United","Manchester City",NA,"Manchester United","Manchester City"
"10997",1032807,2020-12-12,"Newcastle","West Brom","Newcastle",NA,NA
"10998",1032809,2020-12-12,"Wolves","Aston Villa","Aston Villa",NA,NA
"10999",1032803,2020-12-13,"Fulham","Liverpool",NA,"Fulham","Liverpool"
"11000",1032805,2020-12-13,"Leicester","Brighton","Leicester",NA,NA
"11001",1032808,2020-12-13,"Southampton","Sheffield United","Southampton",NA,NA
"11002",1032810,2020-12-13,"Arsenal","Burnley","Burnley",NA,NA
"11003",1032811,2020-12-13,"Crystal Palace","Tottenham",NA,"Crystal Palace","Tottenham"
"11004",1032819,2020-12-15,"Wolves","Chelsea","Wolves",NA,NA
"11005",1032821,2020-12-15,"Manchester City","West Brom",NA,"Manchester City","West Brom"
"11006",1032812,2020-12-16,"Arsenal","Southampton",NA,"Arsenal","Southampton"
"11007",1032814,2020-12-16,"Fulham","Brighton",NA,"Fulham","Brighton"
"11008",1032815,2020-12-16,"Leeds","Newcastle","Leeds",NA,NA
"11009",1032816,2020-12-16,"Leicester","Everton","Everton",NA,NA
"11010",1032818,2020-12-16,"West Ham","Crystal Palace",NA,"West Ham","Crystal Palace"
"11011",1032820,2020-12-16,"Liverpool","Tottenham","Liverpool",NA,NA
"11012",1032813,2020-12-17,"Aston Villa","Burnley",NA,"Aston Villa","Burnley"
"11013",1032817,2020-12-17,"Sheffield United","Manchester United","Manchester United",NA,NA
"11014",1032825,2020-12-19,"Crystal Palace","Liverpool","Liverpool",NA,NA
"11015",1032826,2020-12-19,"Everton","Arsenal","Everton",NA,NA
"11016",1032828,2020-12-19,"Newcastle","Fulham",NA,"Newcastle","Fulham"
"11017",1032829,2020-12-19,"Southampton","Manchester City","Manchester City",NA,NA
"11018",1032822,2020-12-20,"Brighton","Sheffield United",NA,"Brighton","Sheffield United"
"11019",1032827,2020-12-20,"Manchester United","Leeds","Manchester United",NA,NA
"11020",1032830,2020-12-20,"Tottenham","Leicester","Leicester",NA,NA
"11021",1032831,2020-12-20,"West Brom","Aston Villa","Aston Villa",NA,NA
"11022",1032823,2020-12-21,"Burnley","Wolves","Burnley",NA,NA
"11023",1032824,2020-12-21,"Chelsea","West Ham","Chelsea",NA,NA
"11024",1032832,2020-12-26,"Arsenal","Chelsea","Arsenal",NA,NA
"11025",1032833,2020-12-26,"Aston Villa","Crystal Palace","Aston Villa",NA,NA
"11026",1032834,2020-12-26,"Fulham","Southampton",NA,"Fulham","Southampton"
"11027",1032836,2020-12-26,"Leicester","Manchester United",NA,"Leicester","Manchester United"
"11028",1032838,2020-12-26,"Manchester City","Newcastle","Manchester City",NA,NA
"11029",1032839,2020-12-26,"Sheffield United","Everton","Everton",NA,NA
"11030",1032835,2020-12-27,"Leeds","Burnley","Leeds",NA,NA
"11031",1032837,2020-12-27,"Liverpool","West Brom",NA,"Liverpool","West Brom"
"11032",1032840,2020-12-27,"West Ham","Brighton",NA,"West Ham","Brighton"
"11033",1032841,2020-12-27,"Wolves","Tottenham",NA,"Wolves","Tottenham"
"11034",1032844,2020-12-28,"Chelsea","Aston Villa",NA,"Chelsea","Aston Villa"
"11035",1032845,2020-12-28,"Crystal Palace","Leicester",NA,"Crystal Palace","Leicester"
"11036",1032842,2020-12-29,"Brighton","Arsenal","Arsenal",NA,NA
"11037",1032843,2020-12-29,"Burnley","Sheffield United","Burnley",NA,NA
"11038",1032847,2020-12-29,"Manchester United","Wolves","Manchester United",NA,NA
"11039",1032849,2020-12-29,"Southampton","West Ham",NA,"Southampton","West Ham"
"11040",1032851,2020-12-29,"West Brom","Leeds","Leeds",NA,NA
"11041",1032848,2020-12-30,"Newcastle","Liverpool",NA,"Newcastle","Liverpool"
"11042",1032856,2021-01-01,"Everton","West Ham","West Ham",NA,NA
"11043",1032857,2021-01-01,"Manchester United","Aston Villa","Manchester United",NA,NA
"11044",1032852,2021-01-02,"Brighton","Wolves",NA,"Brighton","Wolves"
"11045",1032855,2021-01-02,"Crystal Palace","Sheffield United","Crystal Palace",NA,NA
"11046",1032860,2021-01-02,"Tottenham","Leeds","Tottenham",NA,NA
"11047",1032861,2021-01-02,"West Brom","Arsenal","Arsenal",NA,NA
"11048",1032854,2021-01-03,"Chelsea","Manchester City","Manchester City",NA,NA
"11049",1032858,2021-01-03,"Newcastle","Leicester","Leicester",NA,NA
"11050",1032859,2021-01-04,"Southampton","Liverpool","Southampton",NA,NA
"11051",1042517,2021-01-12,"Burnley","Manchester United","Manchester United",NA,NA
"11052",1032867,2021-01-12,"Sheffield United","Newcastle","Sheffield United",NA,NA
"11053",1032869,2021-01-12,"Wolves","Everton","Everton",NA,NA
"11054",1032850,2021-01-13,"Tottenham","Fulham",NA,"Tottenham","Fulham"
"11055",1032871,2021-01-13,"Manchester City","Brighton","Manchester City",NA,NA
"11056",1032862,2021-01-14,"Arsenal","Crystal Palace",NA,"Arsenal","Crystal Palace"
"11057",1032874,2021-01-16,"Fulham","Chelsea","Chelsea",NA,NA
"11058",1032875,2021-01-16,"Leeds","Brighton","Brighton",NA,NA
"11059",1032876,2021-01-16,"Leicester","Southampton","Leicester",NA,NA
"11060",1032880,2021-01-16,"West Ham","Burnley","West Ham",NA,NA
"11061",1032881,2021-01-16,"Wolves","West Brom","West Brom",NA,NA
"11062",1032877,2021-01-17,"Liverpool","Manchester United",NA,"Liverpool","Manchester United"
"11063",1032878,2021-01-17,"Manchester City","Crystal Palace","Manchester City",NA,NA
"11064",1032879,2021-01-17,"Sheffield United","Tottenham","Tottenham",NA,NA
"11065",1032872,2021-01-18,"Arsenal","Newcastle","Arsenal",NA,NA
"11066",1032866,2021-01-19,"Leicester","Chelsea","Leicester",NA,NA
"11067",1032868,2021-01-19,"West Ham","West Brom","West Ham",NA,NA
"11068",1042518,2021-01-20,"Manchester City","Aston Villa","Manchester City",NA,NA
"11069",1032864,2021-01-20,"Fulham","Manchester United","Manchester United",NA,NA
"11070",1032870,2021-01-21,"Liverpool","Burnley","Burnley",NA,NA
"11071",1032792,2021-01-23,"Aston Villa","Newcastle","Aston Villa",NA,NA
"11072",1032886,2021-01-26,"West Brom","Manchester City","Manchester City",NA,NA
"11073",1032888,2021-01-26,"Newcastle","Leeds","Leeds",NA,NA
"11074",1032889,2021-01-26,"Southampton","Arsenal","Arsenal",NA,NA
"11075",1032891,2021-01-26,"Crystal Palace","West Ham","West Ham",NA,NA
"11076",1032882,2021-01-27,"Brighton","Fulham",NA,"Brighton","Fulham"
"11077",1032883,2021-01-27,"Burnley","Aston Villa","Burnley",NA,NA
"11078",1032884,2021-01-27,"Everton","Leicester",NA,"Everton","Leicester"
"11079",1032885,2021-01-27,"Manchester United","Sheffield United","Sheffield United",NA,NA
"11080",1032887,2021-01-27,"Chelsea","Wolves",NA,"Chelsea","Wolves"
"11081",1032890,2021-01-28,"Tottenham","Liverpool","Liverpool",NA,NA
"11082",1032892,2021-01-30,"Arsenal","Manchester United",NA,"Arsenal","Manchester United"
"11083",1032895,2021-01-30,"Crystal Palace","Wolves","Crystal Palace",NA,NA
"11084",1032896,2021-01-30,"Everton","Newcastle","Newcastle",NA,NA
"11085",1032898,2021-01-30,"Manchester City","Sheffield United","Manchester City",NA,NA
"11086",1032899,2021-01-30,"Southampton","Aston Villa","Aston Villa",NA,NA
"11087",1032900,2021-01-30,"West Brom","Fulham",NA,"West Brom","Fulham"
"11088",1032893,2021-01-31,"Brighton","Tottenham","Brighton",NA,NA
"11089",1032894,2021-01-31,"Chelsea","Burnley","Chelsea",NA,NA
"11090",1032897,2021-01-31,"Leicester","Leeds","Leeds",NA,NA
"11091",1032901,2021-01-31,"West Ham","Liverpool","Liverpool",NA,NA
"11092",1032906,2021-02-02,"Sheffield United","West Brom","Sheffield United",NA,NA
"11093",1032907,2021-02-02,"Wolves","Arsenal","Wolves",NA,NA
"11094",1032908,2021-02-02,"Manchester United","Southampton","Manchester United",NA,NA
"11095",1032909,2021-02-02,"Newcastle","Crystal Palace","Crystal Palace",NA,NA
"11096",1032902,2021-02-03,"Aston Villa","West Ham","West Ham",NA,NA
"11097",1032903,2021-02-03,"Burnley","Manchester City","Manchester City",NA,NA
"11098",1032904,2021-02-03,"Fulham","Leicester","Leicester",NA,NA
"11099",1032905,2021-02-03,"Leeds","Everton","Everton",NA,NA
"11100",1032911,2021-02-03,"Liverpool","Brighton","Brighton",NA,NA
"11101",1032910,2021-02-04,"Tottenham","Chelsea","Chelsea",NA,NA
"11102",1032912,2021-02-06,"Aston Villa","Arsenal","Aston Villa",NA,NA
"11103",1032913,2021-02-06,"Burnley","Brighton",NA,"Burnley","Brighton"
"11104",1032914,2021-02-06,"Fulham","West Ham",NA,"Fulham","West Ham"
"11105",1032917,2021-02-06,"Manchester United","Everton",NA,"Manchester United","Everton"
"11106",1032918,2021-02-06,"Newcastle","Southampton","Newcastle",NA,NA
"11107",1032916,2021-02-07,"Liverpool","Manchester City","Manchester City",NA,NA
"11108",1032919,2021-02-07,"Sheffield United","Chelsea","Chelsea",NA,NA
"11109",1032920,2021-02-07,"Tottenham","West Brom","Tottenham",NA,NA
"11110",1032921,2021-02-07,"Wolves","Leicester",NA,"Wolves","Leicester"
"11111",1032915,2021-02-08,"Leeds","Crystal Palace","Leeds",NA,NA
"11112",1036502,2021-02-13,"Brighton","Aston Villa",NA,"Brighton","Aston Villa"
"11113",1036504,2021-02-13,"Crystal Palace","Burnley","Burnley",NA,NA
"11114",1036506,2021-02-13,"Leicester","Liverpool","Leicester",NA,NA
"11115",1036507,2021-02-13,"Manchester City","Tottenham","Manchester City",NA,NA
"11116",1036501,2021-02-14,"Arsenal","Leeds","Arsenal",NA,NA
"11117",1036505,2021-02-14,"Everton","Fulham","Fulham",NA,NA
"11118",1036508,2021-02-14,"Southampton","Wolves","Wolves",NA,NA
"11119",1036509,2021-02-14,"West Brom","Manchester United",NA,"West Brom","Manchester United"
"11120",1036503,2021-02-15,"Chelsea","Newcastle","Chelsea",NA,NA
"11121",1036510,2021-02-15,"West Ham","Sheffield United","West Ham",NA,NA
"11122",1032846,2021-02-17,"Everton","Manchester City","Manchester City",NA,NA
"11123",1032853,2021-02-17,"Burnley","Fulham",NA,"Burnley","Fulham"
"11124",1036520,2021-02-19,"Wolves","Leeds","Wolves",NA,NA
"11125",1036514,2021-02-20,"Burnley","West Brom",NA,"Burnley","West Brom"
"11126",1036515,2021-02-20,"Fulham","Sheffield United","Fulham",NA,NA
"11127",1036516,2021-02-20,"Liverpool","Everton","Everton",NA,NA
"11128",1036518,2021-02-20,"Southampton","Chelsea",NA,"Southampton","Chelsea"
"11129",1036511,2021-02-21,"Arsenal","Manchester City","Manchester City",NA,NA
"11130",1036512,2021-02-21,"Aston Villa","Leicester","Leicester",NA,NA
"11131",1036517,2021-02-21,"Manchester United","Newcastle","Manchester United",NA,NA
"11132",1036519,2021-02-21,"West Ham","Tottenham","West Ham",NA,NA
"11133",1036513,2021-02-22,"Brighton","Crystal Palace","Crystal Palace",NA,NA
"11134",1032865,2021-02-23,"Leeds","Southampton","Leeds",NA,NA
"11135",1036524,2021-02-27,"Leeds","Aston Villa","Aston Villa",NA,NA
"11136",1036526,2021-02-27,"Manchester City","West Ham","Manchester City",NA,NA
"11137",1036527,2021-02-27,"Newcastle","Wolves",NA,"Newcastle","Wolves"
"11138",1036530,2021-02-27,"West Brom","Brighton","West Brom",NA,NA
"11139",1036521,2021-02-28,"Chelsea","Manchester United",NA,"Chelsea","Manchester United"
"11140",1036522,2021-02-28,"Crystal Palace","Fulham",NA,"Crystal Palace","Fulham"
"11141",1036525,2021-02-28,"Leicester","Arsenal","Arsenal",NA,NA
"11142",1036528,2021-02-28,"Sheffield United","Liverpool","Liverpool",NA,NA
"11143",1036529,2021-02-28,"Tottenham","Burnley","Tottenham",NA,NA
"11144",1036523,2021-03-01,"Everton","Southampton","Everton",NA,NA
"11145",1036556,2021-03-02,"Manchester City","Wolves","Manchester City",NA,NA
"11146",1036552,2021-03-03,"Burnley","Leicester",NA,"Burnley","Leicester"
"11147",1036553,2021-03-03,"Crystal Palace","Manchester United",NA,"Crystal Palace","Manchester United"
"11148",1036557,2021-03-03,"Sheffield United","Aston Villa","Sheffield United",NA,NA
"11149",1036555,2021-03-04,"Liverpool","Chelsea","Chelsea",NA,NA
"11150",1036559,2021-03-04,"West Brom","Everton","Everton",NA,NA
"11151",1036593,2021-03-04,"Fulham","Tottenham","Tottenham",NA,NA
"11152",1036532,2021-03-06,"Aston Villa","Wolves",NA,"Aston Villa","Wolves"
"11153",1036533,2021-03-06,"Brighton","Leicester","Leicester",NA,NA
"11154",1036534,2021-03-06,"Burnley","Arsenal",NA,"Burnley","Arsenal"
"11155",1036538,2021-03-06,"Sheffield United","Southampton","Southampton",NA,NA
"11156",1036536,2021-03-07,"Liverpool","Fulham","Fulham",NA,NA
"11157",1036537,2021-03-07,"Manchester City","Manchester United","Manchester United",NA,NA
"11158",1036539,2021-03-07,"Tottenham","Crystal Palace","Tottenham",NA,NA
"11159",1036540,2021-03-07,"West Brom","Newcastle",NA,"West Brom","Newcastle"
"11160",1036531,2021-03-08,"West Ham","Leeds","West Ham",NA,NA
"11161",1036535,2021-03-08,"Chelsea","Everton","Chelsea",NA,NA
"11162",1036597,2021-03-10,"Manchester City","Southampton","Manchester City",NA,NA
"11163",1036548,2021-03-12,"Newcastle","Aston Villa",NA,"Newcastle","Aston Villa"
"11164",1036542,2021-03-13,"Crystal Palace","West Brom","Crystal Palace",NA,NA
"11165",1036543,2021-03-13,"Everton","Burnley","Burnley",NA,NA
"11166",1036544,2021-03-13,"Fulham","Manchester City","Manchester City",NA,NA
"11167",1036545,2021-03-13,"Leeds","Chelsea",NA,"Leeds","Chelsea"
"11168",1036541,2021-03-14,"Arsenal","Tottenham","Arsenal",NA,NA
"11169",1036546,2021-03-14,"Leicester","Sheffield United","Leicester",NA,NA
"11170",1036547,2021-03-14,"Manchester United","West Ham","Manchester United",NA,NA
"11171",1036549,2021-03-14,"Southampton","Brighton","Brighton",NA,NA
"11172",1036550,2021-03-15,"Wolves","Liverpool","Liverpool",NA,NA
"11173",1036554,2021-03-19,"Fulham","Leeds","Leeds",NA,NA
"11174",1036551,2021-03-20,"Brighton","Newcastle","Brighton",NA,NA
"11175",1032863,2021-03-21,"Aston Villa","Tottenham","Tottenham",NA,NA
"11176",1036560,2021-03-21,"West Ham","Arsenal",NA,"West Ham","Arsenal"
"11177",1036561,2021-04-03,"Arsenal","Liverpool","Liverpool",NA,NA
"11178",1036563,2021-04-03,"Chelsea","West Brom","West Brom",NA,NA
"11179",1036565,2021-04-03,"Leeds","Sheffield United","Leeds",NA,NA
"11180",1036566,2021-04-03,"Leicester","Manchester City","Manchester City",NA,NA
"11181",1036562,2021-04-04,"Aston Villa","Fulham","Aston Villa",NA,NA
"11182",1036567,2021-04-04,"Manchester United","Brighton","Manchester United",NA,NA
"11183",1036568,2021-04-04,"Newcastle","Tottenham",NA,"Newcastle","Tottenham"
"11184",1036569,2021-04-04,"Southampton","Burnley","Southampton",NA,NA
"11185",1036564,2021-04-05,"Everton","Crystal Palace",NA,"Everton","Crystal Palace"
"11186",1036570,2021-04-05,"Wolves","West Ham","West Ham",NA,NA
"11187",1036574,2021-04-09,"Fulham","Wolves","Wolves",NA,NA
"11188",1036573,2021-04-10,"Crystal Palace","Chelsea","Chelsea",NA,NA
"11189",1036575,2021-04-10,"Liverpool","Aston Villa","Liverpool",NA,NA
"11190",1036576,2021-04-10,"Manchester City","Leeds","Leeds",NA,NA
"11191",1036572,2021-04-11,"Burnley","Newcastle","Newcastle",NA,NA
"11192",1036577,2021-04-11,"Sheffield United","Arsenal","Arsenal",NA,NA
"11193",1036578,2021-04-11,"Tottenham","Manchester United","Manchester United",NA,NA
"11194",1036580,2021-04-11,"West Ham","Leicester","West Ham",NA,NA
"11195",1036571,2021-04-12,"Brighton","Everton",NA,"Brighton","Everton"
"11196",1036579,2021-04-12,"West Brom","Southampton","West Brom",NA,NA
"11197",1036584,2021-04-16,"Everton","Tottenham",NA,"Everton","Tottenham"
"11198",1036588,2021-04-17,"Newcastle","West Ham","Newcastle",NA,NA
"11199",1036590,2021-04-17,"Wolves","Sheffield United","Wolves",NA,NA
"11200",1036581,2021-04-18,"Arsenal","Fulham",NA,"Arsenal","Fulham"
"11201",1036587,2021-04-18,"Manchester United","Burnley","Manchester United",NA,NA
"11202",1036585,2021-04-19,"Leeds","Liverpool",NA,"Leeds","Liverpool"
"11203",1036583,2021-04-20,"Chelsea","Brighton",NA,"Chelsea","Brighton"
"11204",1036558,2021-04-21,"Tottenham","Southampton","Tottenham",NA,NA
"11205",1036582,2021-04-21,"Aston Villa","Manchester City","Manchester City",NA,NA
"11206",1036586,2021-04-22,"Leicester","West Brom","Leicester",NA,NA
"11207",1036591,2021-04-23,"Arsenal","Everton","Everton",NA,NA
"11208",1036596,2021-04-24,"Liverpool","Newcastle",NA,"Liverpool","Newcastle"
"11209",1036598,2021-04-24,"Sheffield United","Brighton","Sheffield United",NA,NA
"11210",1036599,2021-04-24,"West Ham","Chelsea","Chelsea",NA,NA
"11211",1036592,2021-04-25,"Aston Villa","West Brom",NA,"Aston Villa","West Brom"
"11212",1036594,2021-04-25,"Leeds","Manchester United",NA,"Leeds","Manchester United"
"11213",1036600,2021-04-25,"Wolves","Burnley","Burnley",NA,NA
"11214",1036595,2021-04-26,"Leicester","Crystal Palace","Leicester",NA,NA
"11215",1036608,2021-04-30,"Southampton","Leicester",NA,"Southampton","Leicester"
"11216",1036601,2021-05-01,"Brighton","Leeds","Brighton",NA,NA
"11217",1036603,2021-05-01,"Chelsea","Fulham","Chelsea",NA,NA
"11218",1036604,2021-05-01,"Crystal Palace","Manchester City","Manchester City",NA,NA
"11219",1036605,2021-05-01,"Everton","Aston Villa","Aston Villa",NA,NA
"11220",1036607,2021-05-02,"Newcastle","Arsenal","Arsenal",NA,NA
"11221",1036609,2021-05-02,"Tottenham","Sheffield United","Tottenham",NA,NA
"11222",1036602,2021-05-03,"Burnley","West Ham","West Ham",NA,NA
"11223",1036610,2021-05-03,"West Brom","Wolves",NA,"West Brom","Wolves"
"11224",1036615,2021-05-07,"Leicester","Newcastle","Newcastle",NA,NA
"11225",1036614,2021-05-08,"Leeds","Tottenham","Leeds",NA,NA
"11226",1036616,2021-05-08,"Liverpool","Southampton","Liverpool",NA,NA
"11227",1036617,2021-05-08,"Manchester City","Chelsea","Chelsea",NA,NA
"11228",1036618,2021-05-08,"Sheffield United","Crystal Palace","Crystal Palace",NA,NA
"11229",1036611,2021-05-09,"Arsenal","West Brom","Arsenal",NA,NA
"11230",1036612,2021-05-09,"Aston Villa","Manchester United","Manchester United",NA,NA
"11231",1036619,2021-05-09,"West Ham","Everton","Everton",NA,NA
"11232",1036620,2021-05-09,"Wolves","Brighton","Wolves",NA,NA
"11233",1036613,2021-05-10,"Fulham","Burnley","Burnley",NA,NA
"11234",1036589,2021-05-11,"Southampton","Crystal Palace","Southampton",NA,NA
"11235",1036624,2021-05-11,"Manchester United","Leicester","Leicester",NA,NA
"11236",1036626,2021-05-12,"Chelsea","Arsenal","Arsenal",NA,NA
"11237",1032873,2021-05-13,"Aston Villa","Everton",NA,"Aston Villa","Everton"
"11238",1036606,2021-05-13,"Manchester United","Liverpool","Liverpool",NA,NA
"11239",1036627,2021-05-14,"Newcastle","Manchester City","Manchester City",NA,NA
"11240",1036621,2021-05-15,"Brighton","West Ham",NA,"Brighton","West Ham"
"11241",1036622,2021-05-15,"Burnley","Leeds","Leeds",NA,NA
"11242",1036628,2021-05-15,"Southampton","Fulham","Southampton",NA,NA
"11243",1036623,2021-05-16,"Everton","Sheffield United","Sheffield United",NA,NA
"11244",1036625,2021-05-16,"West Brom","Liverpool","Liverpool",NA,NA
"11245",1036629,2021-05-16,"Tottenham","Wolves","Tottenham",NA,NA
"11246",1036630,2021-05-16,"Crystal Palace","Aston Villa","Crystal Palace",NA,NA
"11247",1036631,2021-05-18,"Brighton","Manchester City","Brighton",NA,NA
"11248",1036633,2021-05-18,"Chelsea","Leicester","Chelsea",NA,NA
"11249",1036636,2021-05-18,"Manchester United","Fulham",NA,"Manchester United","Fulham"
"11250",1036638,2021-05-18,"Southampton","Leeds","Leeds",NA,NA
"11251",1036632,2021-05-19,"Burnley","Liverpool","Liverpool",NA,NA
"11252",1036634,2021-05-19,"Crystal Palace","Arsenal","Arsenal",NA,NA
"11253",1036635,2021-05-19,"Everton","Wolves","Everton",NA,NA
"11254",1036637,2021-05-19,"Newcastle","Sheffield United","Newcastle",NA,NA
"11255",1036639,2021-05-19,"Tottenham","Aston Villa","Aston Villa",NA,NA
"11256",1036640,2021-05-19,"West Brom","West Ham","West Ham",NA,NA
"11257",1036641,2021-05-23,"Arsenal","Brighton","Arsenal",NA,NA
"11258",1036642,2021-05-23,"Aston Villa","Chelsea","Aston Villa",NA,NA
"11259",1036643,2021-05-23,"Fulham","Newcastle","Newcastle",NA,NA
"11260",1036644,2021-05-23,"Leeds","West Brom","Leeds",NA,NA
"11261",1036645,2021-05-23,"Leicester","Tottenham","Tottenham",NA,NA
"11262",1036646,2021-05-23,"Liverpool","Crystal Palace","Liverpool",NA,NA
"11263",1036647,2021-05-23,"Manchester City","Everton","Manchester City",NA,NA
"11264",1036648,2021-05-23,"Sheffield United","Burnley","Sheffield United",NA,NA
"11265",1036649,2021-05-23,"West Ham","Southampton","West Ham",NA,NA
"11266",1036650,2021-05-23,"Wolves","Manchester United","Manchester United",NA,NA
"11267",1153928,2021-08-13,"Brentford","Arsenal","Brentford",NA,NA
"11268",1153929,2021-08-14,"Burnley","Brighton","Brighton",NA,NA
"11269",1153930,2021-08-14,"Chelsea","Crystal Palace","Chelsea",NA,NA
"11270",1153931,2021-08-14,"Everton","Southampton","Everton",NA,NA
"11271",1153932,2021-08-14,"Leicester","Wolves","Leicester",NA,NA
"11272",1153933,2021-08-14,"Manchester United","Leeds","Manchester United",NA,NA
"11273",1153935,2021-08-14,"Norwich","Liverpool","Liverpool",NA,NA
"11274",1153937,2021-08-14,"Watford","Aston Villa","Watford",NA,NA
"11275",1153934,2021-08-15,"Newcastle","West Ham","West Ham",NA,NA
"11276",1153936,2021-08-15,"Tottenham","Manchester City","Tottenham",NA,NA
"11277",1153939,2021-08-21,"Aston Villa","Newcastle","Aston Villa",NA,NA
"11278",1153940,2021-08-21,"Brighton","Watford","Brighton",NA,NA
"11279",1153941,2021-08-21,"Crystal Palace","Brentford",NA,"Crystal Palace","Brentford"
"11280",1153942,2021-08-21,"Leeds","Everton",NA,"Leeds","Everton"
"11281",1153943,2021-08-21,"Liverpool","Burnley","Liverpool",NA,NA
"11282",1153944,2021-08-21,"Manchester City","Norwich","Manchester City",NA,NA
"11283",1153938,2021-08-22,"Arsenal","Chelsea","Chelsea",NA,NA
"11284",1153945,2021-08-22,"Southampton","Manchester United",NA,"Southampton","Manchester United"
"11285",1153947,2021-08-22,"Wolves","Tottenham","Tottenham",NA,NA
"11286",1153946,2021-08-23,"West Ham","Leicester","West Ham",NA,NA
"11287",1153948,2021-08-28,"Aston Villa","Brentford",NA,"Aston Villa","Brentford"
"11288",1153949,2021-08-28,"Brighton","Everton","Everton",NA,NA
"11289",1153951,2021-08-28,"Liverpool","Chelsea",NA,"Liverpool","Chelsea"
"11290",1153952,2021-08-28,"Manchester City","Arsenal","Manchester City",NA,NA
"11291",1153953,2021-08-28,"Newcastle","Southampton",NA,"Newcastle","Southampton"
"11292",1153954,2021-08-28,"Norwich","Leicester","Leicester",NA,NA
"11293",1153956,2021-08-28,"West Ham","Crystal Palace",NA,"West Ham","Crystal Palace"
"11294",1153950,2021-08-29,"Burnley","Leeds",NA,"Burnley","Leeds"
"11295",1153955,2021-08-29,"Tottenham","Watford","Tottenham",NA,NA
"11296",1153957,2021-08-29,"Wolves","Manchester United","Manchester United",NA,NA
"11297",1153958,2021-09-11,"Arsenal","Norwich","Arsenal",NA,NA
"11298",1153959,2021-09-11,"Brentford","Brighton","Brighton",NA,NA
"11299",1153960,2021-09-11,"Chelsea","Aston Villa","Chelsea",NA,NA
"11300",1153961,2021-09-11,"Crystal Palace","Tottenham","Crystal Palace",NA,NA
"11301",1153964,2021-09-11,"Leicester","Manchester City","Manchester City",NA,NA
"11302",1153965,2021-09-11,"Manchester United","Newcastle","Manchester United",NA,NA
"11303",1153966,2021-09-11,"Southampton","West Ham",NA,"Southampton","West Ham"
"11304",1153967,2021-09-11,"Watford","Wolves","Wolves",NA,NA
"11305",1153963,2021-09-12,"Leeds","Liverpool","Liverpool",NA,NA
"11306",1153962,2021-09-13,"Everton","Burnley","Everton",NA,NA
"11307",1153973,2021-09-17,"Newcastle","Leeds",NA,"Newcastle","Leeds"
"11308",1153968,2021-09-18,"Aston Villa","Everton","Aston Villa",NA,NA
"11309",1153970,2021-09-18,"Burnley","Arsenal","Arsenal",NA,NA
"11310",1153971,2021-09-18,"Liverpool","Crystal Palace","Liverpool",NA,NA
"11311",1153972,2021-09-18,"Manchester City","Southampton",NA,"Manchester City","Southampton"
"11312",1153974,2021-09-18,"Norwich","Watford","Watford",NA,NA
"11313",1153977,2021-09-18,"Wolves","Brentford","Brentford",NA,NA
"11314",1153969,2021-09-19,"Brighton","Leicester","Brighton",NA,NA
"11315",1153975,2021-09-19,"Tottenham","Chelsea","Chelsea",NA,NA
"11316",1153976,2021-09-19,"West Ham","Manchester United","Manchester United",NA,NA
"11317",1153979,2021-09-25,"Brentford","Liverpool",NA,"Brentford","Liverpool"
"11318",1153980,2021-09-25,"Chelsea","Manchester City","Manchester City",NA,NA
"11319",1153982,2021-09-25,"Everton","Norwich","Everton",NA,NA
"11320",1153983,2021-09-25,"Leeds","West Ham","West Ham",NA,NA
"11321",1153984,2021-09-25,"Leicester","Burnley",NA,"Leicester","Burnley"
"11322",1153985,2021-09-25,"Manchester United","Aston Villa","Aston Villa",NA,NA
"11323",1153987,2021-09-25,"Watford","Newcastle",NA,"Watford","Newcastle"
"11324",1153978,2021-09-26,"Arsenal","Tottenham","Arsenal",NA,NA
"11325",1153986,2021-09-26,"Southampton","Wolves","Wolves",NA,NA
"11326",1153981,2021-09-27,"Crystal Palace","Brighton",NA,"Crystal Palace","Brighton"
"11327",1153988,2021-10-02,"Brighton","Arsenal",NA,"Brighton","Arsenal"
"11328",1153989,2021-10-02,"Burnley","Norwich",NA,"Burnley","Norwich"
"11329",1153990,2021-10-02,"Chelsea","Southampton","Chelsea",NA,NA
"11330",1153992,2021-10-02,"Leeds","Watford","Leeds",NA,NA
"11331",1153994,2021-10-02,"Manchester United","Everton",NA,"Manchester United","Everton"
"11332",1153997,2021-10-02,"Wolves","Newcastle","Wolves",NA,NA
"11333",1153991,2021-10-03,"Crystal Palace","Leicester",NA,"Crystal Palace","Leicester"
"11334",1153993,2021-10-03,"Liverpool","Manchester City",NA,"Liverpool","Manchester City"
"11335",1153995,2021-10-03,"Tottenham","Aston Villa","Tottenham",NA,NA
"11336",1153996,2021-10-03,"West Ham","Brentford","Brentford",NA,NA
"11337",1153999,2021-10-16,"Aston Villa","Wolves","Wolves",NA,NA
"11338",1154000,2021-10-16,"Brentford","Chelsea","Chelsea",NA,NA
"11339",1154002,2021-10-16,"Leicester","Manchester United","Leicester",NA,NA
"11340",1154003,2021-10-16,"Manchester City","Burnley","Manchester City",NA,NA
"11341",1154005,2021-10-16,"Norwich","Brighton",NA,"Norwich","Brighton"
"11342",1154006,2021-10-16,"Southampton","Leeds","Southampton",NA,NA
"11343",1154007,2021-10-16,"Watford","Liverpool","Liverpool",NA,NA
"11344",1154001,2021-10-17,"Everton","West Ham","West Ham",NA,NA
"11345",1154004,2021-10-17,"Newcastle","Tottenham","Tottenham",NA,NA
"11346",1153998,2021-10-18,"Arsenal","Crystal Palace",NA,"Arsenal","Crystal Palace"
"11347",1154008,2021-10-22,"Arsenal","Aston Villa","Arsenal",NA,NA
"11348",1154010,2021-10-23,"Brighton","Manchester City","Manchester City",NA,NA
"11349",1154011,2021-10-23,"Chelsea","Norwich","Chelsea",NA,NA
"11350",1154012,2021-10-23,"Crystal Palace","Newcastle",NA,"Crystal Palace","Newcastle"
"11351",1154013,2021-10-23,"Everton","Watford","Watford",NA,NA
"11352",1154014,2021-10-23,"Leeds","Wolves",NA,"Leeds","Wolves"
"11353",1154016,2021-10-23,"Southampton","Burnley",NA,"Southampton","Burnley"
"11354",1154009,2021-10-24,"Brentford","Leicester","Leicester",NA,NA
"11355",1154015,2021-10-24,"Manchester United","Liverpool","Liverpool",NA,NA
"11356",1154017,2021-10-24,"West Ham","Tottenham","West Ham",NA,NA
"11357",1154019,2021-10-30,"Burnley","Brentford","Burnley",NA,NA
"11358",1154020,2021-10-30,"Leicester","Arsenal","Arsenal",NA,NA
"11359",1154021,2021-10-30,"Liverpool","Brighton",NA,"Liverpool","Brighton"
"11360",1154022,2021-10-30,"Manchester City","Crystal Palace","Crystal Palace",NA,NA
"11361",1154023,2021-10-30,"Newcastle","Chelsea","Chelsea",NA,NA
"11362",1154025,2021-10-30,"Tottenham","Manchester United","Manchester United",NA,NA
"11363",1154026,2021-10-30,"Watford","Southampton","Southampton",NA,NA
"11364",1154018,2021-10-31,"Aston Villa","West Ham","West Ham",NA,NA
"11365",1154024,2021-10-31,"Norwich","Leeds","Leeds",NA,NA
"11366",1154027,2021-11-01,"Wolves","Everton","Wolves",NA,NA
"11367",1154036,2021-11-05,"Southampton","Aston Villa","Southampton",NA,NA
"11368",1154029,2021-11-06,"Brentford","Norwich","Norwich",NA,NA
"11369",1154030,2021-11-06,"Brighton","Newcastle",NA,"Brighton","Newcastle"
"11370",1154031,2021-11-06,"Chelsea","Burnley",NA,"Chelsea","Burnley"
"11371",1154032,2021-11-06,"Crystal Palace","Wolves","Crystal Palace",NA,NA
"11372",1154035,2021-11-06,"Manchester United","Manchester City","Manchester City",NA,NA
"11373",1154028,2021-11-07,"Arsenal","Watford","Arsenal",NA,NA
"11374",1154033,2021-11-07,"Everton","Tottenham",NA,"Everton","Tottenham"
"11375",1154034,2021-11-07,"Leeds","Leicester",NA,"Leeds","Leicester"
"11376",1154037,2021-11-07,"West Ham","Liverpool","West Ham",NA,NA
"11377",1154038,2021-11-20,"Aston Villa","Brighton","Aston Villa",NA,NA
"11378",1154039,2021-11-20,"Burnley","Crystal Palace",NA,"Burnley","Crystal Palace"
"11379",1154040,2021-11-20,"Leicester","Chelsea","Chelsea",NA,NA
"11380",1154041,2021-11-20,"Liverpool","Arsenal","Liverpool",NA,NA
"11381",1154043,2021-11-20,"Newcastle","Brentford",NA,"Newcastle","Brentford"
"11382",1154044,2021-11-20,"Norwich","Southampton","Norwich",NA,NA
"11383",1154046,2021-11-20,"Watford","Manchester United","Watford",NA,NA
"11384",1154047,2021-11-20,"Wolves","West Ham","Wolves",NA,NA
"11385",1154042,2021-11-21,"Manchester City","Everton","Manchester City",NA,NA
"11386",1154045,2021-11-21,"Tottenham","Leeds","Tottenham",NA,NA
"11387",1154048,2021-11-27,"Arsenal","Newcastle","Arsenal",NA,NA
"11388",1154050,2021-11-27,"Brighton","Leeds",NA,"Brighton","Leeds"
"11389",1154053,2021-11-27,"Crystal Palace","Aston Villa","Aston Villa",NA,NA
"11390",1154055,2021-11-27,"Liverpool","Southampton","Liverpool",NA,NA
"11391",1154057,2021-11-27,"Norwich","Wolves",NA,"Norwich","Wolves"
"11392",1154049,2021-11-28,"Brentford","Everton","Brentford",NA,NA
"11393",1154052,2021-11-28,"Chelsea","Manchester United",NA,"Chelsea","Manchester United"
"11394",1154054,2021-11-28,"Leicester","Watford","Leicester",NA,NA
"11395",1154056,2021-11-28,"Manchester City","West Ham","Manchester City",NA,NA
"11396",1154060,2021-11-30,"Leeds","Crystal Palace","Leeds",NA,NA
"11397",1154065,2021-11-30,"Newcastle","Norwich",NA,"Newcastle","Norwich"
"11398",1154058,2021-12-01,"Aston Villa","Manchester City","Manchester City",NA,NA
"11399",1154059,2021-12-01,"Everton","Liverpool","Liverpool",NA,NA
"11400",1154061,2021-12-01,"Watford","Chelsea","Chelsea",NA,NA
"11401",1154062,2021-12-01,"West Ham","Brighton",NA,"West Ham","Brighton"
"11402",1154063,2021-12-01,"Wolves","Burnley",NA,"Wolves","Burnley"
"11403",1154066,2021-12-01,"Southampton","Leicester",NA,"Southampton","Leicester"
"11404",1154064,2021-12-02,"Manchester United","Arsenal","Manchester United",NA,NA
"11405",1154067,2021-12-02,"Tottenham","Brentford","Tottenham",NA,NA
"11406",1154072,2021-12-04,"Newcastle","Burnley","Newcastle",NA,NA
"11407",1154073,2021-12-04,"Southampton","Brighton",NA,"Southampton","Brighton"
"11408",1154075,2021-12-04,"Watford","Manchester City","Manchester City",NA,NA
"11409",1154076,2021-12-04,"West Ham","Chelsea","West Ham",NA,NA
"11410",1154077,2021-12-04,"Wolves","Liverpool","Liverpool",NA,NA
"11411",1154068,2021-12-05,"Aston Villa","Leicester","Aston Villa",NA,NA
"11412",1154070,2021-12-05,"Leeds","Brentford",NA,"Leeds","Brentford"
"11413",1154071,2021-12-05,"Manchester United","Crystal Palace","Manchester United",NA,NA
"11414",1154074,2021-12-05,"Tottenham","Norwich","Tottenham",NA,NA
"11415",1154069,2021-12-06,"Everton","Arsenal","Everton",NA,NA
"11416",1154079,2021-12-10,"Brentford","Watford","Brentford",NA,NA
"11417",1154078,2021-12-11,"Arsenal","Southampton","Arsenal",NA,NA
"11418",1154082,2021-12-11,"Chelsea","Leeds","Chelsea",NA,NA
"11419",1154085,2021-12-11,"Liverpool","Aston Villa","Liverpool",NA,NA
"11420",1154086,2021-12-11,"Manchester City","Wolves","Manchester City",NA,NA
"11421",1154087,2021-12-11,"Norwich","Manchester United","Manchester United",NA,NA
"11422",1154081,2021-12-12,"Burnley","West Ham",NA,"Burnley","West Ham"
"11423",1154083,2021-12-12,"Crystal Palace","Everton","Crystal Palace",NA,NA
"11424",1154084,2021-12-12,"Leicester","Newcastle","Leicester",NA,NA
"11425",1154093,2021-12-14,"Norwich","Aston Villa","Aston Villa",NA,NA
"11426",1154097,2021-12-14,"Manchester City","Leeds","Manchester City",NA,NA
"11427",1154088,2021-12-15,"Arsenal","West Ham","Arsenal",NA,NA
"11428",1154090,2021-12-15,"Brighton","Wolves","Wolves",NA,NA
"11429",1154094,2021-12-15,"Crystal Palace","Southampton",NA,"Crystal Palace","Southampton"
"11430",1154095,2021-12-16,"Chelsea","Everton",NA,"Chelsea","Everton"
"11431",1154096,2021-12-16,"Liverpool","Newcastle","Liverpool",NA,NA
"11432",1154100,2021-12-18,"Leeds","Arsenal","Arsenal",NA,NA
"11433",1154102,2021-12-19,"Newcastle","Manchester City","Manchester City",NA,NA
"11434",1154104,2021-12-19,"Tottenham","Liverpool",NA,"Tottenham","Liverpool"
"11435",1154107,2021-12-19,"Wolves","Chelsea",NA,"Wolves","Chelsea"
"11436",1154108,2021-12-26,"Aston Villa","Chelsea","Chelsea",NA,NA
"11437",1154109,2021-12-26,"Brighton","Brentford","Brighton",NA,NA
"11438",1154112,2021-12-26,"Manchester City","Leicester","Manchester City",NA,NA
"11439",1154114,2021-12-26,"Norwich","Arsenal","Arsenal",NA,NA
"11440",1154115,2021-12-26,"Tottenham","Crystal Palace","Tottenham",NA,NA
"11441",1154116,2021-12-26,"West Ham","Southampton","Southampton",NA,NA
"11442",1154113,2021-12-27,"Newcastle","Manchester United",NA,"Newcastle","Manchester United"
"11443",1154121,2021-12-28,"Crystal Palace","Norwich","Crystal Palace",NA,NA
"11444",1154124,2021-12-28,"Leicester","Liverpool","Leicester",NA,NA
"11445",1154126,2021-12-28,"Southampton","Tottenham",NA,"Southampton","Tottenham"
"11446",1154127,2021-12-28,"Watford","West Ham","West Ham",NA,NA
"11447",1154119,2021-12-29,"Brentford","Manchester City","Manchester City",NA,NA
"11448",1154120,2021-12-29,"Chelsea","Brighton",NA,"Chelsea","Brighton"
"11449",1154125,2021-12-30,"Manchester United","Burnley","Manchester United",NA,NA
"11450",1154128,2022-01-01,"Arsenal","Manchester City","Manchester City",NA,NA
"11451",1154131,2022-01-01,"Crystal Palace","West Ham","West Ham",NA,NA
"11452",1154137,2022-01-01,"Watford","Tottenham","Tottenham",NA,NA
"11453",1154129,2022-01-02,"Brentford","Aston Villa","Brentford",NA,NA
"11454",1154130,2022-01-02,"Chelsea","Liverpool",NA,"Chelsea","Liverpool"
"11455",1154132,2022-01-02,"Everton","Brighton","Brighton",NA,NA
"11456",1154133,2022-01-02,"Leeds","Burnley","Leeds",NA,NA
"11457",1154135,2022-01-03,"Manchester United","Wolves","Wolves",NA,NA
"11458",1154103,2022-01-11,"Southampton","Brentford","Southampton",NA,NA
"11459",1154106,2022-01-12,"West Ham","Norwich","West Ham",NA,NA
"11460",1154139,2022-01-14,"Brighton","Crystal Palace",NA,"Brighton","Crystal Palace"
"11461",1154138,2022-01-15,"Aston Villa","Manchester United",NA,"Aston Villa","Manchester United"
"11462",1154142,2022-01-15,"Manchester City","Chelsea","Manchester City",NA,NA
"11463",1154143,2022-01-15,"Newcastle","Watford",NA,"Newcastle","Watford"
"11464",1154144,2022-01-15,"Norwich","Everton","Norwich",NA,NA
"11465",1154147,2022-01-15,"Wolves","Southampton","Wolves",NA,NA
"11466",1154141,2022-01-16,"Liverpool","Brentford","Liverpool",NA,NA
"11467",1154146,2022-01-16,"West Ham","Leeds","Leeds",NA,NA
"11468",1154159,2022-01-18,"Brighton","Chelsea",NA,"Brighton","Chelsea"
"11469",1154089,2022-01-19,"Brentford","Manchester United","Manchester United",NA,NA
"11470",1154092,2022-01-19,"Leicester","Tottenham","Tottenham",NA,NA
"11471",1154157,2022-01-21,"Watford","Norwich","Norwich",NA,NA
"11472",1154149,2022-01-22,"Brentford","Wolves","Wolves",NA,NA
"11473",1154152,2022-01-22,"Everton","Aston Villa","Aston Villa",NA,NA
"11474",1154153,2022-01-22,"Leeds","Newcastle","Newcastle",NA,NA
"11475",1154155,2022-01-22,"Manchester United","West Ham","Manchester United",NA,NA
"11476",1154156,2022-01-22,"Southampton","Manchester City",NA,"Southampton","Manchester City"
"11477",1154148,2022-01-23,"Arsenal","Burnley",NA,"Arsenal","Burnley"
"11478",1154150,2022-01-23,"Chelsea","Tottenham","Chelsea",NA,NA
"11479",1154151,2022-01-23,"Crystal Palace","Liverpool","Liverpool",NA,NA
"11480",1154154,2022-01-23,"Leicester","Brighton",NA,"Leicester","Brighton"
"11481",1154091,2022-02-05,"Burnley","Watford",NA,"Burnley","Watford"
"11482",1154160,2022-02-08,"Burnley","Manchester United",NA,"Burnley","Manchester United"
"11483",1154162,2022-02-08,"West Ham","Watford","West Ham",NA,NA
"11484",1154164,2022-02-08,"Newcastle","Everton","Newcastle",NA,NA
"11485",1154158,2022-02-09,"Aston Villa","Leeds",NA,"Aston Villa","Leeds"
"11486",1154161,2022-02-09,"Norwich","Crystal Palace",NA,"Norwich","Crystal Palace"
"11487",1154165,2022-02-09,"Tottenham","Southampton","Southampton",NA,NA
"11488",1154167,2022-02-09,"Manchester City","Brentford","Manchester City",NA,NA
"11489",1154163,2022-02-10,"Wolves","Arsenal","Arsenal",NA,NA
"11490",1154166,2022-02-10,"Liverpool","Leicester","Liverpool",NA,NA
"11491",1154168,2022-02-12,"Brentford","Crystal Palace",NA,"Brentford","Crystal Palace"
"11492",1154171,2022-02-12,"Everton","Leeds","Everton",NA,NA
"11493",1154173,2022-02-12,"Manchester United","Southampton",NA,"Manchester United","Southampton"
"11494",1154175,2022-02-12,"Norwich","Manchester City","Manchester City",NA,NA
"11495",1154177,2022-02-12,"Watford","Brighton","Brighton",NA,NA
"11496",1154169,2022-02-13,"Burnley","Liverpool","Liverpool",NA,NA
"11497",1154172,2022-02-13,"Leicester","West Ham",NA,"Leicester","West Ham"
"11498",1154174,2022-02-13,"Newcastle","Aston Villa","Newcastle",NA,NA
"11499",1154176,2022-02-13,"Tottenham","Wolves","Wolves",NA,NA
"11500",1154101,2022-02-15,"Manchester United","Brighton","Manchester United",NA,NA
"11501",1154178,2022-02-19,"Arsenal","Brentford","Arsenal",NA,NA
"11502",1154179,2022-02-19,"Aston Villa","Watford","Watford",NA,NA
"11503",1154180,2022-02-19,"Brighton","Burnley","Burnley",NA,NA
"11504",1154181,2022-02-19,"Crystal Palace","Chelsea","Chelsea",NA,NA
"11505",1154183,2022-02-19,"Liverpool","Norwich","Liverpool",NA,NA
"11506",1154184,2022-02-19,"Manchester City","Tottenham","Tottenham",NA,NA
"11507",1154185,2022-02-19,"Southampton","Everton","Southampton",NA,NA
"11508",1154186,2022-02-19,"West Ham","Newcastle",NA,"West Ham","Newcastle"
"11509",1154182,2022-02-20,"Leeds","Manchester United","Manchester United",NA,NA
"11510",1154187,2022-02-20,"Wolves","Leicester","Wolves",NA,NA
"11511",1154051,2022-02-23,"Burnley","Tottenham","Burnley",NA,NA
"11512",1154105,2022-02-23,"Watford","Crystal Palace","Crystal Palace",NA,NA
"11513",1154111,2022-02-23,"Liverpool","Leeds","Liverpool",NA,NA
"11514",1154118,2022-02-24,"Arsenal","Wolves","Arsenal",NA,NA
"11515",1154196,2022-02-25,"Southampton","Norwich","Southampton",NA,NA
"11516",1154189,2022-02-26,"Brentford","Newcastle","Newcastle",NA,NA
"11517",1154190,2022-02-26,"Brighton","Aston Villa","Aston Villa",NA,NA
"11518",1154192,2022-02-26,"Crystal Palace","Burnley",NA,"Crystal Palace","Burnley"
"11519",1154193,2022-02-26,"Everton","Manchester City","Manchester City",NA,NA
"11520",1154194,2022-02-26,"Leeds","Tottenham","Tottenham",NA,NA
"11521",1154195,2022-02-26,"Manchester United","Watford",NA,"Manchester United","Watford"
"11522",1154197,2022-02-27,"West Ham","Wolves","West Ham",NA,NA
"11523",1154140,2022-03-01,"Burnley","Leicester","Leicester",NA,NA
"11524",1154198,2022-03-05,"Aston Villa","Southampton","Aston Villa",NA,NA
"11525",1154199,2022-03-05,"Burnley","Chelsea","Chelsea",NA,NA
"11526",1154200,2022-03-05,"Leicester","Leeds","Leicester",NA,NA
"11527",1154201,2022-03-05,"Liverpool","West Ham","Liverpool",NA,NA
"11528",1154203,2022-03-05,"Newcastle","Brighton","Newcastle",NA,NA
"11529",1154204,2022-03-05,"Norwich","Brentford","Brentford",NA,NA
"11530",1154207,2022-03-05,"Wolves","Crystal Palace","Crystal Palace",NA,NA
"11531",1154202,2022-03-06,"Manchester City","Manchester United","Manchester City",NA,NA
"11532",1154206,2022-03-06,"Watford","Arsenal","Arsenal",NA,NA
"11533",1154205,2022-03-07,"Tottenham","Everton","Tottenham",NA,NA
"11534",1154117,2022-03-10,"Wolves","Watford","Wolves",NA,NA
"11535",1154123,2022-03-10,"Leeds","Aston Villa","Aston Villa",NA,NA
"11536",1154136,2022-03-10,"Southampton","Newcastle","Newcastle",NA,NA
"11537",1154224,2022-03-10,"Norwich","Chelsea","Chelsea",NA,NA
"11538",1154209,2022-03-12,"Brentford","Burnley","Brentford",NA,NA
"11539",1154210,2022-03-12,"Brighton","Liverpool","Liverpool",NA,NA
"11540",1154215,2022-03-12,"Manchester United","Tottenham","Manchester United",NA,NA
"11541",1154208,2022-03-13,"Arsenal","Leicester","Arsenal",NA,NA
"11542",1154211,2022-03-13,"Chelsea","Newcastle","Chelsea",NA,NA
"11543",1154213,2022-03-13,"Everton","Wolves","Wolves",NA,NA
"11544",1154214,2022-03-13,"Leeds","Norwich","Leeds",NA,NA
"11545",1154216,2022-03-13,"Southampton","Watford","Watford",NA,NA
"11546",1154217,2022-03-13,"West Ham","Aston Villa","West Ham",NA,NA
"11547",1154212,2022-03-14,"Crystal Palace","Manchester City",NA,"Crystal Palace","Manchester City"
"11548",1154080,2022-03-16,"Brighton","Tottenham","Tottenham",NA,NA
"11549",1154188,2022-03-16,"Arsenal","Liverpool","Liverpool",NA,NA
"11550",1154122,2022-03-17,"Everton","Newcastle","Everton",NA,NA
"11551",1154227,2022-03-18,"Wolves","Leeds","Leeds",NA,NA
"11552",1154218,2022-03-19,"Aston Villa","Arsenal","Arsenal",NA,NA
"11553",1154220,2022-03-20,"Leicester","Brentford","Leicester",NA,NA
"11554",1154225,2022-03-20,"Tottenham","West Ham","Tottenham",NA,NA
"11555",1154228,2022-04-02,"Brighton","Norwich",NA,"Brighton","Norwich"
"11556",1154229,2022-04-02,"Burnley","Manchester City","Manchester City",NA,NA
"11557",1154230,2022-04-02,"Chelsea","Brentford","Brentford",NA,NA
"11558",1154232,2022-04-02,"Leeds","Southampton",NA,"Leeds","Southampton"
"11559",1154233,2022-04-02,"Liverpool","Watford","Liverpool",NA,NA
"11560",1154234,2022-04-02,"Manchester United","Leicester",NA,"Manchester United","Leicester"
"11561",1154237,2022-04-02,"Wolves","Aston Villa","Wolves",NA,NA
"11562",1154235,2022-04-03,"Tottenham","Newcastle","Tottenham",NA,NA
"11563",1154236,2022-04-03,"West Ham","Everton","West Ham",NA,NA
"11564",1154231,2022-04-04,"Crystal Palace","Arsenal","Crystal Palace",NA,NA
"11565",1154110,2022-04-06,"Burnley","Everton","Burnley",NA,NA
"11566",1154244,2022-04-08,"Newcastle","Wolves","Newcastle",NA,NA
"11567",1154238,2022-04-09,"Arsenal","Brighton","Brighton",NA,NA
"11568",1154239,2022-04-09,"Aston Villa","Tottenham","Tottenham",NA,NA
"11569",1154241,2022-04-09,"Everton","Manchester United","Everton",NA,NA
"11570",1154246,2022-04-09,"Southampton","Chelsea","Chelsea",NA,NA
"11571",1154247,2022-04-09,"Watford","Leeds","Leeds",NA,NA
"11572",1154240,2022-04-10,"Brentford","West Ham","Brentford",NA,NA
"11573",1154242,2022-04-10,"Leicester","Crystal Palace","Leicester",NA,NA
"11574",1154243,2022-04-10,"Manchester City","Liverpool",NA,"Manchester City","Liverpool"
"11575",1154245,2022-04-10,"Norwich","Burnley","Norwich",NA,NA
"11576",1154251,2022-04-16,"Manchester United","Norwich","Manchester United",NA,NA
"11577",1154253,2022-04-16,"Southampton","Arsenal","Southampton",NA,NA
"11578",1154254,2022-04-16,"Tottenham","Brighton","Brighton",NA,NA
"11579",1154255,2022-04-16,"Watford","Brentford","Brentford",NA,NA
"11580",1154252,2022-04-17,"Newcastle","Leicester","Newcastle",NA,NA
"11581",1154256,2022-04-17,"West Ham","Burnley",NA,"West Ham","Burnley"
"11582",1154221,2022-04-19,"Liverpool","Manchester United","Liverpool",NA,NA
"11583",1154099,2022-04-20,"Everton","Leicester",NA,"Everton","Leicester"
"11584",1154170,2022-04-20,"Chelsea","Arsenal","Arsenal",NA,NA
"11585",1154222,2022-04-20,"Manchester City","Brighton","Manchester City",NA,NA
"11586",1154223,2022-04-20,"Newcastle","Crystal Palace","Newcastle",NA,NA
"11587",1154219,2022-04-21,"Burnley","Southampton","Burnley",NA,NA
"11588",1154258,2022-04-23,"Arsenal","Manchester United","Arsenal",NA,NA
"11589",1154259,2022-04-23,"Brentford","Tottenham",NA,"Brentford","Tottenham"
"11590",1154264,2022-04-23,"Leicester","Aston Villa",NA,"Leicester","Aston Villa"
"11591",1154266,2022-04-23,"Manchester City","Watford","Manchester City",NA,NA
"11592",1154267,2022-04-23,"Norwich","Newcastle","Newcastle",NA,NA
"11593",1154260,2022-04-24,"Brighton","Southampton",NA,"Brighton","Southampton"
"11594",1154261,2022-04-24,"Burnley","Wolves","Burnley",NA,NA
"11595",1154262,2022-04-24,"Chelsea","West Ham","Chelsea",NA,NA
"11596",1154265,2022-04-24,"Liverpool","Everton","Liverpool",NA,NA
"11597",1154263,2022-04-25,"Crystal Palace","Leeds",NA,"Crystal Palace","Leeds"
"11598",1154291,2022-04-28,"Manchester United","Chelsea",NA,"Manchester United","Chelsea"
"11599",1154268,2022-04-30,"Aston Villa","Norwich","Aston Villa",NA,NA
"11600",1154270,2022-04-30,"Leeds","Manchester City","Manchester City",NA,NA
"11601",1154272,2022-04-30,"Newcastle","Liverpool","Liverpool",NA,NA
"11602",1154273,2022-04-30,"Southampton","Crystal Palace","Crystal Palace",NA,NA
"11603",1154275,2022-04-30,"Watford","Burnley","Burnley",NA,NA
"11604",1154277,2022-04-30,"Wolves","Brighton","Brighton",NA,NA
"11605",1154269,2022-05-01,"Everton","Chelsea","Everton",NA,NA
"11606",1154274,2022-05-01,"Tottenham","Leicester","Tottenham",NA,NA
"11607",1154276,2022-05-01,"West Ham","Arsenal","Arsenal",NA,NA
"11608",1154271,2022-05-02,"Manchester United","Brentford","Manchester United",NA,NA
"11609",1154279,2022-05-07,"Brentford","Southampton","Brentford",NA,NA
"11610",1154280,2022-05-07,"Brighton","Manchester United","Brighton",NA,NA
"11611",1154281,2022-05-07,"Burnley","Aston Villa","Aston Villa",NA,NA
"11612",1154282,2022-05-07,"Chelsea","Wolves",NA,"Chelsea","Wolves"
"11613",1154283,2022-05-07,"Crystal Palace","Watford","Crystal Palace",NA,NA
"11614",1154285,2022-05-07,"Liverpool","Tottenham",NA,"Liverpool","Tottenham"
"11615",1154278,2022-05-08,"Arsenal","Leeds","Arsenal",NA,NA
"11616",1154284,2022-05-08,"Leicester","Everton","Everton",NA,NA
"11617",1154286,2022-05-08,"Manchester City","Newcastle","Manchester City",NA,NA
"11618",1154287,2022-05-08,"Norwich","West Ham","West Ham",NA,NA
"11619",1154248,2022-05-10,"Aston Villa","Liverpool","Liverpool",NA,NA
"11620",1154134,2022-05-11,"Leicester","Norwich","Leicester",NA,NA
"11621",1154226,2022-05-11,"Watford","Everton",NA,"Watford","Everton"
"11622",1154250,2022-05-11,"Leeds","Chelsea","Chelsea",NA,NA
"11623",1154257,2022-05-11,"Wolves","Manchester City","Manchester City",NA,NA
"11624",1154145,2022-05-12,"Tottenham","Arsenal","Tottenham",NA,NA
"11625",1154288,2022-05-15,"Aston Villa","Crystal Palace",NA,"Aston Villa","Crystal Palace"
"11626",1154289,2022-05-15,"Everton","Brentford","Brentford",NA,NA
"11627",1154290,2022-05-15,"Leeds","Brighton",NA,"Leeds","Brighton"
"11628",1154294,2022-05-15,"Tottenham","Burnley","Tottenham",NA,NA
"11629",1154295,2022-05-15,"Watford","Leicester","Leicester",NA,NA
"11630",1154296,2022-05-15,"West Ham","Manchester City",NA,"West Ham","Manchester City"
"11631",1154297,2022-05-15,"Wolves","Norwich",NA,"Wolves","Norwich"
"11632",1154292,2022-05-16,"Newcastle","Arsenal","Newcastle",NA,NA
"11633",1154293,2022-05-17,"Southampton","Liverpool","Liverpool",NA,NA
"11634",1154098,2022-05-19,"Aston Villa","Burnley",NA,"Aston Villa","Burnley"
"11635",1154191,2022-05-19,"Chelsea","Leicester",NA,"Chelsea","Leicester"
"11636",1154249,2022-05-19,"Everton","Crystal Palace","Everton",NA,NA
"11637",1154298,2022-05-22,"Arsenal","Everton","Arsenal",NA,NA
"11638",1154299,2022-05-22,"Brentford","Leeds","Leeds",NA,NA
"11639",1154300,2022-05-22,"Brighton","West Ham","Brighton",NA,NA
"11640",1154301,2022-05-22,"Burnley","Newcastle","Newcastle",NA,NA
"11641",1154302,2022-05-22,"Chelsea","Watford","Chelsea",NA,NA
"11642",1154303,2022-05-22,"Crystal Palace","Manchester United","Crystal Palace",NA,NA
"11643",1154304,2022-05-22,"Leicester","Southampton","Leicester",NA,NA
"11644",1154305,2022-05-22,"Liverpool","Wolves","Liverpool",NA,NA
"11645",1154306,2022-05-22,"Manchester City","Aston Villa","Manchester City",NA,NA
"11646",1154307,2022-05-22,"Norwich","Tottenham","Tottenham",NA,NA
